Position,Starting Grid,kaggle_driver_id,raceId,finished,dnf,laps_down,time_gap_sec,year,Team,Track,rain,sunny,quali_position,participated_q2,participated_q3,q1_time_sec,q2_time_sec,q3_time_sec
1,2.0,822,1010,1.0,0.0,0.0,0.0,2019,Mercedes,Australia,0,1,2.0,1.0,1.0,82.367,81.193,80.598
2,1.0,1,1010,1.0,0.0,0.0,20.886,2019,Mercedes,Australia,0,1,1.0,1.0,1.0,82.043,81.014,80.486
3,4.0,830,1010,1.0,0.0,0.0,22.52,2019,Red Bull Racing,Australia,0,1,4.0,1.0,1.0,82.876,81.678,81.32
4,3.0,20,1010,1.0,0.0,0.0,57.109,2019,Ferrari,Australia,0,1,3.0,1.0,1.0,82.885,81.912,81.19
5,5.0,844,1010,1.0,0.0,0.0,58.23,2019,Ferrari,Australia,0,1,5.0,1.0,1.0,82.017,81.739,81.44200000000001
6,7.0,825,1010,1.0,0.0,0.0,87.156,2019,Haas,Australia,0,1,7.0,1.0,1.0,82.519,82.221,82.099
7,11.0,807,1010,1.0,0.0,1.0,,2019,Renault,Australia,0,1,11.0,1.0,0.0,82.53999999999999,82.562,
8,9.0,8,1010,1.0,0.0,1.0,,2019,Alfa Romeo,Australia,0,1,9.0,1.0,1.0,82.96600000000001,82.349,82.314
9,16.0,840,1010,1.0,0.0,1.0,,2019,Racing Point,Australia,0,1,16.0,0.0,0.0,83.017,,
10,15.0,826,1010,1.0,0.0,1.0,,2019,Toro Rosso,Australia,0,1,15.0,1.0,0.0,82.511,82.774,
11,17.0,842,1010,1.0,0.0,1.0,,2019,Toro Rosso,Australia,0,1,17.0,0.0,0.0,83.02,,
12,8.0,846,1010,1.0,0.0,1.0,,2019,McLaren,Australia,0,1,8.0,1.0,1.0,82.702,82.423,82.304
13,10.0,815,1010,1.0,0.0,1.0,,2019,Racing Point,Australia,0,1,10.0,1.0,1.0,82.908,82.532,82.781
14,13.0,848,1010,1.0,0.0,1.0,,2019,Red Bull Racing,Australia,0,1,13.0,1.0,0.0,82.757,82.636,
15,14.0,841,1010,1.0,0.0,1.0,,2019,Alfa Romeo,Australia,0,1,14.0,1.0,0.0,82.431,82.714,
16,19.0,847,1010,1.0,0.0,2.0,,2019,Williams,Australia,0,1,19.0,0.0,0.0,84.36,,
17,20.0,9,1010,1.0,0.0,3.0,,2019,Williams,Australia,0,1,20.0,0.0,0.0,86.06700000000001,,
NC,6.0,154,1010,0.0,1.0,,,2019,Haas,Australia,0,1,6.0,1.0,1.0,82.959,81.87,81.826
NC,12.0,817,1010,0.0,1.0,,,2019,Renault,Australia,0,1,12.0,1.0,0.0,82.92099999999999,82.57,
NC,18.0,832,1010,0.0,1.0,,,2019,McLaren,Australia,0,1,18.0,0.0,0.0,83.084,,
1,3.0,1,1011,1.0,0.0,0.0,0.0,2019,Mercedes,Bahrain,0,1,3.0,1.0,1.0,89.262,88.578,88.19
2,4.0,822,1011,1.0,0.0,0.0,2.98,2019,Mercedes,Bahrain,0,1,4.0,1.0,1.0,89.498,88.83,88.256
3,1.0,844,1011,1.0,0.0,0.0,6.131,2019,Ferrari,Bahrain,0,1,1.0,1.0,1.0,88.495,88.04599999999999,87.866
4,5.0,830,1011,1.0,0.0,0.0,6.408,2019,Red Bull Racing,Bahrain,0,1,5.0,1.0,1.0,89.57900000000001,89.10900000000001,88.752
5,2.0,20,1011,1.0,0.0,0.0,36.068,2019,Ferrari,Bahrain,0,1,2.0,1.0,1.0,88.733,88.356,88.16
6,9.0,846,1011,1.0,0.0,0.0,45.754,2019,McLaren,Bahrain,0,1,10.0,1.0,1.0,89.381,89.258,89.043
7,8.0,8,1011,1.0,0.0,0.0,47.47,2019,Alfa Romeo,Bahrain,0,1,9.0,1.0,1.0,89.959,89.471,89.02199999999999
8,13.0,842,1011,1.0,0.0,0.0,58.094,2019,Toro Rosso,Bahrain,0,1,13.0,1.0,0.0,89.9,89.526,
9,12.0,848,1011,1.0,0.0,0.0,62.697,2019,Red Bull Racing,Bahrain,0,1,12.0,1.0,0.0,89.514,89.513,
10,14.0,815,1011,1.0,0.0,0.0,63.696,2019,Racing Point,Bahrain,0,1,14.0,1.0,0.0,89.893,89.756,
11,16.0,841,1011,1.0,0.0,0.0,64.599,2019,Alfa Romeo,Bahrain,0,1,16.0,0.0,0.0,90.026,,
12,15.0,826,1011,1.0,0.0,1.0,,2019,Toro Rosso,Bahrain,0,1,15.0,1.0,0.0,89.876,89.854,
13,6.0,825,1011,1.0,0.0,1.0,,2019,Haas,Bahrain,0,1,6.0,1.0,1.0,89.532,89.017,88.757
14,18.0,840,1011,1.0,0.0,1.0,,2019,Racing Point,Bahrain,0,1,18.0,0.0,0.0,90.217,,
15,19.0,847,1011,1.0,0.0,1.0,,2019,Williams,Bahrain,0,1,19.0,0.0,0.0,91.759,,
16,20.0,9,1011,1.0,0.0,2.0,,2019,Williams,Bahrain,0,1,20.0,0.0,0.0,91.799,,
17,17.0,807,1011,0.0,1.0,,,2019,Renault,Bahrain,0,1,17.0,0.0,0.0,90.03399999999999,,
18,10.0,817,1011,0.0,1.0,,,2019,Renault,Bahrain,0,1,11.0,1.0,0.0,89.85900000000001,89.488,
19,7.0,832,1011,0.0,1.0,,,2019,McLaren,Bahrain,0,1,7.0,1.0,1.0,89.52799999999999,89.055,88.813
NC,11.0,154,1011,0.0,1.0,,,2019,Haas,Bahrain,0,1,8.0,1.0,1.0,89.688,89.249,89.015
1,2.0,1,1012,1.0,0.0,0.0,0.0,2019,Mercedes,China,0,1,2.0,1.0,1.0,93.115,91.637,91.57
2,1.0,822,1012,1.0,0.0,0.0,6.552,2019,Mercedes,China,0,1,1.0,1.0,1.0,92.658,91.728,91.547
3,3.0,20,1012,1.0,0.0,0.0,13.744,2019,Ferrari,China,0,1,3.0,1.0,1.0,93.557,92.232,91.848
4,5.0,830,1012,1.0,0.0,0.0,27.627,2019,Red Bull Racing,China,0,1,5.0,1.0,1.0,93.274,92.369,92.089
5,4.0,844,1012,1.0,0.0,0.0,31.276,2019,Ferrari,China,0,1,4.0,1.0,1.0,92.712,92.324,91.865
6,6.0,842,1012,1.0,0.0,0.0,89.307,2019,Toro Rosso,China,0,1,6.0,1.0,1.0,93.863,92.948,92.93
7,7.0,817,1012,1.0,0.0,1.0,,2019,Renault,China,0,1,7.0,1.0,1.0,93.709,93.214,92.958
8,12.0,815,1012,1.0,0.0,1.0,,2019,Racing Point,China,0,1,12.0,1.0,0.0,94.026,93.299,
9,13.0,8,1012,1.0,0.0,1.0,,2019,Alfa Romeo,China,0,1,13.0,1.0,0.0,94.125,93.419,
10,20.0,848,1012,1.0,0.0,1.0,,2019,Red Bull Racing,China,0,1,,,,,,
11,10.0,154,1012,1.0,0.0,1.0,,2019,Haas,China,0,1,10.0,1.0,0.0,93.752,93.156,
12,16.0,840,1012,1.0,0.0,1.0,,2019,Racing Point,China,0,1,16.0,0.0,0.0,94.292,,
13,9.0,825,1012,1.0,0.0,1.0,,2019,Haas,China,0,1,9.0,1.0,0.0,94.036,93.15,
14,14.0,832,1012,1.0,0.0,1.0,,2019,McLaren,China,0,1,14.0,1.0,0.0,93.686,93.523,
15,19.0,841,1012,1.0,0.0,1.0,,2019,Alfa Romeo,China,0,1,,,,,,
16,17.0,847,1012,1.0,0.0,2.0,,2019,Williams,China,0,1,17.0,0.0,0.0,95.253,,
17,18.0,9,1012,1.0,0.0,2.0,,2019,Williams,China,0,1,18.0,0.0,0.0,95.281,,
18,15.0,846,1012,0.0,1.0,,,2019,McLaren,China,0,1,15.0,1.0,0.0,94.148,93.967,
NC,11.0,826,1012,0.0,1.0,,,2019,Toro Rosso,China,0,1,11.0,1.0,0.0,93.783,93.236,
NC,8.0,807,1012,0.0,1.0,,,2019,Renault,China,0,1,8.0,1.0,1.0,93.644,93.968,92.962
1,1.0,822,1013,1.0,0.0,0.0,0.0,2019,Mercedes,Azerbaijan,0,1,1.0,1.0,1.0,102.026,101.5,100.495
2,2.0,1,1013,1.0,0.0,0.0,1.524,2019,Mercedes,Azerbaijan,0,1,2.0,1.0,1.0,101.614,101.58,100.554
3,3.0,20,1013,1.0,0.0,0.0,11.739,2019,Ferrari,Azerbaijan,0,1,3.0,1.0,1.0,102.042,101.889,100.797
4,4.0,830,1013,1.0,0.0,0.0,17.493,2019,Red Bull Racing,Azerbaijan,0,1,4.0,1.0,1.0,101.727,101.388,101.069
5,8.0,844,1013,1.0,0.0,0.0,69.107,2019,Ferrari,Azerbaijan,0,1,9.0,1.0,0.0,101.426,101.995,
6,5.0,815,1013,1.0,0.0,0.0,76.416,2019,Racing Point,Azerbaijan,0,1,5.0,1.0,1.0,102.249,101.87,101.593
7,9.0,832,1013,1.0,0.0,0.0,83.826,2019,McLaren,Azerbaijan,0,1,10.0,1.0,0.0,101.936,102.398,
8,7.0,846,1013,1.0,0.0,0.0,100.268,2019,McLaren,Azerbaijan,0,1,7.0,1.0,1.0,102.371,102.084,101.886
9,13.0,840,1013,1.0,0.0,0.0,103.816,2019,Racing Point,Azerbaijan,0,1,14.0,0.0,0.0,102.63,,
10,19.0,8,1013,1.0,0.0,1.0,,2019,Alfa Romeo,Azerbaijan,0,1,19.0,0.0,0.0,,,
11,11.0,848,1013,1.0,0.0,1.0,,2019,Red Bull Racing,Azerbaijan,0,1,12.0,1.0,0.0,102.154,102.494,
12,17.0,841,1013,1.0,0.0,1.0,,2019,Alfa Romeo,Azerbaijan,0,1,8.0,1.0,1.0,102.14,102.381,102.424
13,12.0,825,1013,1.0,0.0,1.0,,2019,Haas,Azerbaijan,0,1,13.0,1.0,0.0,102.382,102.699,
14,15.0,807,1013,1.0,0.0,1.0,,2019,Renault,Azerbaijan,0,1,16.0,0.0,0.0,103.427,,
15,16.0,847,1013,1.0,0.0,2.0,,2019,Williams,Azerbaijan,0,1,17.0,0.0,0.0,105.062,,
16,18.0,9,1013,1.0,0.0,2.0,,2019,Williams,Azerbaijan,0,1,18.0,0.0,0.0,105.455,,
NC,20.0,842,1013,0.0,1.0,,,2019,Toro Rosso,Azerbaijan,0,1,20.0,0.0,0.0,,,
NC,14.0,154,1013,0.0,1.0,,,2019,Haas,Azerbaijan,0,1,15.0,0.0,0.0,103.407,,
NC,6.0,826,1013,0.0,1.0,,,2019,Toro Rosso,Azerbaijan,0,1,6.0,1.0,1.0,102.324,102.221,101.681
NC,10.0,817,1013,0.0,1.0,,,2019,Renault,Azerbaijan,0,1,11.0,1.0,0.0,102.486,102.477,
1,2.0,1,1014,1.0,0.0,0.0,0.0,2019,Mercedes,Spain,0,1,2.0,1.0,1.0,77.292,76.038,76.03999999999999
2,1.0,822,1014,1.0,0.0,0.0,4.074,2019,Mercedes,Spain,0,1,1.0,1.0,1.0,76.979,75.924,75.406
3,4.0,830,1014,1.0,0.0,0.0,7.679,2019,Red Bull Racing,Spain,0,1,4.0,1.0,1.0,77.244,76.726,76.357
4,3.0,20,1014,1.0,0.0,0.0,9.167,2019,Ferrari,Spain,0,1,3.0,1.0,1.0,77.425,76.667,76.27199999999999
5,5.0,844,1014,1.0,0.0,0.0,13.361,2019,Ferrari,Spain,0,1,5.0,1.0,1.0,77.388,76.714,76.588
6,6.0,842,1014,1.0,0.0,0.0,19.576,2019,Toro Rosso,Spain,0,1,6.0,1.0,1.0,77.862,76.932,76.708
7,8.0,825,1014,1.0,0.0,0.0,28.159,2019,Haas,Spain,0,1,8.0,1.0,1.0,77.669,77.27199999999999,76.922
8,12.0,832,1014,1.0,0.0,0.0,32.342,2019,McLaren,Spain,0,1,13.0,1.0,0.0,77.76,77.599,
9,9.0,826,1014,1.0,0.0,0.0,33.056,2019,Toro Rosso,Spain,0,1,9.0,1.0,1.0,77.914,77.243,77.57300000000001
10,7.0,154,1014,1.0,0.0,0.0,34.641,2019,Haas,Spain,0,1,7.0,1.0,1.0,78.042,77.066,76.911
11,11.0,848,1014,1.0,0.0,0.0,35.445,2019,Red Bull Racing,Spain,0,1,12.0,1.0,0.0,77.79599999999999,77.445,
12,13.0,817,1014,1.0,0.0,0.0,36.758,2019,Renault,Spain,0,1,10.0,1.0,1.0,78.385,77.299,78.106
13,20.0,807,1014,1.0,0.0,0.0,39.241,2019,Renault,Spain,0,1,16.0,0.0,0.0,78.404,,
14,14.0,8,1014,1.0,0.0,0.0,41.803,2019,Alfa Romeo,Spain,0,1,14.0,1.0,0.0,78.132,77.788,
15,15.0,815,1014,1.0,0.0,0.0,46.877,2019,Racing Point,Spain,0,1,15.0,1.0,0.0,78.286,77.886,
16,18.0,841,1014,1.0,0.0,0.0,47.691,2019,Alfa Romeo,Spain,0,1,18.0,0.0,0.0,78.664,,
17,19.0,847,1014,1.0,0.0,1.0,,2019,Williams,Spain,0,1,19.0,0.0,0.0,79.072,,
18,17.0,9,1014,1.0,0.0,1.0,,2019,Williams,Spain,0,1,20.0,0.0,0.0,80.254,,
NC,16.0,840,1014,0.0,1.0,,,2019,Racing Point,Spain,0,1,17.0,0.0,0.0,78.471,,
NC,10.0,846,1014,0.0,1.0,,,2019,McLaren,Spain,0,1,11.0,1.0,0.0,77.611,77.338,
1,1.0,1,1015,1.0,0.0,0.0,0.0,2019,Mercedes,Monaco,1,0,1.0,1.0,1.0,71.542,70.83500000000001,70.166
2,4.0,20,1015,1.0,0.0,0.0,2.602,2019,Ferrari,Monaco,1,0,4.0,1.0,1.0,71.434,71.227,70.947
3,2.0,822,1015,1.0,0.0,0.0,3.162,2019,Mercedes,Monaco,1,0,2.0,1.0,1.0,71.562,70.701,70.252
4,3.0,830,1015,1.0,0.0,0.0,5.537,2019,Red Bull Racing,Monaco,1,0,3.0,1.0,1.0,71.597,70.618,70.641
5,8.0,842,1015,1.0,0.0,0.0,9.946,2019,Toro Rosso,Monaco,1,0,5.0,1.0,1.0,71.74,71.457,71.041
6,9.0,832,1015,1.0,0.0,0.0,53.454,2019,McLaren,Monaco,1,0,9.0,1.0,1.0,71.872,71.608,71.417
7,7.0,826,1015,1.0,0.0,0.0,54.574,2019,Toro Rosso,Monaco,1,0,8.0,1.0,1.0,71.602,71.412,71.271
8,10.0,848,1015,1.0,0.0,0.0,55.2,2019,Red Bull Racing,Monaco,1,0,10.0,1.0,1.0,72.007,71.429,71.653
9,6.0,817,1015,1.0,0.0,0.0,60.894,2019,Renault,Monaco,1,0,7.0,1.0,1.0,71.767,71.543,71.218
10,13.0,154,1015,1.0,0.0,0.0,61.034,2019,Haas,Monaco,1,0,13.0,1.0,0.0,71.837,72.027,
11,12.0,846,1015,1.0,0.0,0.0,66.801,2019,McLaren,Monaco,1,0,12.0,1.0,0.0,71.845,71.724,
12,16.0,815,1015,1.0,0.0,1.0,,2019,Racing Point,Monaco,1,0,17.0,0.0,0.0,72.233,,
13,11.0,807,1015,1.0,0.0,1.0,,2019,Renault,Monaco,1,0,11.0,1.0,0.0,72.097,71.67,
14,5.0,825,1015,1.0,0.0,1.0,,2019,Haas,Monaco,1,0,6.0,1.0,1.0,71.865,71.363,71.109
15,19.0,847,1015,1.0,0.0,1.0,,2019,Williams,Monaco,1,0,19.0,0.0,0.0,73.477,,
16,17.0,840,1015,1.0,0.0,1.0,,2019,Racing Point,Monaco,1,0,18.0,0.0,0.0,72.846,,
17,14.0,8,1015,1.0,0.0,1.0,,2019,Alfa Romeo,Monaco,1,0,14.0,1.0,0.0,71.993,72.115,
18,20.0,9,1015,1.0,0.0,1.0,,2019,Williams,Monaco,1,0,20.0,0.0,0.0,73.751,,
19,18.0,841,1015,1.0,0.0,2.0,,2019,Alfa Romeo,Monaco,1,0,15.0,1.0,0.0,71.976,72.185,
NC,15.0,844,1015,0.0,1.0,,,2019,Ferrari,Monaco,1,0,16.0,0.0,0.0,72.149,,
1,2.0,1,1016,1.0,0.0,0.0,0.0,2019,Mercedes,Canada,0,1,2.0,1.0,1.0,71.518,71.01,70.446
2,1.0,20,1016,1.0,0.0,0.0,3.658,2019,Ferrari,Canada,0,1,1.0,1.0,1.0,71.2,71.142,70.24
3,3.0,844,1016,1.0,0.0,0.0,4.696,2019,Ferrari,Canada,0,1,3.0,1.0,1.0,71.214,71.205,70.92
4,6.0,822,1016,1.0,0.0,0.0,51.043,2019,Mercedes,Canada,0,1,6.0,1.0,1.0,71.229,71.095,71.101
5,9.0,830,1016,1.0,0.0,0.0,57.655,2019,Red Bull Racing,Canada,0,1,11.0,1.0,0.0,71.619,71.8,
6,4.0,817,1016,1.0,0.0,1.0,,2019,Renault,Canada,0,1,4.0,1.0,1.0,71.837,71.532,71.071
7,7.0,807,1016,1.0,0.0,1.0,,2019,Renault,Canada,0,1,7.0,1.0,1.0,71.72,71.553,71.324
8,5.0,842,1016,1.0,0.0,1.0,,2019,Toro Rosso,Canada,0,1,5.0,1.0,1.0,72.023,71.196,71.07900000000001
9,17.0,840,1016,1.0,0.0,1.0,,2019,Racing Point,Canada,0,1,18.0,0.0,0.0,72.266,,
10,10.0,826,1016,1.0,0.0,1.0,,2019,Toro Rosso,Canada,0,1,12.0,1.0,0.0,71.965,71.92099999999999,
11,11.0,832,1016,1.0,0.0,1.0,,2019,McLaren,Canada,0,1,9.0,1.0,1.0,71.75,71.572,73.981
12,15.0,815,1016,1.0,0.0,1.0,,2019,Racing Point,Canada,0,1,16.0,0.0,0.0,72.197,,
13,12.0,841,1016,1.0,0.0,1.0,,2019,Alfa Romeo,Canada,0,1,13.0,1.0,0.0,72.122,72.136,
14,14.0,154,1016,1.0,0.0,1.0,,2019,Haas,Canada,0,1,15.0,0.0,0.0,72.109,,
15,16.0,8,1016,1.0,0.0,1.0,,2019,Alfa Romeo,Canada,0,1,17.0,0.0,0.0,72.23,,
16,18.0,847,1016,1.0,0.0,2.0,,2019,Williams,Canada,0,1,19.0,0.0,0.0,73.617,,
17,20.0,825,1016,1.0,0.0,2.0,,2019,Haas,Canada,0,1,10.0,1.0,0.0,72.107,71.786,
18,19.0,9,1016,1.0,0.0,3.0,,2019,Williams,Canada,0,1,20.0,0.0,0.0,74.393,,
NC,13.0,848,1016,0.0,1.0,,,2019,Red Bull Racing,Canada,0,1,14.0,1.0,0.0,72.02,72.193,
NC,8.0,846,1016,0.0,1.0,,,2019,McLaren,Canada,0,1,8.0,1.0,1.0,71.78,71.735,71.863
1,1.0,1,1017,1.0,0.0,0.0,0.0,2019,Mercedes,France,0,1,1.0,1.0,1.0,90.609,89.52,88.319
2,2.0,822,1017,1.0,0.0,0.0,18.056,2019,Mercedes,France,0,1,2.0,1.0,1.0,90.55,89.437,88.605
3,3.0,844,1017,1.0,0.0,0.0,18.985,2019,Ferrari,France,0,1,3.0,1.0,1.0,90.647,89.699,88.965
4,4.0,830,1017,1.0,0.0,0.0,34.905,2019,Red Bull Racing,France,0,1,4.0,1.0,1.0,91.327,90.099,89.40899999999999
5,7.0,20,1017,1.0,0.0,0.0,62.796,2019,Ferrari,France,0,1,7.0,1.0,1.0,91.075,89.506,89.799
6,6.0,832,1017,1.0,0.0,0.0,95.462,2019,McLaren,France,0,1,6.0,1.0,1.0,91.073,90.319,89.52199999999999
7,12.0,8,1017,1.0,0.0,1.0,,2019,Alfa Romeo,France,0,1,12.0,1.0,0.0,90.972,90.533,
8,13.0,807,1017,1.0,0.0,1.0,,2019,Renault,France,0,1,13.0,1.0,0.0,90.865,90.544,
9,5.0,846,1017,1.0,0.0,1.0,,2019,McLaren,France,0,1,5.0,1.0,1.0,90.989,90.019,89.418
10,9.0,842,1017,1.0,0.0,1.0,,2019,Toro Rosso,France,0,1,9.0,1.0,1.0,91.152,90.421,90.184
11,8.0,817,1017,1.0,0.0,1.0,,2019,Renault,France,0,1,8.0,1.0,1.0,90.954,90.369,89.918
12,14.0,815,1017,1.0,0.0,1.0,,2019,Racing Point,France,0,1,14.0,1.0,0.0,90.964,90.738,
13,17.0,840,1017,1.0,0.0,1.0,,2019,Racing Point,France,0,1,18.0,0.0,0.0,91.726,,
14,19.0,826,1017,1.0,0.0,1.0,,2019,Toro Rosso,France,0,1,16.0,0.0,0.0,91.564,,
15,11.0,848,1017,1.0,0.0,1.0,,2019,Red Bull Racing,France,0,1,11.0,1.0,0.0,91.445,90.461,
16,10.0,841,1017,1.0,0.0,1.0,,2019,Alfa Romeo,France,0,1,10.0,1.0,1.0,91.18,90.408,93.42
17,15.0,825,1017,1.0,0.0,1.0,,2019,Haas,France,0,1,15.0,1.0,0.0,91.166,91.44,
18,18.0,9,1017,1.0,0.0,2.0,,2019,Williams,France,0,1,20.0,0.0,0.0,93.205,,
19,20.0,847,1017,1.0,0.0,2.0,,2019,Williams,France,0,1,19.0,0.0,0.0,92.789,,
NC,16.0,154,1017,0.0,1.0,,,2019,Haas,France,0,1,17.0,0.0,0.0,91.626,,
1,2.0,830,1018,1.0,0.0,0.0,0.0,2019,Red Bull Racing,Austria,0,1,3.0,1.0,1.0,63.807,63.835,63.439
2,1.0,844,1018,1.0,0.0,0.0,2.724,2019,Ferrari,Austria,0,1,1.0,1.0,1.0,64.138,63.378,63.003
3,3.0,822,1018,1.0,0.0,0.0,18.96,2019,Mercedes,Austria,0,1,4.0,1.0,1.0,64.084,63.863,63.537
4,9.0,20,1018,1.0,0.0,0.0,19.61,2019,Ferrari,Austria,0,1,10.0,1.0,0.0,64.43,63.667,
5,4.0,1,1018,1.0,0.0,0.0,22.805,2019,Mercedes,Austria,0,1,2.0,1.0,1.0,63.818,63.803,63.262
6,5.0,846,1018,1.0,0.0,1.0,,2019,McLaren,Austria,0,1,6.0,1.0,1.0,64.361,64.211,64.099
7,8.0,842,1018,1.0,0.0,1.0,,2019,Toro Rosso,Austria,0,1,9.0,1.0,1.0,64.412,63.988,64.199
8,19.0,832,1018,1.0,0.0,1.0,,2019,McLaren,Austria,0,1,15.0,1.0,0.0,64.453,73.601,
9,6.0,8,1018,1.0,0.0,1.0,,2019,Alfa Romeo,Austria,0,1,7.0,1.0,1.0,64.615,64.056,64.166
10,7.0,841,1018,1.0,0.0,1.0,,2019,Alfa Romeo,Austria,0,1,8.0,1.0,1.0,64.45,64.194,64.179
11,13.0,815,1018,1.0,0.0,1.0,,2019,Racing Point,Austria,0,1,16.0,0.0,0.0,64.789,,
12,12.0,817,1018,1.0,0.0,1.0,,2019,Renault,Austria,0,1,14.0,1.0,0.0,64.647,64.79,
13,15.0,807,1018,1.0,0.0,1.0,,2019,Renault,Austria,0,1,12.0,1.0,0.0,64.733,64.516,
14,14.0,840,1018,1.0,0.0,1.0,,2019,Racing Point,Austria,0,1,17.0,0.0,0.0,64.832,,
15,18.0,848,1018,1.0,0.0,1.0,,2019,Red Bull Racing,Austria,0,1,13.0,1.0,0.0,64.708,64.665,
16,11.0,154,1018,1.0,0.0,1.0,,2019,Haas,Austria,0,1,11.0,1.0,0.0,64.55199999999999,64.49,
17,16.0,826,1018,1.0,0.0,1.0,,2019,Toro Rosso,Austria,0,1,18.0,0.0,0.0,65.324,,
18,20.0,847,1018,1.0,0.0,2.0,,2019,Williams,Austria,0,1,19.0,0.0,0.0,65.904,,
19,10.0,825,1018,1.0,0.0,2.0,,2019,Haas,Austria,0,1,5.0,1.0,1.0,64.778,64.466,64.072
20,17.0,9,1018,1.0,0.0,3.0,,2019,Williams,Austria,0,1,20.0,0.0,0.0,66.206,,
1,2.0,1,1019,1.0,0.0,0.0,0.0,2019,Mercedes,Great Britain,1,1,2.0,1.0,1.0,85.513,85.84,85.099
2,1.0,822,1019,1.0,0.0,0.0,24.928,2019,Mercedes,Great Britain,1,1,1.0,1.0,1.0,85.75,85.672,85.093
3,3.0,844,1019,1.0,0.0,0.0,30.117,2019,Ferrari,Great Britain,1,1,3.0,1.0,1.0,85.533,85.54599999999999,85.172
4,5.0,842,1019,1.0,0.0,0.0,34.692,2019,Toro Rosso,Great Britain,1,1,5.0,1.0,1.0,86.273,86.038,85.59
5,4.0,830,1019,1.0,0.0,0.0,39.458,2019,Red Bull Racing,Great Britain,1,1,4.0,1.0,1.0,85.7,85.848,85.276
6,13.0,832,1019,1.0,0.0,0.0,53.639,2019,McLaren,Great Britain,1,1,13.0,1.0,0.0,86.203,86.578,
7,7.0,817,1019,1.0,0.0,0.0,54.401,2019,Renault,Great Britain,1,1,7.0,1.0,1.0,86.428,86.283,86.182
8,12.0,8,1019,1.0,0.0,0.0,65.54,2019,Alfa Romeo,Great Britain,1,1,12.0,1.0,0.0,86.55799999999999,86.54599999999999,
9,17.0,826,1019,1.0,0.0,0.0,66.72,2019,Toro Rosso,Great Britain,1,1,17.0,0.0,0.0,86.721,,
10,10.0,807,1019,1.0,0.0,0.0,72.733,2019,Renault,Great Britain,1,1,10.0,1.0,1.0,86.568,86.39699999999999,86.386
11,8.0,846,1019,1.0,0.0,0.0,74.281,2019,McLaren,Great Britain,1,1,8.0,1.0,1.0,86.07900000000001,86.385,86.224
12,9.0,848,1019,1.0,0.0,0.0,75.617,2019,Red Bull Racing,Great Britain,1,1,9.0,1.0,1.0,86.482,86.40299999999999,86.345
13,18.0,840,1019,1.0,0.0,0.0,81.086,2019,Racing Point,Great Britain,1,1,18.0,0.0,0.0,86.762,,
14,19.0,847,1019,1.0,0.0,1.0,,2019,Williams,Great Britain,1,1,19.0,0.0,0.0,87.789,,
15,20.0,9,1019,1.0,0.0,1.0,,2019,Williams,Great Britain,1,1,20.0,0.0,0.0,88.257,,
16,6.0,20,1019,1.0,0.0,1.0,,2019,Ferrari,Great Britain,1,1,6.0,1.0,1.0,85.898,86.023,85.787
17,15.0,815,1019,1.0,0.0,1.0,,2019,Racing Point,Great Britain,1,1,15.0,1.0,0.0,86.649,86.928,
NC,11.0,841,1019,0.0,1.0,,,2019,Alfa Romeo,Great Britain,1,1,11.0,1.0,0.0,86.449,86.519,
NC,14.0,154,1019,0.0,1.0,,,2019,Haas,Great Britain,1,1,14.0,1.0,0.0,86.34700000000001,86.757,
NC,16.0,825,1019,0.0,1.0,,,2019,Haas,Great Britain,1,1,16.0,0.0,0.0,86.662,,
1,2.0,830,1020,1.0,0.0,0.0,0.0,2019,Red Bull Racing,Germany,1,0,2.0,1.0,1.0,72.593,72.42699999999999,72.113
2,20.0,20,1020,1.0,0.0,0.0,7.333,2019,Ferrari,Germany,1,0,20.0,0.0,0.0,,,
3,14.0,826,1020,1.0,0.0,0.0,8.305,2019,Toro Rosso,Germany,1,0,14.0,1.0,0.0,73.278,73.135,
4,15.0,840,1020,1.0,0.0,0.0,8.966,2019,Racing Point,Germany,1,0,15.0,1.0,0.0,73.256,73.45,
5,7.0,832,1020,1.0,0.0,0.0,9.583,2019,McLaren,Germany,1,0,7.0,1.0,1.0,73.221,72.632,72.897
6,16.0,848,1020,1.0,0.0,0.0,10.052,2019,Red Bull Racing,Germany,1,0,17.0,0.0,0.0,73.461,,
7,6.0,154,1020,1.0,0.0,0.0,16.838,2019,Haas,Germany,1,0,6.0,1.0,1.0,73.146,72.769,72.851
8,12.0,825,1020,1.0,0.0,0.0,18.765,2019,Haas,Germany,1,0,12.0,1.0,0.0,73.103,72.789,
9,1.0,1,1020,1.0,0.0,0.0,19.667,2019,Mercedes,Germany,1,0,1.0,1.0,1.0,72.852,72.149,71.767
10,18.0,9,1020,1.0,0.0,0.0,24.987,2019,Williams,Germany,1,0,19.0,0.0,0.0,74.839,,
11,17.0,847,1020,1.0,0.0,0.0,26.404,2019,Williams,Germany,1,0,18.0,0.0,0.0,74.721,,
12,5.0,8,1020,1.0,0.0,0.0,42.214,2019,Alfa Romeo,Germany,1,0,5.0,1.0,1.0,73.066,72.519,72.538
13,11.0,841,1020,1.0,0.0,0.0,43.849,2019,Alfa Romeo,Germany,1,0,11.0,1.0,0.0,73.17,72.786,
14,4.0,842,1020,0.0,1.0,,,2019,Toro Rosso,Germany,1,0,4.0,1.0,1.0,72.991,72.385,72.522
NC,3.0,822,1020,0.0,1.0,,,2019,Mercedes,Germany,1,0,3.0,1.0,1.0,73.075,72.424,72.129
NC,9.0,807,1020,0.0,1.0,,,2019,Renault,Germany,1,0,9.0,1.0,1.0,73.186,72.766,73.126
NC,10.0,844,1020,0.0,1.0,,,2019,Ferrari,Germany,1,0,10.0,1.0,0.0,72.229,72.344,
NC,19.0,846,1020,0.0,1.0,,,2019,McLaren,Germany,1,0,16.0,0.0,0.0,73.333,,
NC,13.0,817,1020,0.0,1.0,,,2019,Renault,Germany,1,0,13.0,1.0,0.0,73.131,72.799,
NC,8.0,815,1020,0.0,1.0,,,2019,Racing Point,Germany,1,0,8.0,1.0,1.0,73.194,72.776,73.065
1,3.0,1,1021,1.0,0.0,0.0,0.0,2019,Mercedes,Hungary,0,1,3.0,1.0,1.0,76.068,75.548,74.769
2,1.0,830,1021,1.0,0.0,0.0,17.796,2019,Red Bull Racing,Hungary,0,1,1.0,1.0,1.0,75.81700000000001,75.57300000000001,74.572
3,5.0,20,1021,1.0,0.0,0.0,61.433,2019,Ferrari,Hungary,0,1,5.0,1.0,1.0,76.452,75.885,75.071
4,4.0,844,1021,1.0,0.0,0.0,65.25,2019,Ferrari,Hungary,0,1,4.0,1.0,1.0,76.337,75.792,75.043
5,8.0,832,1021,1.0,0.0,1.0,,2019,McLaren,Hungary,0,1,8.0,1.0,1.0,76.493,76.30799999999999,75.852
6,6.0,842,1021,1.0,0.0,1.0,,2019,Toro Rosso,Hungary,0,1,6.0,1.0,1.0,76.71600000000001,76.393,75.45
7,10.0,8,1021,1.0,0.0,1.0,,2019,Alfa Romeo,Hungary,0,1,10.0,1.0,1.0,76.506,76.518,76.041
8,2.0,822,1021,1.0,0.0,1.0,,2019,Mercedes,Hungary,0,1,2.0,1.0,1.0,76.078,75.669,74.59
9,7.0,846,1021,1.0,0.0,1.0,,2019,McLaren,Hungary,0,1,7.0,1.0,1.0,76.697,76.06,75.8
10,12.0,848,1021,1.0,0.0,1.0,,2019,Red Bull Racing,Hungary,0,1,12.0,1.0,0.0,76.912,76.687,
11,16.0,815,1021,1.0,0.0,1.0,,2019,Racing Point,Hungary,0,1,17.0,0.0,0.0,77.10900000000001,,
12,11.0,807,1021,1.0,0.0,1.0,,2019,Renault,Hungary,0,1,11.0,1.0,0.0,76.78999999999999,76.565,
13,14.0,825,1021,1.0,0.0,1.0,,2019,Haas,Hungary,0,1,15.0,1.0,0.0,76.122,77.081,
14,20.0,817,1021,1.0,0.0,1.0,,2019,Renault,Hungary,0,1,18.0,0.0,0.0,77.257,,
15,13.0,826,1021,1.0,0.0,2.0,,2019,Toro Rosso,Hungary,0,1,13.0,1.0,0.0,76.75,76.69200000000001,
16,15.0,847,1021,1.0,0.0,2.0,,2019,Williams,Hungary,0,1,16.0,0.0,0.0,77.031,,
17,18.0,840,1021,1.0,0.0,2.0,,2019,Racing Point,Hungary,0,1,19.0,0.0,0.0,77.542,,
18,17.0,841,1021,1.0,0.0,2.0,,2019,Alfa Romeo,Hungary,0,1,14.0,1.0,0.0,76.894,76.804,
19,19.0,9,1021,1.0,0.0,3.0,,2019,Williams,Hungary,0,1,20.0,0.0,0.0,78.324,,
NC,9.0,154,1021,0.0,1.0,,,2019,Haas,Hungary,0,1,9.0,1.0,1.0,76.97800000000001,76.319,76.013
1,1.0,844,1022,1.0,0.0,0.0,0.0,2019,Ferrari,Belgium,0,1,1.0,1.0,1.0,103.587,102.938,102.519
2,3.0,1,1022,1.0,0.0,0.0,0.981,2019,Mercedes,Belgium,0,1,3.0,1.0,1.0,105.26,103.592,103.282
3,4.0,822,1022,1.0,0.0,0.0,12.585,2019,Mercedes,Belgium,0,1,4.0,1.0,1.0,105.141,103.98,103.415
4,2.0,20,1022,1.0,0.0,0.0,26.422,2019,Ferrari,Belgium,0,1,2.0,1.0,1.0,104.109,103.037,103.267
5,17.0,848,1022,1.0,0.0,0.0,81.325,2019,Red Bull Racing,Belgium,0,1,14.0,1.0,0.0,105.528,105.799,
6,7.0,815,1022,1.0,0.0,0.0,84.448,2019,Racing Point,Belgium,0,1,9.0,1.0,1.0,105.732,104.707,104.706
7,19.0,826,1022,1.0,0.0,0.0,89.657,2019,Toro Rosso,Belgium,0,1,18.0,0.0,0.0,106.518,,
8,12.0,807,1022,1.0,0.0,0.0,106.639,2019,Renault,Belgium,0,1,7.0,1.0,1.0,105.899,104.549,104.542
9,13.0,842,1022,1.0,0.0,0.0,109.168,2019,Toro Rosso,Belgium,0,1,16.0,0.0,0.0,106.435,,
10,16.0,840,1022,1.0,0.0,0.0,109.838,2019,Racing Point,Belgium,0,1,13.0,1.0,0.0,106.0,105.047,
11,11.0,846,1022,0.0,1.0,,,2019,McLaren,Belgium,0,1,12.0,1.0,0.0,106.154,104.847,
12,8.0,825,1022,1.0,0.0,1.0,,2019,Haas,Belgium,0,1,10.0,1.0,1.0,105.839,104.738,105.086
13,9.0,154,1022,1.0,0.0,1.0,,2019,Haas,Belgium,0,1,11.0,1.0,0.0,105.694,104.797,
14,10.0,817,1022,1.0,0.0,1.0,,2019,Renault,Belgium,0,1,6.0,1.0,1.0,105.56,104.103,104.257
15,14.0,847,1022,1.0,0.0,1.0,,2019,Williams,Belgium,0,1,19.0,0.0,0.0,107.548,,
16,6.0,8,1022,1.0,0.0,1.0,,2019,Alfa Romeo,Belgium,0,1,8.0,1.0,1.0,105.842,104.14,104.557
17,20.0,9,1022,1.0,0.0,1.0,,2019,Williams,Belgium,0,1,20.0,0.0,0.0,,,
18,18.0,841,1022,0.0,1.0,,,2019,Alfa Romeo,Belgium,0,1,15.0,0.0,0.0,105.637,,
NC,15.0,832,1022,0.0,1.0,,,2019,McLaren,Belgium,0,1,17.0,0.0,0.0,106.507,,
NC,5.0,830,1022,0.0,1.0,,,2019,Red Bull Racing,Belgium,0,1,5.0,1.0,1.0,104.622,104.132,103.69
1,1.0,844,1023,1.0,0.0,0.0,0.0,2019,Ferrari,Italy,0,1,1.0,1.0,1.0,80.126,79.553,79.307
2,3.0,822,1023,1.0,0.0,0.0,0.835,2019,Mercedes,Italy,0,1,3.0,1.0,1.0,80.156,80.018,79.354
3,2.0,1,1023,1.0,0.0,0.0,35.199,2019,Mercedes,Italy,0,1,2.0,1.0,1.0,80.27199999999999,79.464,79.346
4,5.0,817,1023,1.0,0.0,0.0,45.515,2019,Renault,Italy,0,1,5.0,1.0,1.0,80.374,79.833,79.839
5,6.0,807,1023,1.0,0.0,0.0,58.165,2019,Renault,Italy,0,1,6.0,1.0,1.0,80.155,80.275,80.049
6,8.0,848,1023,1.0,0.0,0.0,59.315,2019,Red Bull Racing,Italy,0,1,8.0,1.0,0.0,80.382,80.021,
7,18.0,815,1023,1.0,0.0,0.0,73.802,2019,Racing Point,Italy,0,1,17.0,0.0,0.0,81.291,,
8,19.0,830,1023,1.0,0.0,0.0,74.492,2019,Red Bull Racing,Italy,0,1,20.0,0.0,0.0,,,
9,10.0,841,1023,1.0,0.0,1.0,,2019,Alfa Romeo,Italy,0,1,11.0,1.0,0.0,80.657,80.517,
10,16.0,846,1023,1.0,0.0,1.0,,2019,McLaren,Italy,0,1,14.0,1.0,0.0,80.646,81.068,
11,17.0,842,1023,1.0,0.0,1.0,,2019,Toro Rosso,Italy,0,1,15.0,1.0,0.0,80.508,81.125,
12,9.0,840,1023,1.0,0.0,1.0,,2019,Racing Point,Italy,0,1,9.0,1.0,0.0,80.643,80.498,
13,4.0,20,1023,1.0,0.0,1.0,,2019,Ferrari,Italy,0,1,4.0,1.0,1.0,80.378,79.715,79.457
14,14.0,847,1023,1.0,0.0,1.0,,2019,Williams,Italy,0,1,18.0,0.0,0.0,81.8,,
15,20.0,8,1023,1.0,0.0,1.0,,2019,Alfa Romeo,Italy,0,1,10.0,1.0,0.0,80.634,80.515,
16,13.0,154,1023,1.0,0.0,1.0,,2019,Haas,Italy,0,1,16.0,0.0,0.0,80.78399999999999,,
17,15.0,9,1023,1.0,0.0,2.0,,2019,Williams,Italy,0,1,19.0,0.0,0.0,82.356,,
NC,11.0,825,1023,0.0,1.0,,,2019,Haas,Italy,0,1,12.0,1.0,0.0,80.616,80.615,
NC,12.0,826,1023,0.0,1.0,,,2019,Toro Rosso,Italy,0,1,13.0,1.0,0.0,80.723,80.63,
NC,7.0,832,1023,0.0,1.0,,,2019,McLaren,Italy,0,1,7.0,1.0,1.0,80.413,80.202,80.455
1,3.0,20,1024,1.0,0.0,0.0,0.0,2019,Ferrari,Singapore,0,1,3.0,1.0,1.0,98.374,96.72,96.437
2,1.0,844,1024,1.0,0.0,0.0,2.641,2019,Ferrari,Singapore,0,1,1.0,1.0,1.0,98.014,96.65,96.217
3,4.0,830,1024,1.0,0.0,0.0,3.821,2019,Red Bull Racing,Singapore,0,1,4.0,1.0,1.0,98.54,97.089,96.813
4,2.0,1,1024,1.0,0.0,0.0,4.608,2019,Mercedes,Singapore,0,1,2.0,1.0,1.0,97.565,96.933,96.408
5,5.0,822,1024,1.0,0.0,0.0,6.119,2019,Mercedes,Singapore,0,1,5.0,1.0,1.0,97.317,97.142,97.146
6,6.0,848,1024,1.0,0.0,0.0,11.663,2019,Red Bull Racing,Singapore,0,1,6.0,1.0,1.0,99.106,97.865,97.411
7,9.0,846,1024,1.0,0.0,0.0,14.769,2019,McLaren,Singapore,0,1,9.0,1.0,1.0,98.606,97.572,98.329
8,11.0,842,1024,1.0,0.0,0.0,15.547,2019,Toro Rosso,Singapore,0,1,12.0,1.0,0.0,99.085,98.699,
9,8.0,807,1024,1.0,0.0,0.0,16.718,2019,Renault,Singapore,0,1,8.0,1.0,1.0,99.001,98.58,98.264
10,10.0,841,1024,1.0,0.0,0.0,27.855,2019,Alfa Romeo,Singapore,0,1,11.0,1.0,0.0,99.272,98.697,
11,17.0,154,1024,1.0,0.0,0.0,35.436,2019,Haas,Singapore,0,1,17.0,0.0,0.0,100.277,,
12,7.0,832,1024,1.0,0.0,0.0,35.974,2019,McLaren,Singapore,0,1,7.0,1.0,1.0,98.882,97.982,97.818
13,16.0,840,1024,1.0,0.0,0.0,36.419,2019,Racing Point,Singapore,0,1,16.0,0.0,0.0,99.979,,
14,20.0,817,1024,1.0,0.0,0.0,37.66,2019,Renault,Singapore,0,1,20.0,0.0,0.0,,,
15,14.0,826,1024,1.0,0.0,0.0,38.178,2019,Toro Rosso,Singapore,0,1,15.0,0.0,0.0,99.957,,
16,19.0,9,1024,1.0,0.0,0.0,47.024,2019,Williams,Singapore,0,1,19.0,0.0,0.0,101.186,,
17,13.0,825,1024,1.0,0.0,0.0,86.522,2019,Haas,Singapore,0,1,14.0,1.0,0.0,99.942,99.65,
NC,12.0,8,1024,0.0,1.0,,,2019,Alfa Romeo,Singapore,0,1,13.0,1.0,0.0,99.454,98.858,
NC,15.0,815,1024,0.0,1.0,,,2019,Racing Point,Singapore,0,1,10.0,1.0,0.0,99.909,98.52,
NC,18.0,847,1024,0.0,1.0,,,2019,Williams,Singapore,0,1,18.0,0.0,0.0,100.867,,
1,2.0,1,1025,1.0,0.0,0.0,0.0,2019,Mercedes,Russia,1,1,2.0,1.0,1.0,93.23,93.134,92.03
2,4.0,822,1025,1.0,0.0,0.0,3.829,2019,Mercedes,Russia,1,1,5.0,1.0,1.0,93.413,93.281,92.632
3,1.0,844,1025,1.0,0.0,0.0,5.212,2019,Ferrari,Russia,1,1,1.0,1.0,1.0,93.613,92.434,91.628
4,9.0,830,1025,1.0,0.0,0.0,14.21,2019,Red Bull Racing,Russia,1,1,4.0,1.0,1.0,93.368,92.634,92.31
5,20.0,848,1025,1.0,0.0,0.0,38.348,2019,Red Bull Racing,Russia,1,1,19.0,0.0,0.0,99.197,,
6,5.0,832,1025,1.0,0.0,0.0,45.889,2019,McLaren,Russia,1,1,6.0,1.0,1.0,94.184,93.807,93.222
7,11.0,815,1025,1.0,0.0,0.0,48.728,2019,Racing Point,Russia,1,1,12.0,1.0,0.0,94.336,93.958,
8,7.0,846,1025,1.0,0.0,0.0,57.749,2019,McLaren,Russia,1,1,8.0,1.0,1.0,94.201,93.725,93.301
9,13.0,825,1025,1.0,0.0,0.0,58.779,2019,Haas,Russia,1,1,14.0,1.0,0.0,93.889,94.082,
10,6.0,807,1025,1.0,0.0,0.0,59.841,2019,Renault,Russia,1,1,7.0,1.0,1.0,94.236,93.898,93.289
11,14.0,840,1025,1.0,0.0,0.0,60.821,2019,Racing Point,Russia,1,1,15.0,1.0,0.0,94.287,94.233,
12,19.0,826,1025,1.0,0.0,0.0,62.496,2019,Toro Rosso,Russia,1,1,20.0,0.0,0.0,99.544,,
13,15.0,8,1025,1.0,0.0,0.0,68.91,2019,Alfa Romeo,Russia,1,1,16.0,0.0,0.0,94.84,,
14,16.0,842,1025,1.0,0.0,0.0,70.076,2019,Toro Rosso,Russia,1,1,11.0,1.0,0.0,94.456,93.95,
15,12.0,841,1025,1.0,0.0,0.0,73.346,2019,Alfa Romeo,Russia,1,1,13.0,1.0,0.0,94.755,94.037,
NC,18.0,9,1025,0.0,1.0,,,2019,Williams,Russia,1,1,18.0,0.0,0.0,96.474,,
NC,17.0,847,1025,0.0,1.0,,,2019,Williams,Russia,1,1,17.0,0.0,0.0,95.356,,
NC,3.0,20,1025,0.0,1.0,,,2019,Ferrari,Russia,1,1,3.0,1.0,1.0,93.032,92.536,92.053
NC,10.0,817,1025,0.0,1.0,,,2019,Renault,Russia,1,1,10.0,1.0,1.0,94.138,93.862,93.661
NC,8.0,154,1025,0.0,1.0,,,2019,Haas,Russia,1,1,9.0,1.0,1.0,94.283,93.643,93.517
1,3.0,822,1026,1.0,0.0,0.0,0.0,2019,Mercedes,Japan,0,1,3.0,1.0,1.0,88.896,87.688,87.293
2,1.0,20,1026,1.0,0.0,0.0,13.343,2019,Ferrari,Japan,0,1,1.0,1.0,1.0,88.988,88.174,87.064
3,4.0,1,1026,1.0,0.0,0.0,13.858,2019,Mercedes,Japan,0,1,4.0,1.0,1.0,88.735,87.826,87.30199999999999
4,6.0,848,1026,1.0,0.0,0.0,59.537,2019,Red Bull Racing,Japan,0,1,6.0,1.0,1.0,89.351,88.156,87.851
5,7.0,832,1026,1.0,0.0,0.0,69.101,2019,McLaren,Japan,0,1,7.0,1.0,1.0,89.018,88.577,88.304
DQ,16.0,817,1026,1.0,0.0,1.0,,2019,Renault,Japan,0,1,16.0,0.0,0.0,89.822,,
6,2.0,844,1026,1.0,0.0,1.0,,2019,Ferrari,Japan,0,1,2.0,1.0,1.0,88.405,88.179,87.253
7,9.0,842,1026,1.0,0.0,1.0,,2019,Toro Rosso,Japan,0,1,9.0,1.0,1.0,89.411,88.779,88.836
8,17.0,815,1026,1.0,0.0,1.0,,2019,Racing Point,Japan,0,1,17.0,0.0,0.0,90.344,,
DQ,15.0,807,1026,1.0,0.0,1.0,,2019,Renault,Japan,0,1,15.0,1.0,0.0,89.619,90.112,
9,12.0,840,1026,1.0,0.0,1.0,,2019,Racing Point,Japan,0,1,12.0,1.0,0.0,89.594,89.345,
10,14.0,826,1026,1.0,0.0,1.0,,2019,Toro Rosso,Japan,0,1,14.0,1.0,0.0,89.723,89.563,
11,8.0,846,1026,1.0,0.0,1.0,,2019,McLaren,Japan,0,1,8.0,1.0,1.0,88.873,88.571,88.464
12,13.0,8,1026,1.0,0.0,1.0,,2019,Alfa Romeo,Japan,0,1,13.0,1.0,0.0,89.636,89.358,
13,10.0,154,1026,1.0,0.0,1.0,,2019,Haas,Japan,0,1,10.0,1.0,1.0,89.572,89.144,89.34100000000001
14,11.0,841,1026,1.0,0.0,1.0,,2019,Alfa Romeo,Japan,0,1,11.0,1.0,0.0,89.604,89.254,
15,19.0,825,1026,1.0,0.0,1.0,,2019,Haas,Japan,0,1,19.0,0.0,0.0,,,
16,18.0,847,1026,1.0,0.0,2.0,,2019,Williams,Japan,0,1,18.0,0.0,0.0,90.364,,
17,20.0,9,1026,1.0,0.0,2.0,,2019,Williams,Japan,0,1,20.0,0.0,0.0,,,
NC,5.0,830,1026,0.0,1.0,,,2019,Red Bull Racing,Japan,0,1,5.0,1.0,1.0,88.754,88.499,87.851
1,3.0,1,1027,1.0,0.0,0.0,0.0,2019,Mercedes,Mexico,1,0,4.0,1.0,1.0,76.424,75.721,75.262
2,2.0,20,1027,1.0,0.0,0.0,1.766,2019,Ferrari,Mexico,1,0,3.0,1.0,1.0,76.696,75.914,75.17
3,6.0,822,1027,1.0,0.0,0.0,3.553,2019,Mercedes,Mexico,1,0,6.0,1.0,1.0,77.062,75.852,75.338
4,1.0,844,1027,1.0,0.0,0.0,6.368,2019,Ferrari,Mexico,1,0,2.0,1.0,1.0,76.364,76.219,75.024
5,5.0,848,1027,1.0,0.0,0.0,21.399,2019,Red Bull Racing,Mexico,1,0,5.0,1.0,1.0,76.175,76.574,75.336
6,4.0,830,1027,1.0,0.0,0.0,68.807,2019,Red Bull Racing,Mexico,1,0,1.0,1.0,1.0,75.949,76.136,74.758
7,11.0,815,1027,1.0,0.0,0.0,73.819,2019,Racing Point,Mexico,1,0,11.0,1.0,0.0,77.465,76.687,
8,13.0,817,1027,1.0,0.0,0.0,74.924,2019,Renault,Mexico,1,0,13.0,1.0,0.0,77.27,76.93299999999999,
9,10.0,842,1027,1.0,0.0,1.0,,2019,Toro Rosso,Mexico,1,0,10.0,1.0,1.0,77.065,76.679,76.586
10,12.0,807,1027,1.0,0.0,1.0,,2019,Renault,Mexico,1,0,12.0,1.0,0.0,77.608,76.885,
11,9.0,826,1027,1.0,0.0,1.0,,2019,Toro Rosso,Mexico,1,0,9.0,1.0,1.0,77.041,76.657,76.469
12,16.0,840,1027,1.0,0.0,1.0,,2019,Racing Point,Mexico,1,0,16.0,0.0,0.0,78.065,,
13,7.0,832,1027,1.0,0.0,1.0,,2019,McLaren,Mexico,1,0,7.0,1.0,1.0,77.044,76.267,76.014
14,15.0,841,1027,1.0,0.0,1.0,,2019,Alfa Romeo,Mexico,1,0,15.0,1.0,0.0,77.794,77.269,
15,17.0,825,1027,1.0,0.0,2.0,,2019,Haas,Mexico,1,0,17.0,0.0,0.0,78.436,,
16,19.0,847,1027,1.0,0.0,2.0,,2019,Williams,Mexico,1,0,19.0,0.0,0.0,78.82300000000001,,
17,18.0,154,1027,1.0,0.0,2.0,,2019,Haas,Mexico,1,0,18.0,0.0,0.0,78.599,,
18,20.0,9,1027,1.0,0.0,2.0,,2019,Williams,Mexico,1,0,20.0,0.0,0.0,80.179,,
NC,14.0,8,1027,0.0,1.0,,,2019,Alfa Romeo,Mexico,1,0,14.0,1.0,0.0,77.225,76.967,
NC,8.0,846,1027,0.0,1.0,,,2019,McLaren,Mexico,1,0,8.0,1.0,1.0,77.092,76.447,76.322
1,1.0,822,1028,1.0,0.0,0.0,0.0,2019,Mercedes,United States,0,1,1.0,1.0,1.0,93.75,93.16,92.029
2,5.0,1,1028,1.0,0.0,0.0,4.148,2019,Mercedes,United States,0,1,5.0,1.0,1.0,93.454,93.045,92.321
3,3.0,830,1028,1.0,0.0,0.0,5.002,2019,Red Bull Racing,United States,0,1,3.0,1.0,1.0,93.549,93.12,92.096
4,4.0,844,1028,1.0,0.0,0.0,52.239,2019,Ferrari,United States,0,1,4.0,1.0,1.0,93.988,92.76,92.137
5,6.0,848,1028,1.0,0.0,0.0,78.038,2019,Red Bull Racing,United States,0,1,6.0,1.0,1.0,93.984,92.898,92.548
6,9.0,817,1028,1.0,0.0,0.0,90.366,2019,Renault,United States,0,1,9.0,1.0,1.0,93.835,93.608,93.488
7,8.0,846,1028,1.0,0.0,0.0,90.764,2019,McLaren,United States,0,1,8.0,1.0,1.0,93.353,93.316,93.175
8,7.0,832,1028,1.0,0.0,1.0,,2019,McLaren,United States,0,1,7.0,1.0,1.0,93.916,93.422,92.847
9,11.0,807,1028,1.0,0.0,1.0,,2019,Renault,United States,0,1,11.0,1.0,0.0,94.092,93.815,
10,20.0,815,1028,1.0,0.0,1.0,,2019,Racing Point,United States,0,1,19.0,0.0,0.0,95.808,,
11,17.0,8,1028,1.0,0.0,1.0,,2019,Alfa Romeo,United States,0,1,17.0,0.0,0.0,94.369,,
12,13.0,826,1028,1.0,0.0,1.0,,2019,Toro Rosso,United States,0,1,13.0,1.0,0.0,94.138,93.989,
13,14.0,840,1028,1.0,0.0,1.0,,2019,Racing Point,United States,0,1,14.0,1.0,0.0,93.921,94.1,
14,16.0,841,1028,1.0,0.0,1.0,,2019,Alfa Romeo,United States,0,1,16.0,0.0,0.0,94.226,,
15,15.0,154,1028,1.0,0.0,1.0,,2019,Haas,United States,0,1,15.0,1.0,0.0,94.161,94.158,
16,10.0,842,1028,0.0,1.0,,,2019,Toro Rosso,United States,0,1,10.0,1.0,1.0,93.556,93.715,93.601
17,18.0,847,1028,1.0,0.0,2.0,,2019,Williams,United States,0,1,18.0,0.0,0.0,95.372,,
18,12.0,825,1028,0.0,1.0,,,2019,Haas,United States,0,1,12.0,1.0,0.0,93.812,93.979,
NC,19.0,9,1028,0.0,1.0,,,2019,Williams,United States,0,1,20.0,0.0,0.0,95.889,,
NC,2.0,20,1028,0.0,1.0,,,2019,Ferrari,United States,0,1,2.0,1.0,1.0,93.766,93.782,92.041
1,1.0,830,1029,1.0,0.0,0.0,0.0,2019,Red Bull Racing,Brazil,0,1,1.0,1.0,1.0,68.242,67.503,67.508
2,6.0,842,1029,1.0,0.0,0.0,6.077,2019,Toro Rosso,Brazil,0,1,7.0,1.0,1.0,68.909,68.77,68.837
3,20.0,832,1029,1.0,0.0,0.0,8.896,2019,McLaren,Brazil,0,1,20.0,0.0,0.0,,,
4,8.0,8,1029,1.0,0.0,0.0,9.452,2019,Alfa Romeo,Brazil,0,1,9.0,1.0,1.0,69.276,68.858,68.984
5,12.0,841,1029,1.0,0.0,0.0,10.201,2019,Alfa Romeo,Brazil,0,1,13.0,1.0,0.0,69.175,68.919,
6,11.0,817,1029,1.0,0.0,0.0,10.541,2019,Renault,Brazil,0,1,12.0,1.0,0.0,69.086,68.903,
7,3.0,1,1029,1.0,0.0,0.0,11.139,2019,Mercedes,Brazil,0,1,3.0,1.0,1.0,68.614,68.088,67.699
8,10.0,846,1029,1.0,0.0,0.0,11.204,2019,McLaren,Brazil,0,1,11.0,1.0,0.0,68.891,68.868,
9,15.0,815,1029,1.0,0.0,0.0,11.529,2019,Racing Point,Brazil,0,1,15.0,1.0,0.0,69.288,69.035,
10,16.0,826,1029,1.0,0.0,0.0,11.931,2019,Toro Rosso,Brazil,0,1,16.0,0.0,0.0,69.32,,
11,9.0,825,1029,1.0,0.0,0.0,12.599,2019,Haas,Brazil,0,1,10.0,1.0,1.0,68.875,68.803,69.037
12,18.0,847,1029,1.0,0.0,0.0,13.599,2019,Williams,Brazil,0,1,18.0,0.0,0.0,70.126,,
13,7.0,154,1029,1.0,0.0,0.0,14.247,2019,Haas,Brazil,0,1,8.0,1.0,1.0,69.197,68.705,68.854
14,5.0,848,1029,1.0,0.0,0.0,14.927,2019,Red Bull Racing,Brazil,0,1,6.0,1.0,1.0,68.503,68.117,67.935
15,13.0,807,1029,1.0,0.0,0.0,18.059,2019,Renault,Brazil,0,1,14.0,1.0,0.0,69.05,68.92099999999999,
16,19.0,9,1029,1.0,0.0,1.0,,2019,Williams,Brazil,0,1,19.0,0.0,0.0,70.614,,
17,2.0,20,1029,0.0,1.0,,,2019,Ferrari,Brazil,0,1,2.0,1.0,1.0,68.556,68.05,67.631
18,14.0,844,1029,0.0,1.0,,,2019,Ferrari,Brazil,0,1,4.0,1.0,1.0,68.496,67.888,67.728
19,17.0,840,1029,0.0,1.0,,,2019,Racing Point,Brazil,0,1,17.0,0.0,0.0,69.536,,
NC,4.0,822,1029,0.0,1.0,,,2019,Mercedes,Brazil,0,1,5.0,1.0,1.0,68.545,68.232,67.874
1,1.0,1,1030,1.0,0.0,0.0,0.0,2019,Mercedes,Abu Dhabi,0,1,1.0,1.0,1.0,95.851,95.634,94.779
2,2.0,830,1030,1.0,0.0,0.0,16.772,2019,Red Bull Racing,Abu Dhabi,0,1,3.0,1.0,1.0,96.39,96.275,95.139
3,3.0,844,1030,1.0,0.0,0.0,43.435,2019,Ferrari,Abu Dhabi,0,1,4.0,1.0,1.0,96.478,95.543,95.219
4,20.0,822,1030,1.0,0.0,0.0,44.379,2019,Mercedes,Abu Dhabi,0,1,2.0,1.0,1.0,96.2,95.674,94.973
5,4.0,20,1030,1.0,0.0,0.0,64.357,2019,Ferrari,Abu Dhabi,0,1,5.0,1.0,1.0,96.963,95.786,95.339
6,5.0,848,1030,1.0,0.0,0.0,69.205,2019,Red Bull Racing,Abu Dhabi,0,1,6.0,1.0,1.0,96.102,96.718,95.682
7,10.0,815,1030,1.0,0.0,1.0,,2019,Racing Point,Abu Dhabi,0,1,11.0,1.0,0.0,96.961,97.055,
8,6.0,846,1030,1.0,0.0,1.0,,2019,McLaren,Abu Dhabi,0,1,7.0,1.0,1.0,97.545,96.764,96.436
9,13.0,826,1030,1.0,0.0,1.0,,2019,Toro Rosso,Abu Dhabi,0,1,14.0,1.0,0.0,97.683,97.141,
10,8.0,832,1030,1.0,0.0,1.0,,2019,McLaren,Abu Dhabi,0,1,9.0,1.0,1.0,97.358,96.308,96.459
11,7.0,817,1030,1.0,0.0,1.0,,2019,Renault,Abu Dhabi,0,1,8.0,1.0,1.0,97.106,96.785,96.456
12,9.0,807,1030,1.0,0.0,1.0,,2019,Renault,Abu Dhabi,0,1,10.0,1.0,1.0,97.506,96.859,96.71
13,17.0,8,1030,1.0,0.0,1.0,,2019,Alfa Romeo,Abu Dhabi,0,1,18.0,0.0,0.0,98.383,,
14,14.0,825,1030,1.0,0.0,1.0,,2019,Haas,Abu Dhabi,0,1,15.0,1.0,0.0,97.71,97.254,
15,15.0,154,1030,1.0,0.0,1.0,,2019,Haas,Abu Dhabi,0,1,16.0,0.0,0.0,98.051,,
16,16.0,841,1030,1.0,0.0,1.0,,2019,Alfa Romeo,Abu Dhabi,0,1,17.0,0.0,0.0,98.114,,
17,18.0,847,1030,1.0,0.0,1.0,,2019,Williams,Abu Dhabi,0,1,19.0,0.0,0.0,98.717,,
18,11.0,842,1030,1.0,0.0,2.0,,2019,Toro Rosso,Abu Dhabi,0,1,12.0,1.0,0.0,97.198,97.089,
19,19.0,9,1030,1.0,0.0,2.0,,2019,Williams,Abu Dhabi,0,1,20.0,0.0,0.0,99.236,,
NC,12.0,840,1030,0.0,1.0,,,2019,Racing Point,Abu Dhabi,0,1,13.0,1.0,0.0,97.528,97.103,
1,1.0,822,1031,1.0,0.0,0.0,0.0,2020,Mercedes,,0,1,1,1.0,1.0,64.111,63.015,62.939
2,7.0,844,1031,1.0,0.0,0.0,2.7,2020,Ferrari,,0,1,7,1.0,1.0,64.5,64.041,63.923
3,3.0,846,1031,1.0,0.0,0.0,5.491,2020,McLaren,,0,1,4,1.0,1.0,64.606,63.819,63.626
4,5.0,1,1031,1.0,0.0,0.0,5.689,2020,Mercedes,,0,1,2,1.0,1.0,64.19800000000001,63.096,62.951
5,8.0,832,1031,1.0,0.0,0.0,8.903,2020,McLaren,,0,1,8,1.0,1.0,64.537,63.971,63.971
6,6.0,815,1031,1.0,0.0,0.0,15.092,2020,Racing Point,,0,1,6,1.0,1.0,64.543,63.86,63.868
7,12.0,842,1031,1.0,0.0,0.0,16.682,2020,AlphaTauri,,0,1,12,1.0,0.0,64.603,64.305,
8,14.0,839,1031,1.0,0.0,0.0,17.456,2020,Renault,,0,1,14,1.0,0.0,64.93299999999999,64.643,
9,18.0,841,1031,1.0,0.0,0.0,21.146,2020,Alfa Romeo,,0,1,18,0.0,0.0,65.175,,
10,11.0,20,1031,1.0,0.0,0.0,24.545,2020,Ferrari,,0,1,11,1.0,0.0,64.554,64.206,
11,20.0,849,1031,1.0,0.0,0.0,31.65,2020,Williams,,0,1,20,0.0,0.0,65.757,,
12,13.0,826,1031,0.0,1.0,,,2020,AlphaTauri,,0,1,13,1.0,0.0,65.031,64.431,
13,4.0,848,1031,0.0,1.0,,,2020,Red Bull Racing,,0,1,5,1.0,1.0,64.661,63.746,63.868
NC,19.0,8,1031,0.0,1.0,,,2020,Alfa Romeo,,0,1,19,0.0,0.0,65.224,,
NC,17.0,847,1031,0.0,1.0,,,2020,Williams,,0,1,17,0.0,0.0,65.167,,
NC,15.0,154,1031,0.0,1.0,,,2020,Haas,,0,1,15,1.0,0.0,65.094,64.691,
NC,16.0,825,1031,0.0,1.0,,,2020,Haas,,0,1,16,0.0,0.0,65.164,,
NC,9.0,840,1031,0.0,1.0,,,2020,Racing Point,,0,1,9,1.0,1.0,64.309,63.955,64.029
NC,10.0,817,1031,0.0,1.0,,,2020,Renault,,0,1,10,1.0,1.0,64.556,64.023,64.239
NC,2.0,830,1031,0.0,1.0,,,2020,Red Bull Racing,,0,1,3,1.0,1.0,64.024,64.0,63.477
1,1.0,1,1032,1.0,0.0,0.0,0.0,2020,Mercedes,,0,1,1,1.0,1.0,78.188,77.825,79.273
2,4.0,822,1032,1.0,0.0,0.0,13.719,2020,Mercedes,,0,1,4,1.0,1.0,78.791,78.657,80.701
3,2.0,830,1032,1.0,0.0,0.0,33.698,2020,Red Bull Racing,,0,1,2,1.0,1.0,78.297,77.938,80.489
4,6.0,848,1032,1.0,0.0,0.0,44.4,2020,Red Bull Racing,,0,1,7,1.0,1.0,80.882,79.014,81.011
5,9.0,846,1032,1.0,0.0,0.0,61.47,2020,McLaren,,0,1,6,1.0,1.0,78.504,78.44800000000001,80.925
6,17.0,815,1032,1.0,0.0,0.0,62.387,2020,Racing Point,,0,1,17,0.0,0.0,81.607,,
7,12.0,840,1032,1.0,0.0,0.0,62.453,2020,Racing Point,,0,1,13,1.0,0.0,79.697,79.645,
8,8.0,817,1032,1.0,0.0,0.0,62.591,2020,Renault,,0,1,9,1.0,1.0,79.662,79.229,81.19200000000001
9,3.0,832,1032,1.0,0.0,1.0,,2020,McLaren,,0,1,3,1.0,1.0,78.59,78.836,80.67099999999999
10,13.0,826,1032,1.0,0.0,1.0,,2020,AlphaTauri,,0,1,14,1.0,0.0,79.824,79.717,
11,16.0,8,1032,1.0,0.0,1.0,,2020,Alfa Romeo,,0,1,16,0.0,0.0,81.14,,
12,15.0,825,1032,1.0,0.0,1.0,,2020,Haas,,0,1,15,1.0,0.0,81.14,80.211,
13,20.0,154,1032,1.0,0.0,1.0,,2020,Haas,,0,1,20,0.0,0.0,,,
14,19.0,841,1032,1.0,0.0,1.0,,2020,Alfa Romeo,,0,1,19,0.0,0.0,81.831,,
15,7.0,842,1032,1.0,0.0,1.0,,2020,AlphaTauri,,0,1,8,1.0,1.0,80.19200000000001,78.744,81.02799999999999
16,11.0,847,1032,1.0,0.0,2.0,,2020,Williams,,0,1,12,1.0,0.0,80.382,79.636,
17,18.0,849,1032,1.0,0.0,2.0,,2020,Williams,,0,1,18,0.0,0.0,81.759,,
NC,5.0,839,1032,0.0,1.0,,,2020,Renault,,0,1,5,1.0,1.0,79.687,78.764,80.922
NC,14.0,844,1032,0.0,1.0,,,2020,Ferrari,,0,1,11,1.0,0.0,80.871,79.628,
NC,10.0,20,1032,0.0,1.0,,,2020,Ferrari,,0,1,10,1.0,1.0,80.243,79.545,81.651
1,1.0,1,1033,1.0,0.0,0.0,0.0,2020,Mercedes,,1,0,1,1.0,1.0,74.907,74.261,73.447
2,7.0,830,1033,1.0,0.0,0.0,8.702,2020,Red Bull Racing,,1,0,7,1.0,1.0,75.495,74.976,74.849
3,2.0,822,1033,1.0,0.0,0.0,9.452,2020,Mercedes,,1,0,2,1.0,1.0,75.474,74.53,73.554
4,3.0,840,1033,1.0,0.0,0.0,57.579,2020,Racing Point,,1,0,3,1.0,1.0,74.895,75.176,74.377
5,13.0,848,1033,1.0,0.0,0.0,78.316,2020,Red Bull Racing,,1,0,13,1.0,0.0,75.722,75.715,
6,5.0,20,1033,1.0,0.0,1.0,,2020,Ferrari,,1,0,5,1.0,1.0,75.455,75.131,74.774
7,4.0,815,1033,1.0,0.0,1.0,,2020,Racing Point,,1,0,4,1.0,1.0,74.681,75.394,74.545
8,11.0,817,1033,1.0,0.0,1.0,,2020,Renault,,1,0,11,1.0,0.0,75.848,75.661,
9,9.0,832,1033,1.0,0.0,1.0,,2020,McLaren,,1,0,9,1.0,1.0,75.281,75.267,75.027
10,16.0,825,1033,1.0,0.0,1.0,,2020,Haas,,1,0,16,0.0,0.0,76.152,,
11,6.0,844,1033,1.0,0.0,1.0,,2020,Ferrari,,1,0,6,1.0,1.0,75.793,75.006,74.81700000000001
12,17.0,826,1033,1.0,0.0,1.0,,2020,AlphaTauri,,1,0,17,0.0,0.0,76.20400000000001,,
13,8.0,846,1033,1.0,0.0,1.0,,2020,McLaren,,1,0,8,1.0,1.0,75.444,75.08500000000001,74.966
14,14.0,839,1033,1.0,0.0,1.0,,2020,Renault,,1,0,14,1.0,0.0,75.719,75.742,
15,20.0,8,1033,1.0,0.0,1.0,,2020,Alfa Romeo,,1,0,20,0.0,0.0,76.614,,
16,18.0,154,1033,1.0,0.0,1.0,,2020,Haas,,1,0,18,0.0,0.0,76.407,,
17,19.0,841,1033,1.0,0.0,1.0,,2020,Alfa Romeo,,1,0,19,0.0,0.0,76.506,,
18,12.0,847,1033,1.0,0.0,1.0,,2020,Williams,,1,0,12,1.0,0.0,75.58500000000001,75.69800000000001,
19,15.0,849,1033,1.0,0.0,5.0,,2020,Williams,,1,0,15,1.0,0.0,76.105,76.544,
NC,10.0,842,1033,0.0,1.0,,,2020,AlphaTauri,,1,0,10,1.0,0.0,75.767,75.508,
1,1.0,1,1034,1.0,0.0,0.0,0.0,2020,Mercedes,,0,1,1,1.0,1.0,85.9,85.34700000000001,84.303
2,3.0,830,1034,1.0,0.0,0.0,5.856,2020,Red Bull Racing,,0,1,3,1.0,1.0,86.115,86.144,85.325
3,4.0,844,1034,1.0,0.0,0.0,18.474,2020,Ferrari,,0,1,4,1.0,1.0,86.55,86.203,85.42699999999999
4,8.0,817,1034,1.0,0.0,0.0,19.65,2020,Renault,,0,1,8,1.0,1.0,86.67699999999999,86.339,86.009
5,5.0,846,1034,1.0,0.0,0.0,22.277,2020,McLaren,,0,1,5,1.0,1.0,86.855,86.42,85.782
6,9.0,839,1034,1.0,0.0,0.0,26.937,2020,Renault,,0,1,9,1.0,1.0,86.396,86.252,86.209
7,11.0,842,1034,1.0,0.0,0.0,31.188,2020,AlphaTauri,,0,1,11,1.0,0.0,86.343,86.501,
8,12.0,848,1034,1.0,0.0,0.0,32.67,2020,Red Bull Racing,,0,1,12,1.0,0.0,86.565,86.545,
9,6.0,840,1034,1.0,0.0,0.0,37.311,2020,Racing Point,,0,1,6,1.0,1.0,86.243,86.501,85.839
10,10.0,20,1034,1.0,0.0,0.0,41.857,2020,Ferrari,,0,1,10,1.0,1.0,86.469,86.455,86.339
11,2.0,822,1034,1.0,0.0,0.0,42.167,2020,Mercedes,,0,1,2,1.0,1.0,85.801,85.015,84.616
12,20.0,847,1034,1.0,0.0,0.0,52.004,2020,Williams,,0,1,15,1.0,0.0,86.732,87.092,
13,7.0,832,1034,1.0,0.0,0.0,53.37,2020,McLaren,,0,1,7,1.0,1.0,86.715,86.149,85.965
14,15.0,841,1034,1.0,0.0,0.0,54.205,2020,Alfa Romeo,,0,1,17,0.0,0.0,87.164,,
15,18.0,849,1034,1.0,0.0,0.0,54.549,2020,Williams,,0,1,20,0.0,0.0,87.705,,
16,17.0,154,1034,1.0,0.0,0.0,55.05,2020,Haas,,0,1,19,0.0,0.0,87.643,,
17,16.0,8,1034,1.0,0.0,1.0,,2020,Alfa Romeo,,0,1,18,0.0,0.0,87.366,,
NC,19.0,826,1034,0.0,1.0,,,2020,AlphaTauri,,0,1,14,1.0,0.0,86.774,86.744,
NC,14.0,825,1034,0.0,1.0,,,2020,Haas,,0,1,16,0.0,0.0,87.158,,
NC,13.0,807,1034,0.0,1.0,,,2020,Racing Point,,0,1,13,1.0,0.0,86.327,86.566,
1,4.0,830,1035,1.0,0.0,0.0,0.0,2020,Red Bull Racing,,0,1,4,1.0,1.0,87.154,86.779,86.176
2,2.0,1,1035,1.0,0.0,0.0,11.326,2020,Mercedes,,0,1,2,1.0,1.0,86.818,86.26599999999999,85.217
3,1.0,822,1035,1.0,0.0,0.0,19.231,2020,Mercedes,,0,1,1,1.0,1.0,86.738,85.785,85.154
4,8.0,844,1035,1.0,0.0,0.0,29.289,2020,Ferrari,,0,1,8,1.0,1.0,87.42699999999999,86.709,86.614
5,9.0,848,1035,1.0,0.0,0.0,39.146,2020,Red Bull Racing,,0,1,9,1.0,1.0,87.15299999999999,86.642,86.669
6,6.0,840,1035,1.0,0.0,0.0,42.538,2020,Racing Point,,0,1,6,1.0,1.0,87.187,86.674,86.428
7,3.0,807,1035,1.0,0.0,0.0,55.951,2020,Racing Point,,0,1,3,1.0,1.0,87.279,86.261,86.082
8,14.0,839,1035,1.0,0.0,0.0,64.773,2020,Renault,,0,1,11,1.0,0.0,87.27799999999999,87.011,
9,10.0,846,1035,1.0,0.0,0.0,65.544,2020,McLaren,,0,1,10,1.0,1.0,87.217,86.885,86.77799999999999
10,16.0,826,1035,1.0,0.0,0.0,69.669,2020,AlphaTauri,,0,1,16,0.0,0.0,87.882,,
11,7.0,842,1035,1.0,0.0,0.0,70.642,2020,AlphaTauri,,0,1,7,1.0,1.0,87.154,86.523,86.53399999999999
12,11.0,20,1035,1.0,0.0,0.0,73.37,2020,Ferrari,,0,1,12,1.0,0.0,87.612,87.078,
13,12.0,832,1035,1.0,0.0,0.0,74.07,2020,McLaren,,0,1,13,1.0,0.0,87.45,87.083,
14,5.0,817,1035,1.0,0.0,1.0,,2020,Renault,,0,1,5,1.0,1.0,87.44200000000001,86.636,86.297
15,20.0,8,1035,1.0,0.0,1.0,,2020,Alfa Romeo,,0,1,20,0.0,0.0,88.493,,
16,13.0,154,1035,1.0,0.0,1.0,,2020,Haas,,0,1,14,1.0,0.0,87.519,87.254,
17,19.0,841,1035,1.0,0.0,1.0,,2020,Alfa Romeo,,0,1,19,0.0,0.0,88.43299999999999,,
18,15.0,847,1035,1.0,0.0,1.0,,2020,Williams,,0,1,15,1.0,0.0,87.757,87.455,
19,18.0,849,1035,1.0,0.0,1.0,,2020,Williams,,0,1,18,0.0,0.0,88.43,,
NC,17.0,825,1035,0.0,1.0,,,2020,Haas,,0,1,17,0.0,0.0,88.236,,
1,1.0,1,1036,1.0,0.0,0.0,0.0,2020,Mercedes,,1,1,1,1.0,1.0,76.872,76.013,75.584
2,3.0,830,1036,1.0,0.0,0.0,24.177,2020,Red Bull Racing,,1,1,3,1.0,1.0,77.213,76.518,76.292
3,2.0,822,1036,1.0,0.0,0.0,44.752,2020,Mercedes,,1,1,2,1.0,1.0,77.243,76.152,75.643
4,5.0,840,1036,1.0,0.0,1.0,,2020,Racing Point,,1,1,5,1.0,1.0,77.316,76.666,76.589
5,4.0,815,1036,1.0,0.0,1.0,,2020,Racing Point,,1,1,4,1.0,1.0,77.117,76.936,76.482
6,7.0,832,1036,1.0,0.0,1.0,,2020,McLaren,,1,1,7,1.0,1.0,77.438,76.876,77.044
7,11.0,20,1036,1.0,0.0,1.0,,2020,Ferrari,,1,1,11,1.0,0.0,77.57300000000001,77.168,
8,6.0,848,1036,1.0,0.0,1.0,,2020,Red Bull Racing,,1,1,6,1.0,1.0,77.419,77.163,77.029
9,10.0,842,1036,1.0,0.0,1.0,,2020,AlphaTauri,,1,1,10,1.0,1.0,77.356,76.8,77.136
10,8.0,846,1036,1.0,0.0,1.0,,2020,McLaren,,1,1,8,1.0,1.0,77.577,77.166,77.084
11,13.0,817,1036,1.0,0.0,1.0,,2020,Renault,,1,1,13,1.0,0.0,77.667,77.19800000000001,
12,12.0,826,1036,1.0,0.0,1.0,,2020,AlphaTauri,,1,1,12,1.0,0.0,77.676,77.19200000000001,
13,15.0,839,1036,1.0,0.0,1.0,,2020,Renault,,1,1,15,1.0,0.0,77.765,77.56700000000001,
14,14.0,8,1036,1.0,0.0,1.0,,2020,Alfa Romeo,,1,1,14,1.0,0.0,77.797,77.386,
15,16.0,825,1036,1.0,0.0,1.0,,2020,Haas,,1,1,16,0.0,0.0,77.908,,
16,20.0,841,1036,1.0,0.0,1.0,,2020,Alfa Romeo,,1,1,20,0.0,0.0,78.697,,
17,18.0,847,1036,1.0,0.0,1.0,,2020,Williams,,1,1,18,0.0,0.0,78.099,,
18,19.0,849,1036,1.0,0.0,2.0,,2020,Williams,,1,1,19,0.0,0.0,78.532,,
19,17.0,154,1036,1.0,0.0,2.0,,2020,Haas,,1,1,17,0.0,0.0,78.089,,
NC,9.0,844,1036,0.0,1.0,,,2020,Ferrari,,1,1,9,1.0,1.0,77.256,76.953,77.087
1,1.0,1,1037,1.0,0.0,0.0,0.0,2020,Mercedes,,1,0,1,1.0,1.0,102.323,102.014,101.252
2,2.0,822,1037,1.0,0.0,0.0,8.448,2020,Mercedes,,1,0,2,1.0,1.0,102.534,102.126,101.763
3,3.0,830,1037,1.0,0.0,0.0,15.455,2020,Red Bull Racing,,1,0,3,1.0,1.0,103.197,102.473,101.778
4,4.0,817,1037,1.0,0.0,0.0,18.877,2020,Renault,,1,0,4,1.0,1.0,103.309,102.487,102.061
5,6.0,839,1037,1.0,0.0,0.0,40.65,2020,Renault,,1,0,6,1.0,1.0,103.505,102.534,102.396
6,5.0,848,1037,1.0,0.0,0.0,42.712,2020,Red Bull Racing,,1,0,5,1.0,1.0,103.418,102.193,102.264
7,10.0,846,1037,1.0,0.0,0.0,43.774,2020,McLaren,,1,0,10,1.0,1.0,103.514,102.722,102.657
8,12.0,842,1037,1.0,0.0,0.0,47.371,2020,AlphaTauri,,1,0,12,1.0,0.0,103.262,102.745,
9,9.0,840,1037,1.0,0.0,0.0,52.603,2020,Racing Point,,1,0,9,1.0,1.0,103.265,102.491,102.603
10,8.0,815,1037,1.0,0.0,0.0,53.179,2020,Racing Point,,1,0,8,1.0,1.0,103.349,102.67,102.532
11,11.0,826,1037,1.0,0.0,0.0,70.2,2020,AlphaTauri,,1,0,11,1.0,0.0,103.267,102.73,
12,16.0,8,1037,1.0,0.0,0.0,71.504,2020,Alfa Romeo,,1,0,16,0.0,0.0,103.743,,
13,14.0,20,1037,1.0,0.0,0.0,72.894,2020,Ferrari,,1,0,14,1.0,0.0,103.567,103.261,
14,13.0,844,1037,1.0,0.0,0.0,74.92,2020,Ferrari,,1,0,13,1.0,0.0,103.656,102.996,
15,17.0,154,1037,1.0,0.0,0.0,76.793,2020,Haas,,1,0,17,0.0,0.0,103.838,,
16,19.0,849,1037,1.0,0.0,0.0,77.795,2020,Williams,,1,0,19,0.0,0.0,104.138,,
17,20.0,825,1037,1.0,0.0,0.0,85.54,2020,Haas,,1,0,20,0.0,0.0,104.314,,
NC,18.0,841,1037,0.0,1.0,,,2020,Alfa Romeo,,1,0,18,0.0,0.0,103.95,,
NC,15.0,847,1037,0.0,1.0,,,2020,Williams,,1,0,15,1.0,0.0,103.63,103.468,
NC,7.0,832,1037,0.0,1.0,,,2020,McLaren,,1,0,7,1.0,1.0,103.322,102.478,102.438
1,1.0,842,1038,1.0,0.0,0.0,0.0,2020,AlphaTauri,,0,1,10,1.0,1.0,80.145,79.90899999999999,80.17699999999999
2,3.0,832,1038,1.0,0.0,0.0,0.415,2020,McLaren,,0,1,3,1.0,1.0,80.099,79.705,79.695
3,8.0,840,1038,1.0,0.0,0.0,3.358,2020,Racing Point,,0,1,8,1.0,1.0,80.4,79.924,80.049
4,6.0,846,1038,1.0,0.0,0.0,6.0,2020,McLaren,,0,1,6,1.0,1.0,80.344,79.962,79.82
5,2.0,822,1038,1.0,0.0,0.0,7.108,2020,Mercedes,,0,1,2,1.0,1.0,79.786,78.952,78.956
6,7.0,817,1038,1.0,0.0,0.0,8.391,2020,Renault,,0,1,7,1.0,1.0,80.548,80.031,79.864
7,1.0,1,1038,1.0,0.0,0.0,17.245,2020,Mercedes,,0,1,1,1.0,1.0,79.514,79.092,78.887
8,12.0,839,1038,1.0,0.0,0.0,18.691,2020,Renault,,0,1,12,1.0,0.0,80.747,80.23400000000001,
9,11.0,826,1038,1.0,0.0,0.0,22.208,2020,AlphaTauri,,0,1,11,1.0,0.0,80.307,80.169,
10,4.0,815,1038,1.0,0.0,0.0,23.224,2020,Racing Point,,0,1,4,1.0,1.0,80.048,79.718,79.72
11,20.0,849,1038,1.0,0.0,0.0,32.876,2020,Williams,,0,1,20,0.0,0.0,81.717,,
12,16.0,154,1038,1.0,0.0,0.0,35.164,2020,Haas,,0,1,16,0.0,0.0,81.139,,
13,14.0,8,1038,1.0,0.0,0.0,36.312,2020,Alfa Romeo,,0,1,14,1.0,0.0,81.01,80.926,
14,19.0,847,1038,1.0,0.0,0.0,36.593,2020,Williams,,0,1,19,0.0,0.0,81.587,,
15,9.0,848,1038,1.0,0.0,0.0,37.533,2020,Red Bull Racing,,0,1,9,1.0,1.0,81.104,80.064,80.09
16,18.0,841,1038,1.0,0.0,0.0,55.199,2020,Alfa Romeo,,0,1,18,0.0,0.0,81.206,,
NC,5.0,830,1038,0.0,1.0,,,2020,Red Bull Racing,,0,1,5,1.0,1.0,80.193,79.78,79.795
NC,13.0,844,1038,0.0,1.0,,,2020,Ferrari,,0,1,13,1.0,0.0,80.443,80.273,
NC,15.0,825,1038,0.0,1.0,,,2020,Haas,,0,1,15,1.0,0.0,80.869,81.57300000000001,
NC,17.0,20,1038,0.0,1.0,,,2020,Ferrari,,0,1,17,0.0,0.0,81.151,,
1,1.0,1,1039,1.0,0.0,0.0,0.0,2020,Mercedes,,0,1,1,1.0,1.0,75.778,75.309,75.144
2,2.0,822,1039,1.0,0.0,0.0,4.88,2020,Mercedes,,0,1,2,1.0,1.0,75.749,75.322,75.203
3,4.0,848,1039,1.0,0.0,0.0,8.064,2020,Red Bull Racing,,0,1,4,1.0,1.0,76.527,75.914,75.95400000000001
4,8.0,817,1039,1.0,0.0,0.0,10.417,2020,Renault,,0,1,8,1.0,1.0,76.981,76.243,76.543
5,7.0,815,1039,1.0,0.0,0.0,15.65,2020,Racing Point,,0,1,6,1.0,1.0,76.596,76.489,76.311
6,11.0,846,1039,1.0,0.0,0.0,18.883,2020,McLaren,,0,1,11,1.0,0.0,76.895,76.64,
7,12.0,826,1039,1.0,0.0,0.0,21.756,2020,AlphaTauri,,0,1,12,1.0,0.0,76.928,76.854,
8,5.0,844,1039,1.0,0.0,0.0,28.345,2020,Ferrari,,0,1,5,1.0,1.0,76.69800000000001,76.324,76.27
9,13.0,8,1039,1.0,0.0,0.0,29.77,2020,Alfa Romeo,,0,1,13,1.0,0.0,77.059,76.854,
10,14.0,20,1039,1.0,0.0,0.0,29.983,2020,Ferrari,,0,1,14,1.0,0.0,77.072,76.858,
11,18.0,847,1039,1.0,0.0,0.0,32.404,2020,Williams,,0,1,18,0.0,0.0,77.232,,
12,15.0,154,1039,1.0,0.0,0.0,42.036,2020,Haas,,0,1,15,1.0,0.0,77.069,77.254,
NC,6.0,840,1039,0.0,1.0,,,2020,Racing Point,,0,1,7,1.0,1.0,76.701,76.271,76.356
NC,10.0,839,1039,0.0,1.0,,,2020,Renault,,0,1,10,1.0,0.0,76.825,76.297,
NC,19.0,849,1039,0.0,1.0,,,2020,Williams,,0,1,19,0.0,0.0,77.32,,
NC,20.0,825,1039,0.0,1.0,,,2020,Haas,,0,1,20,0.0,0.0,77.348,,
NC,17.0,841,1039,0.0,1.0,,,2020,Alfa Romeo,,0,1,17,0.0,0.0,77.22,,
NC,9.0,832,1039,0.0,1.0,,,2020,McLaren,,0,1,9,1.0,1.0,76.993,76.52199999999999,77.87
NC,3.0,830,1039,0.0,1.0,,,2020,Red Bull Racing,,0,1,3,1.0,1.0,76.33500000000001,75.471,75.509
NC,16.0,842,1039,0.0,1.0,,,2020,AlphaTauri,,0,1,16,0.0,0.0,77.125,,
1,3.0,822,1040,1.0,0.0,0.0,0.0,2020,Mercedes,,0,1,3,1.0,1.0,92.656,92.405,91.956
2,2.0,830,1040,1.0,0.0,0.0,7.729,2020,Red Bull Racing,,0,1,2,1.0,1.0,93.63,93.157,91.867
3,1.0,1,1040,1.0,0.0,0.0,22.729,2020,Mercedes,,0,1,1,1.0,1.0,92.983,92.835,91.304
4,4.0,815,1040,1.0,0.0,0.0,30.558,2020,Racing Point,,0,1,4,1.0,1.0,93.704,93.038,92.317
5,5.0,817,1040,1.0,0.0,0.0,52.065,2020,Renault,,0,1,5,1.0,1.0,93.65,92.218,92.364
6,10.0,844,1040,1.0,0.0,0.0,62.186,2020,Ferrari,,0,1,11,1.0,0.0,94.071,93.239,
7,7.0,839,1040,1.0,0.0,0.0,68.006,2020,Renault,,0,1,7,1.0,1.0,93.557,93.196,92.624
8,11.0,826,1040,1.0,0.0,0.0,68.74,2020,AlphaTauri,,0,1,12,1.0,0.0,93.511,93.249,
9,9.0,842,1040,1.0,0.0,0.0,89.766,2020,AlphaTauri,,0,1,9,1.0,1.0,93.734,93.139,93.0
10,15.0,848,1040,1.0,0.0,0.0,97.86,2020,Red Bull Racing,,0,1,10,1.0,1.0,93.919,93.153,93.008
11,17.0,841,1040,1.0,0.0,1.0,,2020,Alfa Romeo,,0,1,17,0.0,0.0,94.594,,
12,18.0,825,1040,1.0,0.0,1.0,,2020,Haas,,0,1,18,0.0,0.0,94.681,,
13,14.0,20,1040,1.0,0.0,1.0,,2020,Ferrari,,0,1,15,1.0,0.0,94.134,93.609,
14,19.0,8,1040,1.0,0.0,1.0,,2020,Alfa Romeo,,0,1,20,0.0,0.0,95.267,,
15,8.0,846,1040,1.0,0.0,1.0,,2020,McLaren,,0,1,8,1.0,1.0,93.804,93.081,92.847
16,20.0,849,1040,1.0,0.0,1.0,,2020,Williams,,0,1,19,0.0,0.0,95.066,,
17,16.0,154,1040,1.0,0.0,1.0,,2020,Haas,,0,1,16,0.0,0.0,94.592,,
18,13.0,847,1040,1.0,0.0,1.0,,2020,Williams,,0,1,14,1.0,0.0,94.02,93.583,
NC,6.0,832,1040,0.0,1.0,,,2020,McLaren,,0,1,6,1.0,1.0,93.967,92.757,92.55
NC,12.0,840,1040,0.0,1.0,,,2020,Racing Point,,0,1,13,1.0,0.0,93.852,93.364,
1,2.0,1,1041,1.0,0.0,0.0,0.0,2020,Mercedes,,0,1,2,1.0,1.0,86.62,85.39,85.525
2,3.0,830,1041,1.0,0.0,0.0,4.47,2020,Red Bull Racing,,0,1,3,1.0,1.0,86.319,85.467,85.562
3,6.0,817,1041,1.0,0.0,0.0,14.631,2020,Renault,,0,1,6,1.0,1.0,86.836,86.096,86.223
4,9.0,815,1041,1.0,0.0,0.0,16.07,2020,Racing Point,,0,1,9,1.0,1.0,87.12,86.33,86.70400000000001
5,10.0,832,1041,1.0,0.0,0.0,21.905,2020,McLaren,,0,1,10,1.0,1.0,87.378,86.361,86.709
6,12.0,842,1041,1.0,0.0,0.0,22.766,2020,AlphaTauri,,0,1,12,1.0,0.0,87.072,86.776,
7,4.0,844,1041,1.0,0.0,0.0,30.841,2020,Ferrari,,0,1,4,1.0,1.0,86.857,86.24,86.035
8,20.0,807,1041,1.0,0.0,0.0,32.596,2020,Racing Point,,0,1,20,0.0,0.0,88.021,,
9,16.0,154,1041,1.0,0.0,0.0,39.081,2020,Haas,,0,1,16,0.0,0.0,87.55199999999999,,
10,14.0,841,1041,1.0,0.0,0.0,40.035,2020,Alfa Romeo,,0,1,14,1.0,0.0,87.532,86.936,
11,11.0,20,1041,1.0,0.0,0.0,40.81,2020,Ferrari,,0,1,11,1.0,0.0,87.107,86.738,
12,19.0,8,1041,1.0,0.0,0.0,41.476,2020,Alfa Romeo,,0,1,19,0.0,0.0,87.81700000000001,,
13,15.0,825,1041,1.0,0.0,0.0,49.585,2020,Haas,,0,1,15,1.0,0.0,87.231,87.125,
14,18.0,849,1041,1.0,0.0,0.0,54.449,2020,Williams,,0,1,18,0.0,0.0,87.812,,
15,13.0,826,1041,1.0,0.0,0.0,55.588,2020,AlphaTauri,,0,1,13,1.0,0.0,87.285,86.848,
NC,8.0,846,1041,0.0,1.0,,,2020,McLaren,,0,1,8,1.0,1.0,86.82900000000001,86.316,86.458
NC,5.0,848,1041,0.0,1.0,,,2020,Red Bull Racing,,0,1,5,1.0,1.0,87.126,86.285,86.047
NC,7.0,839,1041,0.0,1.0,,,2020,Renault,,0,1,7,1.0,1.0,87.086,86.364,86.242
NC,1.0,822,1041,0.0,1.0,,,2020,Mercedes,,0,1,1,1.0,1.0,86.57300000000001,85.971,85.269
NC,17.0,847,1041,0.0,1.0,,,2020,Williams,,0,1,17,0.0,0.0,87.564,,
1,1.0,1,1042,1.0,0.0,0.0,0.0,2020,Mercedes,,1,0,1,1.0,1.0,76.828,76.824,76.652
2,2.0,822,1042,1.0,0.0,0.0,25.592,2020,Mercedes,,1,0,2,1.0,1.0,76.945,76.46600000000001,76.754
3,3.0,830,1042,1.0,0.0,0.0,34.508,2020,Red Bull Racing,,1,0,3,1.0,1.0,76.879,77.038,76.904
4,4.0,844,1042,1.0,0.0,0.0,65.312,2020,Ferrari,,1,0,4,1.0,1.0,77.42099999999999,77.367,77.09
5,9.0,842,1042,1.0,0.0,1.0,,2020,AlphaTauri,,1,0,9,1.0,1.0,77.209,77.367,77.803
6,7.0,832,1042,1.0,0.0,1.0,,2020,McLaren,,1,0,7,1.0,1.0,77.627,77.18299999999999,77.52
7,5.0,815,1042,1.0,0.0,1.0,,2020,Racing Point,,1,0,5,1.0,1.0,77.37,77.129,77.223
8,11.0,839,1042,1.0,0.0,1.0,,2020,Renault,,1,0,11,1.0,0.0,77.775,77.614,
9,10.0,817,1042,1.0,0.0,1.0,,2020,Renault,,1,0,10,1.0,0.0,77.621,77.481,
10,15.0,20,1042,1.0,0.0,1.0,,2020,Ferrari,,1,0,15,1.0,0.0,77.446,77.919,
11,16.0,8,1042,1.0,0.0,1.0,,2020,Alfa Romeo,,1,0,16,0.0,0.0,78.201,,
12,6.0,848,1042,1.0,0.0,1.0,,2020,Red Bull Racing,,1,0,6,1.0,1.0,77.435,77.411,77.437
13,8.0,846,1042,1.0,0.0,1.0,,2020,McLaren,,1,0,8,1.0,1.0,77.547,77.321,77.525
14,14.0,847,1042,1.0,0.0,1.0,,2020,Williams,,1,0,14,1.0,0.0,77.931,77.788,
15,17.0,841,1042,1.0,0.0,1.0,,2020,Alfa Romeo,,1,0,17,0.0,0.0,78.32300000000001,,
16,19.0,825,1042,1.0,0.0,1.0,,2020,Haas,,1,0,19,0.0,0.0,78.508,,
17,18.0,154,1042,1.0,0.0,1.0,,2020,Haas,,1,0,18,0.0,0.0,78.364,,
18,20.0,849,1042,1.0,0.0,2.0,,2020,Williams,,1,0,20,0.0,0.0,78.777,,
19,13.0,826,1042,1.0,0.0,2.0,,2020,AlphaTauri,,1,0,13,1.0,0.0,77.84100000000001,77.72800000000001,
NC,12.0,840,1042,0.0,1.0,,,2020,Racing Point,,1,0,12,1.0,0.0,77.667,77.626,
1,2.0,1,1043,1.0,0.0,0.0,0.0,2020,Mercedes,,0,1,2,1.0,1.0,74.229,74.643,73.706
2,1.0,822,1043,1.0,0.0,0.0,5.783,2020,Mercedes,,0,1,1,1.0,1.0,74.221,74.58500000000001,73.609
3,5.0,817,1043,1.0,0.0,0.0,14.32,2020,Renault,,0,1,5,1.0,1.0,75.474,74.953,74.52
4,8.0,826,1043,1.0,0.0,0.0,15.141,2020,AlphaTauri,,0,1,8,1.0,1.0,75.412,75.022,74.696
5,7.0,844,1043,1.0,0.0,0.0,19.111,2020,Ferrari,,0,1,7,1.0,1.0,75.123,75.017,74.616
6,11.0,815,1043,1.0,0.0,0.0,19.652,2020,Racing Point,,0,1,11,1.0,0.0,75.407,75.061,
7,10.0,832,1043,1.0,0.0,0.0,20.23,2020,McLaren,,0,1,10,1.0,1.0,75.528,75.027,74.911
8,9.0,846,1043,1.0,0.0,0.0,21.131,2020,McLaren,,0,1,9,1.0,1.0,75.274,75.051,74.814
9,18.0,8,1043,1.0,0.0,0.0,22.224,2020,Alfa Romeo,,0,1,18,0.0,0.0,75.953,,
10,20.0,841,1043,1.0,0.0,0.0,26.398,2020,Alfa Romeo,,0,1,20,0.0,0.0,76.208,,
11,19.0,849,1043,1.0,0.0,0.0,27.135,2020,Williams,,0,1,19,0.0,0.0,75.987,,
12,14.0,20,1043,1.0,0.0,0.0,28.453,2020,Ferrari,,0,1,14,1.0,0.0,75.571,75.385,
13,15.0,840,1043,1.0,0.0,0.0,29.163,2020,Racing Point,,0,1,15,1.0,0.0,75.822,75.494,
14,16.0,154,1043,1.0,0.0,0.0,32.935,2020,Haas,,0,1,16,0.0,0.0,75.918,,
15,6.0,848,1043,1.0,0.0,0.0,57.284,2020,Red Bull Racing,,0,1,6,1.0,1.0,75.402,74.745,74.572
NC,13.0,847,1043,0.0,1.0,,,2020,Williams,,0,1,13,1.0,0.0,75.76,75.32300000000001,
NC,3.0,830,1043,0.0,1.0,,,2020,Red Bull Racing,,0,1,3,1.0,1.0,75.034,74.974,74.176
NC,17.0,825,1043,0.0,1.0,,,2020,Haas,,0,1,17,0.0,0.0,75.939,,
NC,12.0,839,1043,0.0,1.0,,,2020,Renault,,0,1,12,1.0,0.0,75.352,75.201,
NC,4.0,842,1043,0.0,1.0,,,2020,AlphaTauri,,0,1,4,1.0,1.0,75.18299999999999,74.681,74.502
1,6.0,1,1044,1.0,0.0,0.0,0.0,2020,Mercedes,,0,1,6,1.0,1.0,127.599,112.709,112.56
2,3.0,815,1044,1.0,0.0,0.0,31.633,2020,Racing Point,,0,1,3,1.0,1.0,127.614,114.097,109.321
3,11.0,20,1044,1.0,0.0,0.0,31.96,2020,Ferrari,,0,1,12,1.0,0.0,123.356,115.169,
4,12.0,844,1044,1.0,0.0,0.0,33.858,2020,Ferrari,,0,1,14,1.0,0.0,124.464,116.696,
5,15.0,832,1044,1.0,0.0,0.0,34.363,2020,McLaren,,0,1,13,1.0,0.0,127.489,115.41,
6,2.0,830,1044,1.0,0.0,0.0,44.873,2020,Red Bull Racing,,0,1,2,1.0,1.0,117.485,110.293,108.055
7,4.0,848,1044,1.0,0.0,0.0,46.484,2020,Red Bull Racing,,0,1,4,1.0,1.0,119.431,112.282,110.448
8,14.0,846,1044,1.0,0.0,0.0,61.259,2020,McLaren,,0,1,11,1.0,0.0,127.167,114.945,
9,1.0,840,1044,1.0,0.0,0.0,72.353,2020,Racing Point,,0,1,1,1.0,1.0,127.467,113.372,107.765
10,5.0,817,1044,1.0,0.0,0.0,95.46,2020,Renault,,0,1,5,1.0,1.0,125.598,114.278,111.595
11,7.0,839,1044,1.0,0.0,1.0,,2020,Renault,,0,1,7,1.0,1.0,126.115,113.657,112.622
12,16.0,826,1044,1.0,0.0,1.0,,2020,AlphaTauri,,0,1,17,0.0,0.0,129.07,,
13,19.0,842,1044,1.0,0.0,1.0,,2020,AlphaTauri,,0,1,15,1.0,0.0,125.579,118.556,
14,9.0,822,1044,1.0,0.0,1.0,,2020,Mercedes,,0,1,9,1.0,1.0,127.001,113.767,113.258
15,8.0,8,1044,1.0,0.0,1.0,,2020,Alfa Romeo,,0,1,8,1.0,1.0,121.249,113.793,112.745
16,20.0,847,1044,1.0,0.0,1.0,,2020,Williams,,0,1,18,0.0,0.0,130.017,,
17,13.0,825,1044,0.0,1.0,,,2020,Haas,,0,1,16,0.0,0.0,128.007,,
NC,17.0,154,1044,0.0,1.0,,,2020,Haas,,0,1,19,0.0,0.0,132.909,,
NC,18.0,849,1044,0.0,1.0,,,2020,Williams,,0,1,20,0.0,0.0,141.611,,
NC,10.0,841,1044,0.0,1.0,,,2020,Alfa Romeo,,0,1,10,1.0,1.0,127.341,113.431,117.226
1,1.0,1,1045,1.0,0.0,0.0,0.0,2020,Mercedes,,0,1,1,1.0,1.0,88.343,87.586,87.264
2,3.0,830,1045,1.0,0.0,0.0,1.254,2020,Red Bull Racing,,0,1,3,1.0,1.0,88.885,88.025,87.678
3,4.0,848,1045,1.0,0.0,0.0,8.005,2020,Red Bull Racing,,0,1,4,1.0,1.0,88.732,88.749,88.274
4,9.0,846,1045,1.0,0.0,0.0,11.337,2020,McLaren,,0,1,9,1.0,1.0,89.464,88.877,88.542
5,15.0,832,1045,1.0,0.0,0.0,11.787,2020,McLaren,,0,1,15,0.0,0.0,88.975,,
6,8.0,842,1045,1.0,0.0,0.0,11.942,2020,AlphaTauri,,0,1,8,1.0,1.0,88.971,89.008,88.44800000000001
7,6.0,817,1045,1.0,0.0,0.0,19.368,2020,Renault,,0,1,6,1.0,1.0,89.005,88.648,88.417
8,2.0,822,1045,1.0,0.0,0.0,19.68,2020,Mercedes,,0,1,2,1.0,1.0,88.767,88.063,87.553
9,7.0,839,1045,1.0,0.0,0.0,22.803,2020,Renault,,0,1,7,1.0,1.0,89.203,88.937,88.419
10,12.0,844,1045,1.0,0.0,1.0,,2020,Ferrari,,0,1,12,1.0,0.0,89.137,89.16499999999999,
11,10.0,826,1045,1.0,0.0,1.0,,2020,AlphaTauri,,0,1,10,1.0,1.0,89.158,88.944,88.618
12,14.0,847,1045,1.0,0.0,1.0,,2020,Williams,,0,1,14,1.0,0.0,89.294,91.218,
13,11.0,20,1045,1.0,0.0,1.0,,2020,Ferrari,,0,1,11,1.0,0.0,89.142,89.149,
14,20.0,849,1045,1.0,0.0,1.0,,2020,Williams,,0,1,20,0.0,0.0,90.182,,
15,17.0,8,1045,1.0,0.0,1.0,,2020,Alfa Romeo,,0,1,17,0.0,0.0,89.81,,
16,16.0,841,1045,1.0,0.0,1.0,,2020,Alfa Romeo,,0,1,16,0.0,0.0,89.491,,
17,18.0,825,1045,1.0,0.0,1.0,,2020,Haas,,0,1,18,0.0,0.0,90.111,,
18,5.0,815,1045,0.0,1.0,,,2020,Racing Point,,0,1,5,1.0,1.0,89.178,88.894,88.322
NC,13.0,840,1045,0.0,1.0,,,2020,Racing Point,,0,1,13,1.0,0.0,88.679,89.557,
NC,19.0,154,1045,0.0,1.0,,,2020,Haas,,0,1,19,0.0,0.0,90.138,,
1,5.0,815,1046,1.0,0.0,0.0,0.0,2020,Racing Point,,0,1,5,1.0,1.0,54.236,53.787,53.79
2,11.0,839,1046,1.0,0.0,0.0,10.518,2020,Renault,,0,1,11,1.0,0.0,54.309,53.995,
3,10.0,840,1046,1.0,0.0,0.0,11.869,2020,Racing Point,,0,1,10,1.0,1.0,54.595,53.84,54.2
4,8.0,832,1046,1.0,0.0,0.0,12.58,2020,McLaren,,0,1,8,1.0,1.0,54.45,53.818,54.01
5,7.0,817,1046,1.0,0.0,0.0,13.33,2020,Renault,,0,1,7,1.0,1.0,54.388,53.871,53.957
6,12.0,848,1046,1.0,0.0,0.0,13.842,2020,Red Bull Racing,,0,1,12,1.0,0.0,54.62,54.026,
7,6.0,826,1046,1.0,0.0,0.0,14.534,2020,AlphaTauri,,0,1,6,1.0,1.0,54.346,53.856,53.906
8,1.0,822,1046,1.0,0.0,0.0,15.389,2020,Mercedes,,0,1,1,1.0,1.0,53.904,53.803,53.377
9,2.0,847,1046,1.0,0.0,0.0,18.556,2020,Williams,,0,1,2,1.0,1.0,54.16,53.819,53.403
10,15.0,846,1046,1.0,0.0,0.0,19.541,2020,McLaren,,0,1,15,1.0,0.0,54.194,54.693,
11,9.0,842,1046,1.0,0.0,0.0,20.527,2020,AlphaTauri,,0,1,9,1.0,1.0,54.207,53.941,54.154
12,13.0,20,1046,1.0,0.0,0.0,22.611,2020,Ferrari,,0,1,13,1.0,0.0,54.301,54.175,
13,14.0,841,1046,1.0,0.0,0.0,24.111,2020,Alfa Romeo,,0,1,14,1.0,0.0,54.523,54.377,
14,19.0,8,1046,1.0,0.0,0.0,26.153,2020,Alfa Romeo,,0,1,19,0.0,0.0,54.963,,
15,16.0,825,1046,1.0,0.0,0.0,32.37,2020,Haas,,0,1,16,0.0,0.0,54.705,,
16,18.0,851,1046,1.0,0.0,0.0,33.674,2020,Williams,,0,1,18,0.0,0.0,54.892,,
17,20.0,850,1046,1.0,0.0,0.0,36.858,2020,Haas,,0,1,20,0.0,0.0,55.426,,
NC,17.0,849,1046,0.0,1.0,,,2020,Williams,,0,1,17,0.0,0.0,54.796,,
NC,3.0,830,1046,0.0,1.0,,,2020,Red Bull Racing,,0,1,3,1.0,1.0,54.037,53.647,53.433
NC,4.0,844,1046,0.0,1.0,,,2020,Ferrari,,0,1,4,1.0,1.0,54.249,53.825,53.613
1,1.0,830,1047,1.0,0.0,0.0,0.0,2020,Red Bull Racing,,0,1,1,1.0,1.0,95.993,95.641,95.246
2,2.0,822,1047,1.0,0.0,0.0,15.976,2020,Mercedes,,0,1,2,1.0,1.0,95.699,95.527,95.271
3,3.0,1,1047,1.0,0.0,0.0,18.415,2020,Mercedes,,0,1,3,1.0,1.0,95.528,95.466,95.332
4,5.0,848,1047,1.0,0.0,0.0,19.987,2020,Red Bull Racing,,0,1,5,1.0,1.0,96.106,95.654,95.571
5,4.0,846,1047,1.0,0.0,0.0,60.729,2020,McLaren,,0,1,4,1.0,1.0,96.016,95.849,95.497
6,6.0,832,1047,1.0,0.0,0.0,65.662,2020,McLaren,,0,1,6,1.0,1.0,96.517,96.192,95.815
7,11.0,817,1047,1.0,0.0,0.0,73.748,2020,Renault,,0,1,12,1.0,0.0,96.704,96.406,
8,9.0,842,1047,1.0,0.0,0.0,89.718,2020,AlphaTauri,,0,1,10,1.0,1.0,96.545,96.282,96.242
9,10.0,839,1047,1.0,0.0,0.0,101.069,2020,Renault,,0,1,11,1.0,0.0,96.783,96.359,
10,8.0,840,1047,1.0,0.0,0.0,102.738,2020,Racing Point,,0,1,8,1.0,1.0,96.502,96.143,96.046
11,7.0,826,1047,1.0,0.0,1.0,,2020,AlphaTauri,,0,1,7,1.0,1.0,96.459,96.214,95.963
12,15.0,8,1047,1.0,0.0,1.0,,2020,Alfa Romeo,,0,1,16,0.0,0.0,97.555,,
13,12.0,844,1047,1.0,0.0,1.0,,2020,Ferrari,,0,1,9,1.0,1.0,95.881,95.932,96.065
14,13.0,20,1047,1.0,0.0,1.0,,2020,Ferrari,,0,1,13,1.0,0.0,96.655,96.631,
15,16.0,847,1047,1.0,0.0,1.0,,2020,Williams,,0,1,18,0.0,0.0,98.045,,
16,14.0,841,1047,1.0,0.0,1.0,,2020,Alfa Romeo,,0,1,14,1.0,0.0,97.075,98.248,
17,18.0,849,1047,1.0,0.0,1.0,,2020,Williams,,0,1,20,0.0,0.0,98.443,,
18,20.0,825,1047,1.0,0.0,1.0,,2020,Haas,,0,1,17,0.0,0.0,97.863,,
19,17.0,850,1047,1.0,0.0,2.0,,2020,Haas,,0,1,19,0.0,0.0,98.173,,
NC,19.0,815,1047,0.0,1.0,,,2020,Racing Point,,0,1,15,0.0,0.0,96.034,,
1,2.0,1,1052,1.0,0.0,0.0,0.0,2021,Mercedes,,0,1,2.0,1.0,1.0,90.617,90.085,89.385
2,1.0,830,1052,1.0,0.0,0.0,0.745,2021,Red Bull Racing,,0,1,1.0,1.0,1.0,90.499,90.318,88.997
3,3.0,822,1052,1.0,0.0,0.0,37.383,2021,Mercedes,,0,1,3.0,1.0,1.0,91.2,90.186,89.586
4,7.0,846,1052,1.0,0.0,0.0,46.466,2021,McLaren,,0,1,7.0,1.0,1.0,90.902,90.099,89.974
5,11.0,815,1052,1.0,0.0,0.0,52.047,2021,Red Bull Racing,,0,1,11.0,1.0,0.0,91.165,90.659,
6,4.0,844,1052,1.0,0.0,0.0,59.09,2021,Ferrari,,0,1,4.0,1.0,1.0,90.691,90.01,89.678
7,6.0,817,1052,1.0,0.0,0.0,66.004,2021,McLaren,,0,1,6.0,1.0,1.0,90.795,90.222,89.92699999999999
8,8.0,832,1052,1.0,0.0,0.0,67.1,2021,Ferrari,,0,1,8.0,1.0,1.0,91.653,90.009,90.215
9,13.0,852,1052,1.0,0.0,0.0,85.692,2021,AlphaTauri,,0,1,13.0,1.0,0.0,90.607,91.203,
10,10.0,840,1052,1.0,0.0,0.0,86.713,2021,Aston Martin,,0,1,10.0,1.0,1.0,91.261,90.624,90.601
11,14.0,8,1052,1.0,0.0,0.0,88.864,2021,Alfa Romeo,,0,1,14.0,1.0,0.0,91.547,91.238,
12,12.0,841,1052,1.0,0.0,1.0,,2021,Alfa Romeo,,0,1,12.0,1.0,0.0,90.998,90.708,
13,16.0,839,1052,1.0,0.0,1.0,,2021,Alpine,,0,1,16.0,0.0,0.0,91.724,,
14,15.0,847,1052,1.0,0.0,1.0,,2021,Williams,,0,1,15.0,1.0,0.0,91.316,93.43,
15,20.0,20,1052,1.0,0.0,1.0,,2021,Aston Martin,,0,1,18.0,0.0,0.0,92.056,,
16,18.0,854,1052,1.0,0.0,1.0,,2021,Haas,,0,1,19.0,0.0,0.0,92.449,,
17,5.0,842,1052,0.0,1.0,,,2021,AlphaTauri,,0,1,5.0,1.0,1.0,90.848,90.513,89.809
18,17.0,849,1052,0.0,1.0,,,2021,Williams,,0,1,17.0,0.0,0.0,91.936,,
NC,9.0,4,1052,0.0,1.0,,,2021,Alpine,,0,1,9.0,1.0,1.0,90.863,90.595,90.249
NC,19.0,853,1052,0.0,1.0,,,2021,Haas,,0,1,20.0,0.0,0.0,93.273,,
1,2.0,830,1053,1.0,0.0,0.0,0.0,2021,Red Bull Racing,,0,1,3.0,1.0,1.0,75.109,74.884,74.498
2,1.0,1,1053,1.0,0.0,0.0,22.0,2021,Mercedes,,0,1,1.0,1.0,1.0,74.82300000000001,74.81700000000001,74.411
3,7.0,846,1053,1.0,0.0,0.0,23.702,2021,McLaren,,0,1,7.0,1.0,1.0,75.009,74.718,74.875
4,4.0,844,1053,1.0,0.0,0.0,25.579,2021,Ferrari,,0,1,4.0,1.0,1.0,75.413,74.80799999999999,74.74
5,11.0,832,1053,1.0,0.0,0.0,27.036,2021,Ferrari,,0,1,11.0,1.0,0.0,75.406,75.199,
6,6.0,817,1053,1.0,0.0,0.0,51.22,2021,McLaren,,0,1,6.0,1.0,1.0,75.669,75.033,74.826
7,5.0,842,1053,1.0,0.0,0.0,52.818,2021,AlphaTauri,,0,1,5.0,1.0,1.0,75.548,74.92699999999999,74.78999999999999
8,10.0,840,1053,1.0,0.0,0.0,56.909,2021,Aston Martin,,0,1,10.0,1.0,0.0,75.522,75.138,
9,9.0,839,1053,1.0,0.0,0.0,65.704,2021,Alpine,,0,1,9.0,1.0,1.0,75.385,75.117,75.21000000000001
10,15.0,4,1053,1.0,0.0,0.0,66.561,2021,Alpine,,0,1,15.0,1.0,0.0,75.832,75.593,
11,2.0,815,1053,1.0,0.0,0.0,67.151,2021,Red Bull Racing,,0,1,2.0,1.0,1.0,75.395,74.716,74.446
12,20.0,852,1053,1.0,0.0,0.0,73.184,2021,AlphaTauri,,0,1,20.0,0.0,0.0,,,
13,16.0,8,1053,1.0,0.0,0.0,94.773,2021,Alfa Romeo,,0,1,16.0,0.0,0.0,75.974,,
14,17.0,841,1053,1.0,0.0,1.0,,2021,Alfa Romeo,,0,1,17.0,0.0,0.0,76.122,,
15,13.0,20,1053,0.0,1.0,,,2021,Aston Martin,,0,1,13.0,1.0,0.0,75.459,75.394,
16,18.0,854,1053,1.0,0.0,2.0,,2021,Haas,,0,1,18.0,0.0,0.0,76.279,,
17,19.0,853,1053,1.0,0.0,2.0,,2021,Haas,,0,1,19.0,0.0,0.0,76.797,,
NC,8.0,822,1053,0.0,1.0,,,2021,Mercedes,,0,1,8.0,1.0,1.0,74.672,74.905,74.898
NC,12.0,847,1053,0.0,1.0,,,2021,Williams,,0,1,12.0,1.0,0.0,75.826,75.261,
NC,14.0,849,1053,0.0,1.0,,,2021,Williams,,0,1,14.0,1.0,0.0,75.653,75.593,
1,2.0,1,1054,1.0,0.0,0.0,0.0,2021,Mercedes,,0,1,2.0,1.0,1.0,78.857,77.968,78.355
2,3.0,830,1054,1.0,0.0,0.0,29.148,2021,Red Bull Racing,,0,1,3.0,1.0,1.0,79.485,78.65,78.746
3,1.0,822,1054,1.0,0.0,0.0,33.53,2021,Mercedes,,0,1,1.0,1.0,1.0,78.72200000000001,78.458,78.348
4,4.0,815,1054,1.0,0.0,0.0,39.735,2021,Red Bull Racing,,0,1,4.0,1.0,1.0,79.337,78.845,78.89
5,7.0,846,1054,1.0,0.0,0.0,51.369,2021,McLaren,,0,1,7.0,1.0,1.0,78.794,78.481,79.116
6,8.0,844,1054,1.0,0.0,0.0,55.781,2021,Ferrari,,0,1,8.0,1.0,1.0,79.373,78.769,79.306
7,6.0,839,1054,1.0,0.0,0.0,63.749,2021,Alpine,,0,1,6.0,1.0,1.0,79.092,78.586,79.042
8,13.0,4,1054,1.0,0.0,0.0,64.808,2021,Alpine,,0,1,13.0,1.0,0.0,79.72800000000001,79.456,
9,16.0,817,1054,1.0,0.0,0.0,75.369,2021,McLaren,,0,1,16.0,0.0,0.0,79.839,,
10,9.0,842,1054,1.0,0.0,0.0,76.463,2021,AlphaTauri,,0,1,9.0,1.0,1.0,79.464,79.05199999999999,79.475
11,5.0,832,1054,1.0,0.0,0.0,78.955,2021,Ferrari,,0,1,5.0,1.0,1.0,79.309,78.813,79.039
12,12.0,841,1054,1.0,0.0,1.0,,2021,Alfa Romeo,,0,1,12.0,1.0,0.0,79.41,79.21600000000001,
13,10.0,20,1054,1.0,0.0,1.0,,2021,Aston Martin,,0,1,10.0,1.0,1.0,79.40299999999999,78.97,79.65899999999999
14,17.0,840,1054,1.0,0.0,1.0,,2021,Aston Martin,,0,1,17.0,0.0,0.0,79.913,,
15,14.0,852,1054,1.0,0.0,1.0,,2021,AlphaTauri,,0,1,14.0,1.0,0.0,79.684,79.463,
16,11.0,847,1054,1.0,0.0,1.0,,2021,Williams,,0,1,11.0,1.0,0.0,79.797,79.10900000000001,
17,19.0,854,1054,1.0,0.0,2.0,,2021,Haas,,0,1,19.0,0.0,0.0,80.452,,
18,18.0,849,1054,1.0,0.0,2.0,,2021,Williams,,0,1,18.0,0.0,0.0,80.285,,
19,20.0,853,1054,1.0,0.0,2.0,,2021,Haas,,0,1,20.0,0.0,0.0,80.912,,
NC,15.0,8,1054,0.0,1.0,,,2021,Alfa Romeo,,0,1,15.0,1.0,0.0,79.748,79.812,
1,1.0,1,1055,1.0,0.0,0.0,0.0,2021,Mercedes,,0,1,1.0,1.0,1.0,78.245,77.166,76.741
2,2.0,830,1055,1.0,0.0,0.0,15.841,2021,Red Bull Racing,,0,1,2.0,1.0,1.0,78.09,76.922,76.777
3,3.0,822,1055,1.0,0.0,0.0,26.61,2021,Mercedes,,0,1,3.0,1.0,1.0,78.005,77.142,76.873
4,4.0,844,1055,1.0,0.0,0.0,54.616,2021,Ferrari,,0,1,4.0,1.0,1.0,78.041,77.717,77.51
5,8.0,815,1055,1.0,0.0,0.0,63.671,2021,Red Bull Racing,,0,1,8.0,1.0,1.0,78.203,77.669,77.701
6,7.0,817,1055,1.0,0.0,0.0,73.768,2021,McLaren,,0,1,7.0,1.0,1.0,78.264,77.719,77.622
7,6.0,832,1055,1.0,0.0,0.0,74.67,2021,Ferrari,,0,1,6.0,1.0,1.0,78.205,77.656,77.62
8,9.0,846,1055,1.0,0.0,1.0,,2021,McLaren,,0,1,9.0,1.0,1.0,77.821,77.696,78.01
9,5.0,839,1055,1.0,0.0,1.0,,2021,Alpine,,0,1,5.0,1.0,1.0,78.281,77.743,77.58
10,12.0,842,1055,1.0,0.0,1.0,,2021,AlphaTauri,,0,1,12.0,1.0,0.0,78.19,77.982,
11,11.0,840,1055,1.0,0.0,1.0,,2021,Aston Martin,,0,1,11.0,1.0,0.0,78.241,77.974,
12,17.0,8,1055,1.0,0.0,1.0,,2021,Alfa Romeo,,0,1,17.0,0.0,0.0,78.917,,
13,13.0,20,1055,1.0,0.0,1.0,,2021,Aston Martin,,0,1,13.0,1.0,0.0,78.289,78.07900000000001,
14,15.0,847,1055,1.0,0.0,1.0,,2021,Williams,,0,1,15.0,1.0,0.0,78.445,79.154,
15,14.0,841,1055,1.0,0.0,1.0,,2021,Alfa Romeo,,0,1,14.0,1.0,0.0,78.549,78.356,
16,19.0,849,1055,1.0,0.0,1.0,,2021,Williams,,0,1,19.0,0.0,0.0,79.219,,
17,10.0,4,1055,1.0,0.0,1.0,,2021,Alpine,,0,1,10.0,1.0,1.0,78.281,77.96600000000001,78.14699999999999
18,18.0,854,1055,1.0,0.0,2.0,,2021,Haas,,0,1,18.0,0.0,0.0,79.117,,
19,20.0,853,1055,1.0,0.0,2.0,,2021,Haas,,0,1,20.0,0.0,0.0,79.807,,
NC,16.0,852,1055,0.0,1.0,,,2021,AlphaTauri,,0,1,16.0,0.0,0.0,78.556,,
1,2.0,830,1056,1.0,0.0,0.0,0.0,2021,Red Bull Racing,,0,1,2.0,1.0,1.0,71.124,70.65,70.576
2,4.0,832,1056,1.0,0.0,0.0,8.968,2021,Ferrari,,0,1,4.0,1.0,1.0,71.324,70.806,70.611
3,5.0,846,1056,1.0,0.0,0.0,19.427,2021,McLaren,,0,1,5.0,1.0,1.0,71.321,71.031,70.62
4,9.0,815,1056,1.0,0.0,0.0,20.49,2021,Red Bull Racing,,0,1,9.0,1.0,1.0,71.644,71.019,71.57300000000001
5,8.0,20,1056,1.0,0.0,0.0,52.591,2021,Aston Martin,,0,1,8.0,1.0,1.0,72.078,71.309,71.419
6,6.0,842,1056,1.0,0.0,0.0,53.896,2021,AlphaTauri,,0,1,6.0,1.0,1.0,71.56,71.179,70.9
7,7.0,1,1056,1.0,0.0,0.0,68.231,2021,Mercedes,,0,1,7.0,1.0,1.0,71.622,71.116,71.095
8,13.0,840,1056,1.0,0.0,1.0,,2021,Aston Martin,,0,1,13.0,1.0,0.0,71.979,71.6,
9,11.0,839,1056,1.0,0.0,1.0,,2021,Alpine,,0,1,11.0,1.0,0.0,71.74,71.486,
10,10.0,841,1056,1.0,0.0,1.0,,2021,Alfa Romeo,,0,1,10.0,1.0,1.0,71.658,71.409,71.779
11,14.0,8,1056,1.0,0.0,1.0,,2021,Alfa Romeo,,0,1,14.0,1.0,0.0,71.899,71.642,
12,12.0,817,1056,1.0,0.0,1.0,,2021,McLaren,,0,1,12.0,1.0,0.0,71.747,71.598,
13,17.0,4,1056,1.0,0.0,1.0,,2021,Alpine,,0,1,17.0,0.0,0.0,72.205,,
14,15.0,847,1056,1.0,0.0,1.0,,2021,Williams,,0,1,15.0,1.0,0.0,72.016,71.83,
15,18.0,849,1056,1.0,0.0,1.0,,2021,Williams,,0,1,18.0,0.0,0.0,72.366,,
16,16.0,852,1056,1.0,0.0,1.0,,2021,AlphaTauri,,0,1,16.0,0.0,0.0,72.096,,
17,19.0,853,1056,1.0,0.0,3.0,,2021,Haas,,0,1,19.0,0.0,0.0,72.958,,
18,20.0,854,1056,1.0,0.0,3.0,,2021,Haas,,0,1,,,,,,
NC,3.0,822,1056,0.0,1.0,,,2021,Mercedes,,0,1,3.0,1.0,1.0,70.938,70.695,70.601
NC,1.0,844,1056,0.0,1.0,,,2021,Ferrari,,0,1,1.0,1.0,1.0,71.113,70.597,70.346
1,6.0,815,1057,1.0,0.0,0.0,0.0,2021,Red Bull Racing,,0,1,7.0,1.0,1.0,101.968,101.63,101.917
2,11.0,20,1057,1.0,0.0,0.0,1.385,2021,Aston Martin,,0,1,11.0,1.0,0.0,102.46,102.224,
3,4.0,842,1057,1.0,0.0,0.0,2.762,2021,AlphaTauri,,0,1,4.0,1.0,1.0,102.288,101.932,101.565
4,1.0,844,1057,1.0,0.0,0.0,3.828,2021,Ferrari,,0,1,1.0,1.0,1.0,102.241,101.659,101.218
5,9.0,846,1057,1.0,0.0,0.0,4.754,2021,McLaren,,0,1,6.0,1.0,1.0,102.167,101.813,101.747
6,8.0,4,1057,1.0,0.0,0.0,6.382,2021,Alpine,,0,1,9.0,1.0,1.0,102.934,102.195,102.327
7,7.0,852,1057,1.0,0.0,0.0,6.624,2021,AlphaTauri,,0,1,8.0,1.0,1.0,102.521,101.654,102.211
8,5.0,832,1057,1.0,0.0,0.0,7.709,2021,Ferrari,,0,1,5.0,1.0,1.0,102.121,101.74,101.576
9,13.0,817,1057,1.0,0.0,0.0,8.874,2021,McLaren,,0,1,13.0,1.0,0.0,102.304,102.558,
10,14.0,8,1057,1.0,0.0,0.0,9.576,2021,Alfa Romeo,,0,1,14.0,1.0,0.0,102.923,102.587,
11,20.0,841,1057,1.0,0.0,0.0,10.254,2021,Alfa Romeo,,0,1,20.0,0.0,0.0,,,
12,10.0,822,1057,1.0,0.0,0.0,11.264,2021,Mercedes,,0,1,10.0,1.0,1.0,102.701,102.106,102.659
13,17.0,854,1057,1.0,0.0,0.0,14.241,2021,Haas,,0,1,17.0,0.0,0.0,104.158,,
14,18.0,853,1057,1.0,0.0,0.0,14.315,2021,Haas,,0,1,18.0,0.0,0.0,104.238,,
15,2.0,1,1057,1.0,0.0,0.0,17.668,2021,Mercedes,,0,1,2.0,1.0,1.0,101.545,101.634,101.45
16,16.0,849,1057,1.0,0.0,0.0,42.379,2021,Williams,,0,1,16.0,0.0,0.0,103.128,,
17,15.0,847,1057,0.0,1.0,,,2021,Williams,,0,1,15.0,1.0,0.0,102.728,102.758,
18,3.0,830,1057,0.0,1.0,,,2021,Red Bull Racing,,0,1,3.0,1.0,1.0,101.76,101.625,101.563
NC,19.0,840,1057,0.0,1.0,,,2021,Aston Martin,,0,1,19.0,0.0,0.0,,,
NC,12.0,839,1057,0.0,1.0,,,2021,Alpine,,0,1,12.0,1.0,0.0,102.426,102.273,
1,1.0,830,1059,1.0,0.0,0.0,0.0,2021,Red Bull Racing,,0,1,1.0,1.0,1.0,91.001,91.08,89.99
2,2.0,1,1059,1.0,0.0,0.0,2.904,2021,Mercedes,,0,1,2.0,1.0,1.0,91.237,90.788,90.248
3,4.0,815,1059,1.0,0.0,0.0,8.811,2021,Red Bull Racing,,0,1,4.0,1.0,1.0,91.56,90.971,90.445
4,3.0,822,1059,1.0,0.0,0.0,14.618,2021,Mercedes,,0,1,3.0,1.0,1.0,91.669,90.735,90.376
5,8.0,846,1059,1.0,0.0,0.0,64.032,2021,McLaren,,0,1,8.0,1.0,1.0,91.733,91.542,91.252
6,10.0,817,1059,1.0,0.0,0.0,75.857,2021,McLaren,,0,1,10.0,1.0,1.0,92.181,91.615,91.382
7,6.0,842,1059,1.0,0.0,0.0,76.596,2021,AlphaTauri,,0,1,6.0,1.0,1.0,91.898,91.353,90.868
8,9.0,4,1059,1.0,0.0,0.0,77.695,2021,Alpine,,0,1,9.0,1.0,1.0,92.158,91.549,91.34
9,12.0,20,1059,1.0,0.0,0.0,79.666,2021,Aston Martin,,0,1,12.0,1.0,0.0,92.132,91.767,
10,19.0,840,1059,1.0,0.0,0.0,91.946,2021,Aston Martin,,0,1,19.0,0.0,0.0,,,
11,5.0,832,1059,1.0,0.0,0.0,99.337,2021,Ferrari,,0,1,5.0,1.0,1.0,92.079,91.146,90.84
12,14.0,847,1059,1.0,0.0,1.0,,2021,Williams,,0,1,14.0,1.0,0.0,93.06,92.065,
13,20.0,852,1059,1.0,0.0,1.0,,2021,AlphaTauri,,0,1,20.0,0.0,0.0,,,
14,11.0,839,1059,1.0,0.0,1.0,,2021,Alpine,,0,1,11.0,1.0,0.0,92.139,91.736,
15,13.0,841,1059,1.0,0.0,1.0,,2021,Alfa Romeo,,0,1,13.0,1.0,0.0,92.722,91.813,
16,7.0,844,1059,1.0,0.0,1.0,,2021,Ferrari,,0,1,7.0,1.0,1.0,92.209,91.567,90.987
17,17.0,8,1059,1.0,0.0,1.0,,2021,Alfa Romeo,,0,1,17.0,0.0,0.0,93.354,,
18,16.0,849,1059,1.0,0.0,1.0,,2021,Williams,,0,1,16.0,0.0,0.0,93.062,,
19,15.0,854,1059,1.0,0.0,1.0,,2021,Haas,,0,1,15.0,0.0,0.0,92.942,,
20,18.0,853,1059,1.0,0.0,1.0,,2021,Haas,,0,1,18.0,0.0,0.0,93.554,,
1,1.0,830,1058,1.0,0.0,0.0,0.0,2021,Red Bull Racing,,1,1,1.0,1.0,1.0,64.489,64.43299999999999,63.841
2,2.0,1,1058,1.0,0.0,0.0,35.743,2021,Mercedes,,1,1,3.0,1.0,1.0,64.672,64.512,64.06700000000001
3,5.0,822,1058,1.0,0.0,0.0,46.907,2021,Mercedes,,1,1,2.0,1.0,1.0,64.537,64.443,64.035
4,4.0,815,1058,1.0,0.0,0.0,47.434,2021,Red Bull Racing,,1,1,5.0,1.0,1.0,64.638,64.197,64.168
5,3.0,846,1058,1.0,0.0,1.0,,2021,McLaren,,1,1,4.0,1.0,1.0,64.584,64.298,64.12
6,12.0,832,1058,1.0,0.0,1.0,,2021,Ferrari,,1,1,12.0,1.0,0.0,64.859,64.8,
7,7.0,844,1058,1.0,0.0,1.0,,2021,Ferrari,,1,1,7.0,1.0,1.0,64.745,64.646,64.472
8,9.0,840,1058,1.0,0.0,1.0,,2021,Aston Martin,,1,1,10.0,1.0,1.0,64.821,64.663,64.708
9,8.0,4,1058,1.0,0.0,1.0,,2021,Alpine,,1,1,9.0,1.0,1.0,64.971,64.582,64.574
10,11.0,852,1058,1.0,0.0,1.0,,2021,AlphaTauri,,1,1,8.0,1.0,1.0,64.608,64.631,64.514
11,18.0,8,1058,1.0,0.0,1.0,,2021,Alfa Romeo,,1,1,18.0,0.0,0.0,65.429,,
12,14.0,20,1058,1.0,0.0,1.0,,2021,Aston Martin,,1,1,14.0,1.0,0.0,65.051,64.875,
13,13.0,817,1058,1.0,0.0,1.0,,2021,McLaren,,1,1,13.0,1.0,0.0,65.142,64.80799999999999,
14,17.0,839,1058,1.0,0.0,1.0,,2021,Alpine,,1,1,17.0,0.0,0.0,65.217,,
15,15.0,841,1058,1.0,0.0,1.0,,2021,Alfa Romeo,,1,1,15.0,1.0,0.0,65.092,64.913,
16,19.0,854,1058,1.0,0.0,2.0,,2021,Haas,,1,1,19.0,0.0,0.0,66.041,,
17,16.0,849,1058,1.0,0.0,3.0,,2021,Williams,,1,1,16.0,0.0,0.0,65.175,,
18,20.0,853,1058,1.0,0.0,3.0,,2021,Haas,,1,1,20.0,0.0,0.0,66.19200000000001,,
NC,10.0,847,1058,0.0,1.0,,,2021,Williams,,1,1,11.0,1.0,0.0,65.033,64.671,
NC,6.0,842,1058,0.0,1.0,,,2021,AlphaTauri,,1,1,6.0,1.0,1.0,64.765,64.429,64.236
1,1.0,830,1060,1.0,0.0,0.0,0.0,2021,Red Bull Racing,,0,1,1.0,1.0,1.0,64.249,63.927,63.72
2,5.0,822,1060,1.0,0.0,0.0,17.973,2021,Mercedes,,0,1,5.0,1.0,1.0,64.563,64.376,64.049
3,2.0,846,1060,1.0,0.0,0.0,20.019,2021,McLaren,,0,1,2.0,1.0,1.0,64.345,64.415,63.768
4,4.0,1,1060,1.0,0.0,0.0,46.452,2021,Mercedes,,0,1,4.0,1.0,1.0,64.506,64.258,64.014
5,10.0,832,1060,1.0,0.0,0.0,57.144,2021,Ferrari,,0,1,11.0,1.0,0.0,64.596,64.559,
6,3.0,815,1060,1.0,0.0,0.0,57.915,2021,Red Bull Racing,,0,1,3.0,1.0,1.0,64.833,64.483,63.99
7,13.0,817,1060,1.0,0.0,0.0,60.395,2021,McLaren,,0,1,13.0,1.0,0.0,64.977,64.719,
8,12.0,844,1060,1.0,0.0,0.0,61.195,2021,Ferrari,,0,1,12.0,1.0,0.0,64.906,64.6,
9,6.0,842,1060,1.0,0.0,0.0,61.844,2021,AlphaTauri,,0,1,6.0,1.0,1.0,64.841,64.412,64.107
10,14.0,4,1060,1.0,0.0,1.0,,2021,Alpine,,0,1,14.0,1.0,0.0,64.472,64.856,
11,8.0,847,1060,1.0,0.0,1.0,,2021,Williams,,0,1,9.0,1.0,1.0,64.907,64.553,64.591
12,7.0,852,1060,1.0,0.0,1.0,,2021,AlphaTauri,,0,1,7.0,1.0,1.0,64.967,64.518,64.273
13,9.0,840,1060,1.0,0.0,1.0,,2021,Aston Martin,,0,1,10.0,1.0,1.0,64.92699999999999,64.547,64.618
14,15.0,841,1060,1.0,0.0,1.0,,2021,Alfa Romeo,,0,1,15.0,1.0,0.0,64.782,65.083,
15,16.0,8,1060,1.0,0.0,1.0,,2021,Alfa Romeo,,0,1,16.0,0.0,0.0,65.009,,
16,18.0,849,1060,1.0,0.0,1.0,,2021,Williams,,0,1,18.0,0.0,0.0,65.195,,
17,11.0,20,1060,0.0,1.0,,,2021,Aston Martin,,0,1,8.0,1.0,1.0,64.846,64.493,64.57
18,19.0,854,1060,1.0,0.0,2.0,,2021,Haas,,0,1,19.0,0.0,0.0,65.42699999999999,,
19,20.0,853,1060,1.0,0.0,2.0,,2021,Haas,,0,1,20.0,0.0,0.0,65.951,,
NC,17.0,839,1060,0.0,1.0,,,2021,Alpine,,0,1,17.0,0.0,0.0,65.051,,
1,2.0,1,1061,1.0,0.0,0.0,0.0,2021,Mercedes,,0,1,1.0,1.0,1.0,86.786,86.023,86.134
2,4.0,844,1061,1.0,0.0,0.0,3.871,2021,Ferrari,,0,1,4.0,1.0,1.0,87.051,86.919,86.828
3,3.0,822,1061,1.0,0.0,0.0,11.215,2021,Mercedes,,0,1,3.0,1.0,1.0,87.487,86.764,86.328
4,5.0,846,1061,1.0,0.0,0.0,28.573,2021,McLaren,,0,1,6.0,1.0,1.0,87.444,87.22,86.89699999999999
5,6.0,817,1061,1.0,0.0,0.0,42.624,2021,McLaren,,0,1,7.0,1.0,1.0,87.32300000000001,87.125,86.899
6,10.0,832,1061,1.0,0.0,0.0,43.454,2021,Ferrari,,0,1,9.0,1.0,1.0,87.337,86.848,87.007
7,7.0,4,1061,1.0,0.0,0.0,72.093,2021,Alpine,,0,1,11.0,1.0,0.0,87.58,87.245,
8,14.0,840,1061,1.0,0.0,0.0,74.289,2021,Aston Martin,,0,1,15.0,1.0,0.0,88.017,87.66499999999999,
9,9.0,839,1061,1.0,0.0,0.0,76.162,2021,Alpine,,0,1,13.0,1.0,0.0,87.41499999999999,87.34,
10,,852,1061,1.0,0.0,0.0,82.065,2021,AlphaTauri,,0,1,16.0,0.0,0.0,88.043,,
11,11.0,842,1061,1.0,0.0,0.0,85.327,2021,AlphaTauri,,0,1,12.0,1.0,0.0,87.6,87.273,
12,12.0,847,1061,1.0,0.0,1.0,,2021,Williams,,0,1,8.0,1.0,1.0,87.67099999999999,87.08,86.971
13,15.0,841,1061,1.0,0.0,1.0,,2021,Alfa Romeo,,0,1,14.0,1.0,0.0,87.595,87.617,
14,17.0,849,1061,1.0,0.0,1.0,,2021,Williams,,0,1,18.0,0.0,0.0,88.254,,
15,13.0,8,1061,1.0,0.0,1.0,,2021,Alfa Romeo,,0,1,17.0,0.0,0.0,88.062,,
16,20.0,815,1061,1.0,0.0,1.0,,2021,Red Bull Racing,,0,1,5.0,1.0,1.0,87.121,87.07300000000001,86.844
17,19.0,853,1061,1.0,0.0,1.0,,2021,Haas,,0,1,20.0,0.0,0.0,89.051,,
18,18.0,854,1061,1.0,0.0,1.0,,2021,Haas,,0,1,19.0,0.0,0.0,88.738,,
NC,8.0,20,1061,0.0,1.0,,,2021,Aston Martin,,0,1,10.0,1.0,1.0,87.493,87.10300000000001,87.179
NC,1.0,830,1061,0.0,1.0,,,2021,Red Bull Racing,,0,1,2.0,1.0,1.0,86.751,86.315,86.209
1,8.0,839,1062,1.0,0.0,0.0,0.0,2021,Alpine,,1,1,8.0,1.0,1.0,77.367,76.76599999999999,76.65299999999999
DQ,10.0,20,1062,1.0,0.0,0.0,1.859,2021,Aston Martin,,1,1,10.0,1.0,1.0,77.105,76.794,76.75
2,1.0,1,1062,1.0,0.0,0.0,2.736,2021,Mercedes,,1,1,1.0,1.0,1.0,76.424,76.553,75.419
3,15.0,832,1062,1.0,0.0,0.0,15.018,2021,Ferrari,,1,1,15.0,0.0,0.0,76.649,,
4,9.0,4,1062,1.0,0.0,0.0,15.651,2021,Alpine,,1,1,9.0,1.0,1.0,77.123,76.541,76.715
5,5.0,842,1062,1.0,0.0,0.0,63.614,2021,AlphaTauri,,1,1,5.0,1.0,1.0,76.874,76.394,76.483
6,16.0,852,1062,1.0,0.0,0.0,75.803,2021,AlphaTauri,,1,1,16.0,0.0,0.0,77.919,,
7,18.0,849,1062,1.0,0.0,0.0,77.91,2021,Williams,,1,1,18.0,0.0,0.0,78.036,,
8,17.0,847,1062,1.0,0.0,0.0,79.094,2021,Williams,,1,1,17.0,0.0,0.0,77.944,,
9,3.0,830,1062,1.0,0.0,0.0,80.244,2021,Red Bull Racing,,1,1,3.0,1.0,1.0,76.214,75.65,75.84
10,13.0,8,1062,1.0,0.0,1.0,,2021,Alfa Romeo,,1,1,13.0,1.0,0.0,77.553,77.564,
11,11.0,817,1062,1.0,0.0,1.0,,2021,McLaren,,1,1,11.0,1.0,0.0,77.664,76.871,
12,20.0,854,1062,1.0,0.0,1.0,,2021,Haas,,1,1,20.0,0.0,0.0,,,
13,14.0,841,1062,1.0,0.0,1.0,,2021,Alfa Romeo,,1,1,14.0,1.0,0.0,77.776,77.583,
NC,19.0,853,1062,0.0,1.0,,,2021,Haas,,1,1,19.0,0.0,0.0,78.922,,
NC,6.0,846,1062,0.0,1.0,,,2021,McLaren,,1,1,6.0,1.0,1.0,77.081,76.385,76.489
NC,2.0,822,1062,0.0,1.0,,,2021,Mercedes,,1,1,2.0,1.0,1.0,76.569,76.702,75.734
NC,4.0,815,1062,0.0,1.0,,,2021,Red Bull Racing,,1,1,4.0,1.0,1.0,77.233,76.443,76.42099999999999
NC,7.0,844,1062,0.0,1.0,,,2021,Ferrari,,1,1,7.0,1.0,1.0,77.084,76.574,76.496
NC,12.0,840,1062,0.0,1.0,,,2021,Aston Martin,,1,1,12.0,1.0,0.0,77.038,76.893,
1,1.0,830,1063,1.0,0.0,0.0,0.0,2021,Red Bull Racing,,1,0,1.0,1.0,1.0,118.717,116.559,119.765
2,2.0,847,1063,1.0,0.0,0.0,1.995,2021,Williams,,1,0,2.0,1.0,1.0,119.864,116.95,120.086
3,3.0,1,1063,1.0,0.0,0.0,2.601,2021,Mercedes,,1,0,3.0,1.0,1.0,119.218,116.229,120.099
4,4.0,817,1063,1.0,0.0,0.0,4.496,2021,McLaren,,1,0,4.0,1.0,1.0,121.583,117.127,120.864
5,5.0,20,1063,1.0,0.0,0.0,7.479,2021,Aston Martin,,1,0,5.0,1.0,1.0,120.175,116.814,120.935
6,6.0,842,1063,1.0,0.0,0.0,10.177,2021,AlphaTauri,,1,0,6.0,1.0,1.0,120.387,116.44,121.164
7,8.0,839,1063,1.0,0.0,0.0,11.579,2021,Alpine,,1,0,9.0,1.0,1.0,121.824,117.354,123.513
8,9.0,844,1063,1.0,0.0,0.0,12.608,2021,Ferrari,,1,0,11.0,1.0,0.0,120.728,117.721,
9,10.0,849,1063,1.0,0.0,0.0,15.484,2021,Williams,,1,0,12.0,1.0,0.0,120.966,118.056,
10,11.0,832,1063,1.0,0.0,0.0,16.166,2021,Ferrari,,1,0,13.0,1.0,0.0,121.184,118.137,
11,12.0,4,1063,1.0,0.0,0.0,20.59,2021,Alpine,,1,0,14.0,1.0,0.0,121.653,118.205,
12,13.0,822,1063,1.0,0.0,0.0,22.414,2021,Mercedes,,1,0,8.0,1.0,1.0,119.87,116.295,122.502
13,14.0,841,1063,1.0,0.0,0.0,24.163,2021,Alfa Romeo,,1,0,16.0,0.0,0.0,122.306,,
14,15.0,846,1063,1.0,0.0,0.0,27.109,2021,McLaren,,1,0,10.0,1.0,0.0,118.301,116.025,
15,16.0,852,1063,1.0,0.0,0.0,28.329,2021,AlphaTauri,,1,0,17.0,0.0,0.0,122.413,,
16,17.0,854,1063,1.0,0.0,0.0,29.507,2021,Haas,,1,0,18.0,0.0,0.0,123.973,,
17,18.0,853,1063,1.0,0.0,0.0,31.993,2021,Haas,,1,0,20.0,0.0,0.0,124.939,,
18,20.0,8,1063,1.0,0.0,0.0,36.054,2021,Alfa Romeo,,1,0,19.0,0.0,0.0,124.452,,
19,7.0,815,1063,1.0,0.0,0.0,38.205,2021,Red Bull Racing,,1,0,7.0,1.0,1.0,119.334,116.886,122.112
20,19.0,840,1063,1.0,0.0,0.0,44.108,2021,Aston Martin,,1,0,15.0,1.0,0.0,121.597,118.231,
1,1.0,830,1064,1.0,0.0,0.0,0.0,2021,Red Bull Racing,,0,1,1.0,1.0,1.0,70.036,69.071,68.885
2,2.0,1,1064,1.0,0.0,0.0,20.932,2021,Mercedes,,0,1,2.0,1.0,1.0,70.114,69.726,68.923
3,3.0,822,1064,1.0,0.0,0.0,56.46,2021,Mercedes,,0,1,3.0,1.0,1.0,70.219,69.769,69.222
4,4.0,842,1064,1.0,0.0,1.0,,2021,AlphaTauri,,0,1,4.0,1.0,1.0,70.274,69.541,69.478
5,5.0,844,1064,1.0,0.0,1.0,,2021,Ferrari,,0,1,5.0,1.0,1.0,69.82900000000001,69.437,69.527
6,9.0,4,1064,1.0,0.0,1.0,,2021,Alpine,,0,1,9.0,1.0,1.0,70.435,70.02,69.956
7,6.0,832,1064,1.0,0.0,1.0,,2021,Ferrari,,0,1,6.0,1.0,1.0,70.022,69.87,69.537
8,20.0,815,1064,1.0,0.0,1.0,,2021,Red Bull Racing,,0,1,16.0,0.0,0.0,70.53,,
9,8.0,839,1064,1.0,0.0,1.0,,2021,Alpine,,0,1,8.0,1.0,1.0,70.179,69.919,69.93299999999999
10,13.0,846,1064,1.0,0.0,1.0,,2021,McLaren,,0,1,13.0,1.0,0.0,70.489,70.406,
11,10.0,817,1064,1.0,0.0,1.0,,2021,McLaren,,0,1,10.0,1.0,1.0,70.255,69.865,70.166
12,12.0,840,1064,1.0,0.0,2.0,,2021,Aston Martin,,0,1,12.0,1.0,0.0,70.438,70.367,
13,15.0,20,1064,1.0,0.0,2.0,,2021,Aston Martin,,0,1,17.0,0.0,0.0,70.731,,
14,7.0,841,1064,1.0,0.0,2.0,,2021,Alfa Romeo,,0,1,7.0,1.0,1.0,70.05,70.033,69.59
15,16.0,9,1064,1.0,0.0,2.0,,2021,Alfa Romeo,,0,1,18.0,0.0,0.0,71.301,,
16,19.0,849,1064,1.0,0.0,2.0,,2021,Williams,,0,1,14.0,1.0,0.0,70.093,71.161,
17,11.0,847,1064,0.0,1.0,,,2021,Williams,,0,1,11.0,1.0,0.0,70.382,70.332,
18,17.0,854,1064,1.0,0.0,3.0,,2021,Haas,,0,1,19.0,0.0,0.0,71.387,,
NC,14.0,852,1064,0.0,1.0,,,2021,AlphaTauri,,0,1,15.0,1.0,0.0,70.462,71.314,
NC,18.0,853,1064,0.0,1.0,,,2021,Haas,,0,1,20.0,0.0,0.0,71.875,,
1,2.0,817,1065,1.0,0.0,0.0,0.0,2021,McLaren,,0,1,5.0,1.0,1.0,81.292,80.435,79.995
2,3.0,846,1065,1.0,0.0,0.0,1.747,2021,McLaren,,0,1,4.0,1.0,1.0,80.916,80.059,79.989
3,19.0,822,1065,1.0,0.0,0.0,4.921,2021,Mercedes,,0,1,1.0,1.0,1.0,80.685,80.032,79.555
4,5.0,844,1065,1.0,0.0,0.0,7.309,2021,Ferrari,,0,1,8.0,1.0,1.0,81.219,80.767,80.51
5,8.0,815,1065,1.0,0.0,0.0,8.723,2021,Red Bull Racing,,0,1,9.0,1.0,1.0,81.30799999999999,80.882,80.611
6,6.0,832,1065,1.0,0.0,0.0,10.535,2021,Ferrari,,0,1,7.0,1.0,1.0,81.118,80.75,80.462
7,9.0,840,1065,1.0,0.0,0.0,15.804,2021,Aston Martin,,0,1,12.0,1.0,0.0,81.41499999999999,81.02,
8,10.0,4,1065,1.0,0.0,0.0,17.201,2021,Alpine,,0,1,13.0,1.0,0.0,81.487,81.069,
9,14.0,847,1065,1.0,0.0,0.0,19.742,2021,Williams,,0,1,15.0,1.0,0.0,81.89,81.392,
10,12.0,839,1065,1.0,0.0,0.0,20.868,2021,Alpine,,0,1,14.0,1.0,0.0,81.5,81.10300000000001,
11,13.0,849,1065,1.0,0.0,0.0,23.743,2021,Williams,,0,1,16.0,0.0,0.0,81.925,,
12,11.0,20,1065,1.0,0.0,0.0,24.601,2021,Aston Martin,,0,1,11.0,1.0,0.0,81.394,80.913,
13,7.0,841,1065,1.0,0.0,0.0,27.216,2021,Alfa Romeo,,0,1,10.0,1.0,1.0,81.197,80.726,80.80799999999999
14,17.0,9,1065,1.0,0.0,0.0,29.769,2021,Alfa Romeo,,0,1,19.0,0.0,0.0,82.53,,
15,18.0,854,1065,1.0,0.0,0.0,51.088,2021,Haas,,0,1,18.0,0.0,0.0,82.248,,
NC,16.0,853,1065,0.0,1.0,,,2021,Haas,,0,1,20.0,0.0,0.0,82.71600000000001,,
NC,4.0,1,1065,0.0,1.0,,,2021,Mercedes,,0,1,2.0,1.0,1.0,80.543,79.936,79.651
NC,1.0,830,1065,0.0,1.0,,,2021,Red Bull Racing,,0,1,3.0,1.0,1.0,81.035,80.229,79.96600000000001
NC,20.0,842,1065,0.0,1.0,,,2021,AlphaTauri,,0,1,6.0,1.0,1.0,81.44,80.556,80.26
NC,15.0,852,1065,0.0,1.0,,,2021,AlphaTauri,,0,1,17.0,0.0,0.0,81.973,,
1,4.0,1,1066,1.0,0.0,0.0,0.0,2021,Mercedes,,1,1,4.0,1.0,1.0,105.992,105.129,104.05
2,20.0,830,1066,1.0,0.0,0.0,53.271,2021,Red Bull Racing,,1,1,20.0,0.0,0.0,,,
3,2.0,832,1066,1.0,0.0,0.0,62.475,2021,Ferrari,,1,1,2.0,1.0,1.0,107.924,106.521,102.51
4,5.0,817,1066,1.0,0.0,0.0,65.607,2021,McLaren,,1,1,5.0,1.0,1.0,108.345,106.361,104.156
5,16.0,822,1066,1.0,0.0,0.0,67.533,2021,Mercedes,,1,1,7.0,1.0,1.0,106.396,105.306,104.71
6,6.0,4,1066,1.0,0.0,0.0,81.321,2021,Alpine,,1,1,6.0,1.0,1.0,107.877,105.514,104.204
7,1.0,846,1066,1.0,0.0,0.0,87.224,2021,McLaren,,1,1,1.0,1.0,1.0,107.238,105.827,101.993
8,13.0,8,1066,1.0,0.0,0.0,88.955,2021,Alfa Romeo,,1,1,16.0,0.0,0.0,109.586,,
9,8.0,815,1066,1.0,0.0,0.0,90.076,2021,Red Bull Racing,,1,1,9.0,1.0,1.0,106.455,105.834,105.337
10,3.0,847,1066,1.0,0.0,0.0,100.551,2021,Williams,,1,1,3.0,1.0,1.0,108.303,106.435,102.983
11,7.0,840,1066,1.0,0.0,0.0,116.198,2021,Aston Martin,,1,1,8.0,1.0,1.0,108.322,106.36,104.956
12,10.0,20,1066,1.0,0.0,1.0,,2021,Aston Martin,,1,1,11.0,1.0,0.0,107.205,106.573,
13,11.0,842,1066,1.0,0.0,1.0,,2021,AlphaTauri,,1,1,12.0,1.0,0.0,107.828,106.641,
14,9.0,839,1066,1.0,0.0,1.0,,2021,Alpine,,1,1,10.0,1.0,1.0,108.099,106.07,105.865
15,19.0,844,1066,1.0,0.0,1.0,,2021,Ferrari,,1,1,15.0,0.0,0.0,108.47,,
16,17.0,841,1066,1.0,0.0,1.0,,2021,Alfa Romeo,,1,1,18.0,0.0,0.0,111.023,,
17,12.0,852,1066,1.0,0.0,1.0,,2021,AlphaTauri,,1,1,13.0,1.0,0.0,108.854,106.751,
18,15.0,853,1066,1.0,0.0,2.0,,2021,Haas,,1,1,19.0,0.0,0.0,113.764,,
19,18.0,849,1066,0.0,1.0,,,2021,Williams,,1,1,14.0,0.0,0.0,108.252,,
NC,14.0,854,1066,0.0,1.0,,,2021,Haas,,1,1,17.0,0.0,0.0,109.83,,
1,1.0,822,1067,1.0,0.0,0.0,0.0,2021,Mercedes,,0,1,2.0,1.0,1.0,85.047,83.57900000000001,82.998
2,2.0,830,1067,1.0,0.0,0.0,14.584,2021,Red Bull Racing,,0,1,3.0,1.0,1.0,84.592,83.732,83.196
3,6.0,815,1067,1.0,0.0,0.0,33.471,2021,Red Bull Racing,,0,1,7.0,1.0,1.0,84.963,83.961,83.706
4,3.0,844,1067,1.0,0.0,0.0,37.814,2021,Ferrari,,0,1,4.0,1.0,1.0,84.869,84.015,83.265
5,11.0,1,1067,1.0,0.0,0.0,41.812,2021,Mercedes,,0,1,1.0,1.0,1.0,84.58500000000001,83.082,82.868
6,4.0,842,1067,1.0,0.0,0.0,44.292,2021,AlphaTauri,,0,1,5.0,1.0,1.0,84.70400000000001,83.81700000000001,83.326
7,7.0,846,1067,1.0,0.0,0.0,47.213,2021,McLaren,,0,1,8.0,1.0,1.0,85.138,84.642,83.95400000000001
8,19.0,832,1067,1.0,0.0,0.0,51.526,2021,Ferrari,,0,1,15.0,0.0,0.0,85.17699999999999,,
9,8.0,840,1067,1.0,0.0,0.0,82.018,2021,Aston Martin,,0,1,9.0,1.0,1.0,85.511,84.601,84.305
10,12.0,839,1067,1.0,0.0,1.0,,2021,Alpine,,0,1,12.0,1.0,0.0,85.422,84.842,
11,16.0,841,1067,1.0,0.0,1.0,,2021,Alfa Romeo,,0,1,18.0,0.0,0.0,86.43,,
12,17.0,8,1067,1.0,0.0,1.0,,2021,Alfa Romeo,,0,1,19.0,0.0,0.0,87.525,,
13,20.0,817,1067,1.0,0.0,1.0,,2021,McLaren,,0,1,16.0,0.0,0.0,85.881,,
14,9.0,852,1067,1.0,0.0,1.0,,2021,AlphaTauri,,0,1,10.0,1.0,1.0,85.40899999999999,84.054,84.368
15,13.0,847,1067,1.0,0.0,1.0,,2021,Williams,,0,1,13.0,1.0,0.0,85.417,85.007,
16,5.0,4,1067,1.0,0.0,1.0,,2021,Alpine,,0,1,6.0,1.0,1.0,85.174,83.914,83.477
17,15.0,849,1067,1.0,0.0,1.0,,2021,Williams,,0,1,17.0,0.0,0.0,86.086,,
18,10.0,20,1067,1.0,0.0,1.0,,2021,Aston Martin,,0,1,11.0,1.0,0.0,85.787,84.795,
19,14.0,854,1067,1.0,0.0,2.0,,2021,Haas,,0,1,14.0,1.0,0.0,85.555,85.2,
20,18.0,853,1067,1.0,0.0,2.0,,2021,Haas,,0,1,20.0,0.0,0.0,88.449,,
1,1.0,830,1069,1.0,0.0,0.0,0.0,2021,Red Bull Racing,,0,1,1.0,1.0,1.0,94.352,93.464,92.91
2,2.0,1,1069,1.0,0.0,0.0,1.333,2021,Mercedes,,0,1,2.0,1.0,1.0,94.579,93.797,93.119
3,3.0,815,1069,1.0,0.0,0.0,42.223,2021,Red Bull Racing,,0,1,3.0,1.0,1.0,94.369,94.178,93.134
4,4.0,844,1069,1.0,0.0,0.0,52.246,2021,Ferrari,,0,1,5.0,1.0,1.0,94.153,93.928,93.606
5,6.0,817,1069,1.0,0.0,0.0,76.854,2021,McLaren,,0,1,7.0,1.0,1.0,94.407,94.643,93.808
6,9.0,822,1069,1.0,0.0,0.0,80.128,2021,Mercedes,,0,1,4.0,1.0,1.0,94.59,93.959,93.475
7,5.0,832,1069,1.0,0.0,0.0,83.545,2021,Ferrari,,0,1,6.0,1.0,1.0,94.558,94.126,93.792
8,7.0,846,1069,1.0,0.0,0.0,94.395,2021,McLaren,,0,1,8.0,1.0,1.0,94.551,93.88,93.887
9,10.0,852,1069,1.0,0.0,1.0,,2021,AlphaTauri,,0,1,10.0,1.0,1.0,95.36,95.137,94.918
10,18.0,20,1069,1.0,0.0,1.0,,2021,Aston Martin,,0,1,12.0,1.0,0.0,95.281,95.5,
11,12.0,841,1069,1.0,0.0,1.0,,2021,Alfa Romeo,,0,1,13.0,1.0,0.0,95.92,95.794,
12,13.0,840,1069,1.0,0.0,1.0,,2021,Aston Martin,,0,1,16.0,0.0,0.0,95.983,,
13,15.0,8,1069,1.0,0.0,1.0,,2021,Alfa Romeo,,0,1,18.0,0.0,0.0,96.311,,
14,20.0,847,1069,1.0,0.0,1.0,,2021,Williams,,0,1,15.0,0.0,0.0,95.746,,
15,14.0,849,1069,1.0,0.0,1.0,,2021,Williams,,0,1,17.0,0.0,0.0,95.995,,
16,16.0,854,1069,1.0,0.0,2.0,,2021,Haas,,0,1,19.0,0.0,0.0,96.499,,
17,17.0,853,1069,1.0,0.0,2.0,,2021,Haas,,0,1,20.0,0.0,0.0,96.796,,
NC,19.0,4,1069,0.0,1.0,,,2021,Alpine,,0,1,14.0,1.0,0.0,95.756,104.549,
NC,11.0,839,1069,0.0,1.0,,,2021,Alpine,,0,1,11.0,1.0,0.0,95.747,95.377,
NC,8.0,842,1069,0.0,1.0,,,2021,AlphaTauri,,0,1,9.0,1.0,1.0,94.567,94.583,94.118
1,3.0,830,1070,1.0,0.0,0.0,0.0,2021,Red Bull Racing,,0,1,3.0,1.0,1.0,76.788,76.483,76.225
2,2.0,1,1070,1.0,0.0,0.0,16.555,2021,Mercedes,,0,1,2.0,1.0,1.0,77.207,76.474,76.02
3,4.0,815,1070,1.0,0.0,0.0,17.752,2021,Red Bull Racing,,0,1,4.0,1.0,1.0,77.003,77.055,76.342
4,5.0,842,1070,1.0,0.0,0.0,63.845,2021,AlphaTauri,,0,1,5.0,1.0,1.0,76.908,76.955,76.456
5,8.0,844,1070,1.0,0.0,0.0,81.037,2021,Ferrari,,0,1,8.0,1.0,1.0,76.748,77.03399999999999,76.837
6,6.0,832,1070,1.0,0.0,1.0,,2021,Ferrari,,0,1,6.0,1.0,1.0,77.517,77.248,76.761
7,9.0,20,1070,1.0,0.0,1.0,,2021,Aston Martin,,0,1,11.0,1.0,0.0,77.502,77.746,
8,10.0,8,1070,1.0,0.0,1.0,,2021,Alfa Romeo,,0,1,12.0,1.0,0.0,77.606,77.958,
9,12.0,4,1070,1.0,0.0,1.0,,2021,Alpine,,0,1,16.0,0.0,0.0,78.452,,
10,18.0,846,1070,1.0,0.0,1.0,,2021,McLaren,,0,1,10.0,1.0,1.0,77.569,77.473,96.83
11,11.0,841,1070,1.0,0.0,1.0,,2021,Alfa Romeo,,0,1,14.0,1.0,0.0,77.89699999999999,78.28999999999999,
12,7.0,817,1070,1.0,0.0,1.0,,2021,McLaren,,0,1,7.0,1.0,1.0,77.719,77.092,76.763
13,19.0,839,1070,1.0,0.0,1.0,,2021,Alpine,,0,1,15.0,1.0,0.0,78.126,78.405,
14,20.0,840,1070,1.0,0.0,2.0,,2021,Aston Martin,,0,1,20.0,0.0,0.0,80.873,,
15,1.0,822,1070,1.0,0.0,2.0,,2021,Mercedes,,0,1,1.0,1.0,1.0,76.727,76.864,75.875
16,16.0,847,1070,1.0,0.0,2.0,,2021,Williams,,0,1,13.0,1.0,0.0,77.958,78.172,
17,13.0,849,1070,1.0,0.0,2.0,,2021,Williams,,0,1,17.0,0.0,0.0,78.756,,
18,15.0,853,1070,1.0,0.0,3.0,,2021,Haas,,0,1,19.0,0.0,0.0,79.303,,
NC,14.0,854,1070,0.0,1.0,,,2021,Haas,,0,1,18.0,0.0,0.0,78.858,,
NC,17.0,852,1070,0.0,1.0,,,2021,AlphaTauri,,0,1,9.0,1.0,1.0,77.33,76.701,77.158
1,10.0,1,1071,1.0,0.0,0.0,0.0,2021,Mercedes,,0,1,1.0,1.0,1.0,68.733,68.068,67.934
2,2.0,830,1071,1.0,0.0,0.0,10.496,2021,Red Bull Racing,,0,1,2.0,1.0,1.0,69.32900000000001,68.499,68.372
3,1.0,822,1071,1.0,0.0,0.0,13.576,2021,Mercedes,,0,1,3.0,1.0,1.0,69.03999999999999,68.426,68.469
4,4.0,815,1071,1.0,0.0,0.0,39.94,2021,Red Bull Racing,,0,1,4.0,1.0,1.0,69.172,68.973,68.483
5,6.0,844,1071,1.0,0.0,0.0,49.517,2021,Ferrari,,0,1,7.0,1.0,1.0,69.155,68.859,68.96000000000001
6,3.0,832,1071,1.0,0.0,0.0,51.82,2021,Ferrari,,0,1,6.0,1.0,1.0,69.04599999999999,69.031,68.826
7,7.0,842,1071,1.0,0.0,1.0,,2021,AlphaTauri,,0,1,5.0,1.0,1.0,69.347,68.903,68.777
8,8.0,839,1071,1.0,0.0,1.0,,2021,Alpine,,0,1,11.0,1.0,0.0,69.43,69.189,
9,12.0,4,1071,1.0,0.0,1.0,,2021,Alpine,,0,1,10.0,1.0,1.0,69.391,69.137,69.113
10,5.0,846,1071,1.0,0.0,1.0,,2021,McLaren,,0,1,8.0,1.0,1.0,69.365,69.03,68.98
11,9.0,20,1071,1.0,0.0,1.0,,2021,Aston Martin,,0,1,12.0,1.0,0.0,69.451,69.399,
12,20.0,8,1071,1.0,0.0,1.0,,2021,Alfa Romeo,,0,1,14.0,1.0,0.0,69.598,69.503,
13,17.0,847,1071,1.0,0.0,1.0,,2021,Williams,,0,1,18.0,0.0,0.0,69.953,,
14,13.0,841,1071,1.0,0.0,1.0,,2021,Alfa Romeo,,0,1,15.0,1.0,0.0,69.342,70.227,
15,15.0,852,1071,1.0,0.0,1.0,,2021,AlphaTauri,,0,1,13.0,1.0,0.0,69.35,69.483,
16,16.0,849,1071,1.0,0.0,1.0,,2021,Williams,,0,1,17.0,0.0,0.0,69.897,,
17,19.0,853,1071,1.0,0.0,2.0,,2021,Haas,,0,1,20.0,0.0,0.0,70.589,,
18,18.0,854,1071,1.0,0.0,2.0,,2021,Haas,,0,1,19.0,0.0,0.0,70.32900000000001,,
NC,11.0,817,1071,0.0,1.0,,,2021,McLaren,,0,1,9.0,1.0,1.0,69.374,69.093,69.039
NC,14.0,840,1071,0.0,1.0,,,2021,Aston Martin,,0,1,16.0,0.0,0.0,69.663,,
1,1.0,1,1051,1.0,0.0,0.0,0.0,2021,Mercedes,,0,1,1.0,1.0,1.0,81.901,81.682,80.827
2,7.0,830,1051,1.0,0.0,0.0,25.743,2021,Red Bull Racing,,0,1,2.0,1.0,1.0,81.996,81.98400000000001,81.282
3,3.0,4,1051,1.0,0.0,0.0,59.457,2021,Alpine,,0,1,5.0,1.0,1.0,82.422,81.894,81.67
4,11.0,815,1051,1.0,0.0,0.0,62.306,2021,Red Bull Racing,,0,1,11.0,1.0,0.0,82.398,82.346,
5,9.0,839,1051,1.0,0.0,0.0,80.57,2021,Alpine,,0,1,9.0,1.0,1.0,82.565,82.012,82.02799999999999
6,12.0,840,1051,1.0,0.0,0.0,81.274,2021,Aston Martin,,0,1,12.0,1.0,0.0,82.551,82.46000000000001,
7,5.0,832,1051,1.0,0.0,0.0,81.911,2021,Ferrari,,0,1,7.0,1.0,1.0,82.304,82.241,81.84
8,13.0,844,1051,1.0,0.0,0.0,83.126,2021,Ferrari,,0,1,13.0,1.0,0.0,82.742,82.463,
9,4.0,846,1051,1.0,0.0,1.0,,2021,McLaren,,0,1,6.0,1.0,1.0,82.839,82.21600000000001,81.731
10,10.0,20,1051,1.0,0.0,1.0,,2021,Aston Martin,,0,1,10.0,1.0,1.0,82.549,82.146,82.785
11,2.0,842,1051,1.0,0.0,1.0,,2021,AlphaTauri,,0,1,4.0,1.0,1.0,82.535,81.72800000000001,81.64
12,14.0,817,1051,1.0,0.0,1.0,,2021,McLaren,,0,1,14.0,1.0,0.0,82.688,82.59700000000001,
13,8.0,852,1051,1.0,0.0,1.0,,2021,AlphaTauri,,0,1,8.0,1.0,1.0,82.458,82.05799999999999,81.881
14,16.0,8,1051,1.0,0.0,1.0,,2021,Alfa Romeo,,0,1,16.0,0.0,0.0,83.156,,
15,18.0,841,1051,1.0,0.0,1.0,,2021,Alfa Romeo,,0,1,18.0,0.0,0.0,83.262,,
16,19.0,854,1051,1.0,0.0,1.0,,2021,Haas,,0,1,19.0,0.0,0.0,83.407,,
17,15.0,847,1051,1.0,0.0,2.0,,2021,Williams,,0,1,15.0,1.0,0.0,82.863,82.756,
18,20.0,853,1051,1.0,0.0,2.0,,2021,Haas,,0,1,20.0,0.0,0.0,85.85900000000001,,
NC,17.0,849,1051,0.0,1.0,,,2021,Williams,,0,1,17.0,0.0,0.0,83.213,,
NC,6.0,822,1051,0.0,1.0,,,2021,Mercedes,,0,1,3.0,1.0,1.0,82.01599999999999,81.991,81.47800000000001
1,1.0,1,1072,1.0,0.0,0.0,0.0,2021,Mercedes,,0,1,1.0,1.0,1.0,88.46600000000001,87.712,87.511
2,3.0,830,1072,1.0,0.0,0.0,21.825,2021,Red Bull Racing,,0,1,3.0,1.0,1.0,88.285,87.953,87.65299999999999
3,2.0,822,1072,1.0,0.0,0.0,27.531,2021,Mercedes,,0,1,2.0,1.0,1.0,88.057,88.054,87.622
4,9.0,839,1072,1.0,0.0,0.0,27.633,2021,Alpine,,0,1,9.0,1.0,1.0,88.752,88.574,88.64699999999999
5,11.0,817,1072,1.0,0.0,0.0,40.121,2021,McLaren,,0,1,11.0,1.0,0.0,88.21600000000001,88.668,
6,6.0,842,1072,1.0,0.0,0.0,41.613,2021,AlphaTauri,,0,1,6.0,1.0,1.0,88.401,88.314,88.125
7,4.0,844,1072,1.0,0.0,0.0,44.475,2021,Ferrari,,0,1,4.0,1.0,1.0,88.31,88.459,88.054
8,15.0,832,1072,1.0,0.0,0.0,46.606,2021,Ferrari,,0,1,15.0,1.0,0.0,88.237,113.652,
9,10.0,841,1072,1.0,0.0,0.0,58.505,2021,Alfa Romeo,,0,1,10.0,1.0,1.0,88.899,88.616,88.754
10,7.0,846,1072,1.0,0.0,0.0,61.358,2021,McLaren,,0,1,7.0,1.0,1.0,88.338,88.344,88.18
11,18.0,840,1072,1.0,0.0,0.0,77.212,2021,Aston Martin,,0,1,18.0,0.0,0.0,89.368,,
12,16.0,849,1072,1.0,0.0,0.0,83.249,2021,Williams,,0,1,16.0,0.0,0.0,89.17699999999999,,
13,13.0,4,1072,1.0,0.0,1.0,,2021,Alpine,,0,1,13.0,1.0,0.0,88.944,88.92,
14,8.0,852,1072,1.0,0.0,1.0,,2021,AlphaTauri,,0,1,8.0,1.0,1.0,88.503,88.22200000000001,88.44200000000001
15,12.0,8,1072,1.0,0.0,1.0,,2021,Alfa Romeo,,0,1,12.0,1.0,0.0,88.856,88.885,
NC,17.0,20,1072,0.0,1.0,,,2021,Aston Martin,,0,1,17.0,0.0,0.0,89.19800000000001,,
NC,5.0,815,1072,0.0,1.0,,,2021,Red Bull Racing,,0,1,5.0,1.0,1.0,88.021,87.946,88.123
NC,20.0,853,1072,0.0,1.0,,,2021,Haas,,0,1,20.0,0.0,0.0,90.473,,
NC,14.0,847,1072,0.0,1.0,,,2021,Williams,,0,1,14.0,1.0,0.0,88.926,89.054,
NC,19.0,854,1072,0.0,1.0,,,2021,Haas,,0,1,19.0,0.0,0.0,89.464,,
1,1.0,830,1073,1.0,0.0,0.0,0.0,2021,Red Bull Racing,,0,1,1.0,1.0,1.0,83.322,82.8,82.10900000000001
2,2.0,1,1073,1.0,0.0,0.0,2.256,2021,Mercedes,,0,1,2.0,1.0,1.0,82.845,83.145,82.48
3,5.0,832,1073,1.0,0.0,0.0,5.173,2021,Ferrari,,0,1,5.0,1.0,1.0,83.624,83.174,82.992
4,8.0,852,1073,1.0,0.0,0.0,5.692,2021,AlphaTauri,,0,1,8.0,1.0,1.0,83.428,83.404,83.22
5,12.0,842,1073,1.0,0.0,0.0,6.531,2021,AlphaTauri,,0,1,12.0,1.0,0.0,83.489,84.043,
6,6.0,822,1073,1.0,0.0,0.0,7.463,2021,Mercedes,,0,1,6.0,1.0,1.0,83.117,83.246,83.036
7,3.0,846,1073,1.0,0.0,0.0,59.2,2021,McLaren,,0,1,3.0,1.0,1.0,83.553,83.256,82.931
8,11.0,4,1073,1.0,0.0,0.0,61.708,2021,Alpine,,0,1,11.0,1.0,0.0,83.846,83.46000000000001,
9,9.0,839,1073,1.0,0.0,0.0,64.026,2021,Alpine,,0,1,9.0,1.0,1.0,83.764,83.42,83.389
10,7.0,844,1073,1.0,0.0,0.0,66.057,2021,Ferrari,,0,1,7.0,1.0,1.0,83.467,83.202,83.122
11,15.0,20,1073,1.0,0.0,0.0,67.527,2021,Aston Martin,,0,1,15.0,1.0,0.0,84.225,84.305,
12,10.0,817,1073,1.0,0.0,1.0,,2021,McLaren,,0,1,10.0,1.0,1.0,83.82900000000001,83.44800000000001,83.40899999999999
13,13.0,840,1073,1.0,0.0,1.0,,2021,Aston Martin,,0,1,13.0,1.0,0.0,84.061,84.066,
14,19.0,854,1073,1.0,0.0,1.0,,2021,Haas,,0,1,19.0,0.0,0.0,84.906,,
15,4.0,815,1073,0.0,1.0,,,2021,Red Bull Racing,,0,1,4.0,1.0,1.0,83.35,83.135,82.947
NC,16.0,849,1073,0.0,1.0,,,2021,Williams,,0,1,16.0,0.0,0.0,84.338,,
NC,14.0,841,1073,0.0,1.0,,,2021,Alfa Romeo,,0,1,14.0,1.0,0.0,84.118,84.251,
NC,17.0,847,1073,0.0,1.0,,,2021,Williams,,0,1,17.0,0.0,0.0,84.423,,
NC,18.0,8,1073,0.0,1.0,,,2021,Alfa Romeo,,0,1,18.0,0.0,0.0,84.779,,
NC,20.0,853,1073,0.0,1.0,,,2021,Haas,,0,1,20.0,0.0,0.0,85.685,,
1,1.0,844,1074,1.0,0.0,0.0,0.0,2022,Ferrari,,0,1,1,1.0,1.0,91.471,90.932,90.558
2,3.0,832,1074,1.0,0.0,0.0,5.598,2022,Ferrari,,0,1,3,1.0,1.0,91.567,90.787,90.687
3,5.0,1,1074,1.0,0.0,0.0,9.675,2022,Mercedes,,0,1,5,1.0,1.0,92.285,91.048,91.238
4,9.0,847,1074,1.0,0.0,0.0,11.211,2022,Mercedes,,0,1,9,1.0,1.0,92.269,91.252,92.216
5,7.0,825,1074,1.0,0.0,0.0,14.754,2022,Haas F1 Team,,0,1,7,1.0,1.0,91.955,91.461,91.808
6,6.0,822,1074,1.0,0.0,0.0,16.119,2022,Alfa Romeo,,0,1,6,1.0,1.0,91.919,91.717,91.56
7,11.0,839,1074,1.0,0.0,0.0,19.423,2022,Alpine,,0,1,11,1.0,0.0,92.041,91.782,
8,16.0,852,1074,1.0,0.0,0.0,20.386,2022,AlphaTauri,,0,1,16,0.0,0.0,92.75,,
9,8.0,4,1074,1.0,0.0,0.0,22.39,2022,Alpine,,0,1,8,1.0,1.0,92.346,91.621,92.195
10,15.0,855,1074,1.0,0.0,0.0,23.064,2022,Alfa Romeo,,0,1,15,1.0,0.0,92.493,93.543,
11,12.0,854,1074,1.0,0.0,0.0,32.574,2022,Haas F1 Team,,0,1,12,1.0,0.0,92.38,91.998,
12,19.0,840,1074,1.0,0.0,0.0,45.873,2022,Aston Martin,,0,1,19,0.0,0.0,93.032,,
13,14.0,848,1074,1.0,0.0,0.0,53.932,2022,Williams,,0,1,14,1.0,0.0,92.726,92.664,
14,18.0,817,1074,1.0,0.0,0.0,54.975,2022,McLaren,,0,1,18,0.0,0.0,92.945,,
15,13.0,846,1074,1.0,0.0,0.0,56.335,2022,McLaren,,0,1,13,1.0,0.0,92.239,92.008,
16,20.0,849,1074,1.0,0.0,0.0,61.795,2022,Williams,,0,1,20,0.0,0.0,93.634,,
17,17.0,807,1074,1.0,0.0,0.0,63.829,2022,Aston Martin,,0,1,17,0.0,0.0,92.777,,
18,4.0,815,1074,0.0,1.0,,,2022,Red Bull Racing,,0,1,4,1.0,1.0,92.311,91.008,90.921
19,2.0,830,1074,0.0,1.0,,,2022,Red Bull Racing,,0,1,2,1.0,1.0,91.785,90.757,90.681
NC,10.0,842,1074,0.0,1.0,,,2022,AlphaTauri,,0,1,10,1.0,1.0,92.096,91.635,92.338
1,4.0,830,1075,1.0,0.0,0.0,0.0,2022,Red Bull Racing,,0,1,4,1.0,1.0,88.928,88.945,88.461
2,2.0,844,1075,1.0,0.0,0.0,0.549,2022,Ferrari,,0,1,2,1.0,1.0,89.039,88.78,88.225
3,3.0,832,1075,1.0,0.0,0.0,8.097,2022,Ferrari,,0,1,3,1.0,1.0,88.855,88.68860000000001,88.402
4,1.0,815,1075,1.0,0.0,0.0,10.8,2022,Red Bull Racing,,0,1,1,1.0,1.0,89.705,88.924,88.2
5,6.0,847,1075,1.0,0.0,0.0,32.732,2022,Mercedes,,0,1,6,1.0,1.0,89.68,89.618,89.104
6,5.0,839,1075,1.0,0.0,0.0,56.017,2022,Alpine,,0,1,5,1.0,1.0,90.093,89.584,89.068
7,11.0,846,1075,1.0,0.0,0.0,56.124,2022,McLaren,,0,1,11,1.0,0.0,89.957,89.651,
8,9.0,842,1075,1.0,0.0,0.0,62.946,2022,AlphaTauri,,0,1,9,1.0,1.0,89.89099999999999,89.418,89.254
9,10.0,825,1075,1.0,0.0,0.0,64.308,2022,Haas F1 Team,,0,1,10,1.0,1.0,89.831,89.54599999999999,89.588
10,15.0,1,1075,1.0,0.0,0.0,73.948,2022,Mercedes,,0,1,16,0.0,0.0,90.343,,
11,12.0,855,1075,1.0,0.0,0.0,82.215,2022,Alfa Romeo,,0,1,13,1.0,0.0,89.97800000000001,89.819,
12,17.0,807,1075,1.0,0.0,0.0,91.742,2022,Aston Martin,,0,1,18,0.0,0.0,90.543,,
13,13.0,840,1075,1.0,0.0,1.0,,2022,Aston Martin,,0,1,15,1.0,0.0,90.256,91.009,
14,16.0,848,1075,0.0,1.0,,,2022,Williams,,0,1,17,0.0,0.0,90.492,,
NC,8.0,822,1075,0.0,1.0,,,2022,Alfa Romeo,,0,1,8,1.0,1.0,89.68299999999999,89.404,89.18299999999999
NC,7.0,4,1075,0.0,1.0,,,2022,Alpine,,0,1,7,1.0,1.0,89.97800000000001,89.295,89.14699999999999
NC,14.0,817,1075,0.0,1.0,,,2022,McLaren,,0,1,12,1.0,0.0,90.009,89.773,
NC,18.0,849,1075,0.0,1.0,,,2022,Williams,,0,1,19,0.0,0.0,91.817,,
NC,19.0,852,1075,0.0,1.0,,,2022,AlphaTauri,,0,1,NC,0.0,0.0,,,
NC,20.0,854,1075,0.0,1.0,,,2022,Haas F1 Team,,0,1,14,1.0,0.0,90.167,89.92,
1,1.0,844,1076,1.0,0.0,0.0,0.0,2022,Ferrari,,0,1,1,1.0,1.0,78.881,78.606,77.868
2,3.0,815,1076,1.0,0.0,0.0,20.524,2022,Red Bull Racing,,0,1,3,1.0,1.0,78.834,78.34,78.24
3,6.0,847,1076,1.0,0.0,0.0,25.593,2022,Mercedes,,0,1,6,1.0,1.0,79.405,79.076,78.93299999999999
4,5.0,1,1076,1.0,0.0,0.0,28.543,2022,Mercedes,,0,1,5,1.0,1.0,79.401,79.106,78.825
5,4.0,846,1076,1.0,0.0,0.0,53.303,2022,McLaren,,0,1,4,1.0,1.0,79.28,79.066,78.703
6,7.0,817,1076,1.0,0.0,0.0,53.737,2022,McLaren,,0,1,7,1.0,1.0,79.66499999999999,79.13,79.032
7,8.0,839,1076,1.0,0.0,0.0,61.683,2022,Alpine,,0,1,8,1.0,1.0,79.605,79.136,79.061
8,12.0,822,1076,1.0,0.0,0.0,68.439,2022,Alfa Romeo,,0,1,12,1.0,0.0,79.251,79.41,
9,11.0,842,1076,1.0,0.0,0.0,76.221,2022,AlphaTauri,,0,1,11,1.0,0.0,79.58,79.226,
10,20.0,848,1076,1.0,0.0,0.0,79.382,2022,Williams,,0,1,NC,0.0,0.0,80.135,,
11,14.0,855,1076,1.0,0.0,0.0,81.695,2022,Alfa Romeo,,0,1,14,1.0,0.0,79.91,80.155,
12,19.0,840,1076,1.0,0.0,0.0,88.598,2022,Aston Martin,,0,1,NC,0.0,0.0,,,
13,15.0,854,1076,1.0,0.0,1.0,,2022,Haas F1 Team,,0,1,15,1.0,0.0,80.104,80.465,
14,16.0,825,1076,1.0,0.0,1.0,,2022,Haas F1 Team,,0,1,16,0.0,0.0,80.254,,
15,13.0,852,1076,1.0,0.0,1.0,,2022,AlphaTauri,,0,1,13,1.0,0.0,79.742,79.424,
16,18.0,849,1076,1.0,0.0,1.0,,2022,Williams,,0,1,18,0.0,0.0,81.372,,
17,10.0,4,1076,1.0,0.0,1.0,,2022,Alpine,,0,1,10,1.0,1.0,79.19200000000001,78.815,
NC,2.0,830,1076,0.0,1.0,,,2022,Red Bull Racing,,0,1,2,1.0,1.0,5260.0,78.611,78.154
NC,17.0,20,1076,0.0,1.0,,,2022,Aston Martin,,0,1,17,0.0,0.0,81.149,,
NC,9.0,832,1076,0.0,1.0,,,2022,Ferrari,,0,1,9,1.0,1.0,78.983,78.469,79.408
1,1.0,830,1077,1.0,0.0,0.0,0.0,2022,Red Bull Racing,,1,0,1,1.0,1.0,79.295,78.793,87.999
2,3.0,815,1077,1.0,0.0,0.0,16.527,2022,Red Bull Racing,,1,0,7,1.0,1.0,79.773,79.29599999999999,89.80799999999999
3,5.0,846,1077,1.0,0.0,0.0,34.834,2022,McLaren,,1,0,3,1.0,1.0,80.168,79.294,89.131
4,11.0,847,1077,1.0,0.0,0.0,42.506,2022,Mercedes,,1,0,11,1.0,0.0,80.383,80.757,
5,7.0,822,1077,1.0,0.0,0.0,43.181,2022,Alfa Romeo,,1,0,8,1.0,1.0,80.419,80.19200000000001,90.439
6,2.0,844,1077,1.0,0.0,0.0,56.072,2022,Ferrari,,1,0,2,1.0,1.0,78.79599999999999,79.584,88.77799999999999
7,12.0,852,1077,1.0,0.0,0.0,61.11,2022,AlphaTauri,,1,0,16,0.0,0.0,80.474,,
8,13.0,20,1077,1.0,0.0,0.0,70.892,2022,Aston Martin,,1,0,9,1.0,1.0,80.364,79.957,91.062
9,8.0,825,1077,1.0,0.0,0.0,75.26,2022,Haas F1 Team,,1,0,4,1.0,1.0,80.14699999999999,79.902,89.164
10,15.0,840,1077,1.0,0.0,1.0,,2022,Aston Martin,,1,0,15,1.0,0.0,80.342,88.119,
11,18.0,848,1077,1.0,0.0,1.0,,2022,Williams,,1,0,NC,0.0,0.0,,,
12,17.0,842,1077,1.0,0.0,1.0,,2022,AlphaTauri,,1,0,17,0.0,0.0,80.732,,
13,14.0,1,1077,1.0,0.0,1.0,,2022,Mercedes,,1,0,13,1.0,0.0,80.47,81.138,
14,16.0,839,1077,1.0,0.0,1.0,,2022,Alpine,,1,0,19,0.0,0.0,82.338,,
15,20.0,855,1077,1.0,0.0,1.0,,2022,Alfa Romeo,,1,0,14,1.0,0.0,79.37,81.434,
16,19.0,849,1077,1.0,0.0,1.0,,2022,Williams,,1,0,18,0.0,0.0,81.971,,
17,10.0,854,1077,1.0,0.0,1.0,,2022,Haas F1 Team,,1,0,12,1.0,0.0,80.422,80.916,
18,6.0,817,1077,1.0,0.0,1.0,,2022,McLaren,,1,0,6,1.0,1.0,79.98,80.031,89.742
NC,9.0,4,1077,0.0,1.0,,,2022,Alpine,,1,0,5,1.0,1.0,80.19800000000001,79.595,89.202
NC,4.0,832,1077,0.0,1.0,,,2022,Ferrari,,1,0,10,1.0,0.0,79.305,78.99,
1,3.0,830,1078,1.0,0.0,0.0,0.0,2022,Red Bull Racing,,0,1,3,1.0,1.0,88.836,89.202,88.991
2,1.0,844,1078,1.0,0.0,0.0,3.786,2022,Ferrari,,0,1,1,1.0,1.0,89.474,89.13,88.79599999999999
3,2.0,832,1078,1.0,0.0,0.0,8.229,2022,Ferrari,,0,1,2,1.0,1.0,90.079,89.729,88.986
4,4.0,815,1078,1.0,0.0,0.0,10.638,2022,Red Bull Racing,,0,1,4,1.0,1.0,90.055,89.673,89.036
5,12.0,847,1078,1.0,0.0,0.0,18.582,2022,Mercedes,,0,1,12,1.0,0.0,90.49,90.173,
6,6.0,1,1078,1.0,0.0,0.0,21.368,2022,Mercedes,,0,1,6,1.0,1.0,90.388,89.797,89.625
7,5.0,822,1078,1.0,0.0,0.0,25.073,2022,Alfa Romeo,,0,1,5,1.0,1.0,90.845,89.751,89.475
8,20.0,839,1078,1.0,0.0,0.0,28.386,2022,Alpine,,0,1,NC,0.0,0.0,,,
9,18.0,848,1078,1.0,0.0,0.0,32.365,2022,Williams,,0,1,18,0.0,0.0,91.266,,
10,10.0,840,1078,1.0,0.0,0.0,37.026,2022,Aston Martin,,0,1,10,1.0,1.0,90.441,89.996,90.676
11,11.0,4,1078,1.0,0.0,0.0,37.128,2022,Alpine,,0,1,11,1.0,0.0,90.407,90.16,
12,9.0,852,1078,1.0,0.0,0.0,40.146,2022,AlphaTauri,,0,1,9,1.0,1.0,90.485,90.031,89.932
13,14.0,817,1078,1.0,0.0,0.0,40.902,2022,McLaren,,0,1,14,1.0,0.0,90.583,90.31,
14,19.0,849,1078,1.0,0.0,0.0,49.936,2022,Williams,,0,1,19,0.0,0.0,91.325,,
15,15.0,854,1078,1.0,0.0,0.0,73.305,2022,Haas F1 Team,,0,1,15,1.0,0.0,90.645,90.423,
16,16.0,825,1078,0.0,1.0,,,2022,Haas F1 Team,,0,1,16,0.0,0.0,90.975,,
17,13.0,20,1078,0.0,1.0,,,2022,Aston Martin,,0,1,13,1.0,0.0,90.677,90.214,
NC,7.0,842,1078,0.0,1.0,,,2022,AlphaTauri,,0,1,7,1.0,1.0,90.779,90.128,89.69
NC,8.0,846,1078,0.0,1.0,,,2022,McLaren,,0,1,8,1.0,1.0,90.761,89.634,89.75
NC,17.0,855,1078,0.0,1.0,,,2022,Alfa Romeo,,0,1,17,0.0,0.0,91.02,,
1,2.0,830,1079,1.0,0.0,0.0,0.0,2022,Red Bull Racing,,0,1,2,1.0,1.0,80.09100000000001,79.219,79.07300000000001
2,5.0,815,1079,1.0,0.0,0.0,13.072,2022,Red Bull Racing,,0,1,5,1.0,1.0,80.447,79.83,79.42
3,4.0,847,1079,1.0,0.0,0.0,32.927,2022,Mercedes,,0,1,4,1.0,1.0,80.218,79.47,79.393
4,3.0,832,1079,1.0,0.0,0.0,45.208,2022,Ferrari,,0,1,3,1.0,1.0,79.892,79.453,79.166
5,6.0,1,1079,1.0,0.0,0.0,54.534,2022,Mercedes,,0,1,6,1.0,1.0,80.252,79.794,79.512
6,7.0,822,1079,1.0,0.0,0.0,59.976,2022,Alfa Romeo,,0,1,7,1.0,1.0,80.355,80.053,79.608
7,12.0,839,1079,1.0,0.0,0.0,75.397,2022,Alpine,,0,1,12,1.0,0.0,80.88,80.638,
8,11.0,846,1079,1.0,0.0,0.0,83.235,2022,McLaren,,0,1,11,1.0,0.0,80.838,80.471,
9,20.0,4,1079,1.0,0.0,1.0,,2022,Alpine,,0,1,17,0.0,0.0,81.043,,
10,13.0,852,1079,1.0,0.0,1.0,,2022,AlphaTauri,,0,1,13,1.0,0.0,80.707,80.639,
11,16.0,20,1079,1.0,0.0,1.0,,2022,Aston Martin,,0,1,16,0.0,0.0,80.95400000000001,,
12,9.0,817,1079,1.0,0.0,1.0,,2022,McLaren,,0,1,9,1.0,1.0,80.549,80.287,80.297
13,14.0,842,1079,1.0,0.0,1.0,,2022,AlphaTauri,,0,1,14,1.0,0.0,80.719,80.861,
14,10.0,854,1079,1.0,0.0,1.0,,2022,Haas F1 Team,,0,1,10,1.0,1.0,80.68299999999999,80.436,80.368
15,17.0,840,1079,1.0,0.0,1.0,,2022,Aston Martin,,0,1,18,0.0,0.0,81.418,,
16,19.0,849,1079,1.0,0.0,2.0,,2022,Williams,,0,1,20,0.0,0.0,81.91499999999999,,
17,8.0,825,1079,1.0,0.0,2.0,,2022,Haas F1 Team,,0,1,8,1.0,1.0,80.227,79.81,79.682
18,18.0,848,1079,1.0,0.0,2.0,,2022,Williams,,0,1,19,0.0,0.0,81.645,,
NC,15.0,855,1079,0.0,1.0,,,2022,Alfa Romeo,,0,1,15,1.0,0.0,80.476,81.094,
NC,1.0,844,1079,0.0,1.0,,,2022,Ferrari,,0,1,1,1.0,1.0,79.861,79.969,78.75
1,3.0,815,1080,1.0,0.0,0.0,0.0,2022,Red Bull Racing,,0,1,3,1.0,1.0,73.004,71.95400000000001,71.629
2,2.0,832,1080,1.0,0.0,0.0,1.154,2022,Ferrari,,0,1,2,1.0,1.0,72.616,72.074,71.601
3,4.0,830,1080,1.0,0.0,0.0,1.491,2022,Red Bull Racing,,0,1,4,1.0,1.0,72.993,72.117,71.666
4,1.0,844,1080,1.0,0.0,0.0,2.922,2022,Ferrari,,0,1,1,1.0,1.0,72.569,71.864,71.376
5,6.0,847,1080,1.0,0.0,0.0,11.968,2022,Mercedes,,0,1,6,1.0,1.0,72.787,72.617,72.112
6,5.0,846,1080,1.0,0.0,0.0,12.231,2022,McLaren,,0,1,5,1.0,1.0,72.92699999999999,72.266,71.849
7,7.0,4,1080,1.0,0.0,0.0,46.358,2022,Alpine,,0,1,7,1.0,1.0,73.394,72.688,72.247
8,8.0,1,1080,1.0,0.0,0.0,50.388,2022,Mercedes,,0,1,8,1.0,1.0,73.444,72.595,72.56
9,12.0,822,1080,1.0,0.0,0.0,52.525,2022,Alfa Romeo,,0,1,12,1.0,0.0,73.541,72.909,
10,9.0,20,1080,1.0,0.0,0.0,53.536,2022,Aston Martin,,0,1,9,1.0,1.0,73.313,72.613,72.732
11,17.0,842,1080,1.0,0.0,0.0,54.289,2022,AlphaTauri,,0,1,17,0.0,0.0,73.66,,
12,10.0,839,1080,1.0,0.0,0.0,55.644,2022,Alpine,,0,1,10,1.0,1.0,72.848,72.528,73.047
13,14.0,817,1080,1.0,0.0,0.0,57.635,2022,McLaren,,0,1,14,1.0,0.0,73.338,72.964,
14,18.0,840,1080,1.0,0.0,0.0,60.802,2022,Aston Martin,,0,1,18,0.0,0.0,73.678,,
15,19.0,849,1080,1.0,0.0,1.0,,2022,Williams,,0,1,19,0.0,0.0,74.403,,
16,20.0,855,1080,1.0,0.0,1.0,,2022,Alfa Romeo,,0,1,20,0.0,0.0,75.606,,
17,11.0,852,1080,1.0,0.0,1.0,,2022,AlphaTauri,,0,1,11,1.0,0.0,73.11,72.797,
NC,16.0,848,1080,0.0,1.0,,,2022,Williams,,0,1,16,0.0,0.0,73.611,,
NC,15.0,854,1080,0.0,1.0,,,2022,Haas F1 Team,,0,1,15,1.0,0.0,73.469,73.081,
NC,13.0,825,1080,0.0,1.0,,,2022,Haas F1 Team,,0,1,13,1.0,0.0,73.069,72.92099999999999,
1,3.0,830,1081,1.0,0.0,0.0,0.0,2022,Red Bull Racing,,0,1,3,1.0,1.0,102.722,102.227,101.706
2,2.0,815,1081,1.0,0.0,0.0,20.823,2022,Red Bull Racing,,0,1,2,1.0,1.0,102.733,101.955,101.641
3,5.0,847,1081,1.0,0.0,0.0,45.995,2022,Mercedes,,0,1,5,1.0,1.0,103.754,103.281,102.712
4,7.0,1,1081,1.0,0.0,0.0,71.679,2022,Mercedes,,0,1,7,1.0,1.0,103.939,103.182,102.924
5,6.0,842,1081,1.0,0.0,0.0,77.299,2022,AlphaTauri,,0,1,6,1.0,1.0,103.268,103.129,102.845
6,9.0,20,1081,1.0,0.0,0.0,84.099,2022,Aston Martin,,0,1,9,1.0,1.0,103.279,103.268,103.091
7,10.0,4,1081,1.0,0.0,0.0,88.596,2022,Alpine,,0,1,10,1.0,1.0,104.083,103.36,103.173
8,12.0,817,1081,1.0,0.0,0.0,92.207,2022,McLaren,,0,1,12,1.0,0.0,104.437,103.574,
9,11.0,846,1081,1.0,0.0,0.0,92.556,2022,McLaren,,0,1,11,1.0,0.0,104.237,103.398,
10,13.0,839,1081,1.0,0.0,0.0,108.184,2022,Alpine,,0,1,13,1.0,0.0,103.903,103.585,
11,15.0,822,1081,1.0,0.0,1.0,,2022,Alfa Romeo,,0,1,15,1.0,0.0,104.478,104.444,
12,17.0,848,1081,1.0,0.0,1.0,,2022,Williams,,0,1,17,0.0,0.0,104.719,,
13,8.0,852,1081,1.0,0.0,1.0,,2022,AlphaTauri,,0,1,8,1.0,1.0,103.595,103.376,103.056
14,20.0,854,1081,1.0,0.0,1.0,,2022,Haas F1 Team,,0,1,20,0.0,0.0,105.775,,
15,18.0,849,1081,1.0,0.0,1.0,,2022,Williams,,0,1,18,0.0,0.0,105.367,,
16,19.0,840,1081,0.0,1.0,,,2022,Aston Martin,,0,1,19,0.0,0.0,105.371,,
NC,16.0,825,1081,0.0,1.0,,,2022,Haas F1 Team,,0,1,16,0.0,0.0,104.643,,
NC,14.0,855,1081,0.0,1.0,,,2022,Alfa Romeo,,0,1,14,1.0,0.0,103.777,103.79,
NC,1.0,844,1081,0.0,1.0,,,2022,Ferrari,,0,1,1,1.0,1.0,102.865,102.046,101.359
NC,4.0,832,1081,0.0,1.0,,,2022,Ferrari,,0,1,4,1.0,1.0,102.957,102.088,101.814
1,1.0,830,1082,1.0,0.0,0.0,0.0,2022,Red Bull Racing,,0,1,1,1.0,1.0,92.219,83.746,81.299
2,3.0,832,1082,1.0,0.0,0.0,0.993,2022,Ferrari,,0,1,3,1.0,1.0,92.781,85.197,82.096
3,4.0,1,1082,1.0,0.0,0.0,7.006,2022,Mercedes,,0,1,4,1.0,1.0,93.841,85.543,82.89099999999999
4,8.0,847,1082,1.0,0.0,0.0,12.313,2022,Mercedes,,0,1,8,1.0,1.0,93.16,84.95,83.557
5,19.0,844,1082,1.0,0.0,0.0,15.168,2022,Ferrari,,0,1,15,0.0,0.0,93.008,,
6,7.0,839,1082,1.0,0.0,0.0,23.89,2022,Alpine,,0,1,7,1.0,1.0,93.012,86.135,83.529
7,11.0,822,1082,1.0,0.0,0.0,25.247,2022,Alfa Romeo,,0,1,11,1.0,0.0,93.689,86.788,
8,10.0,855,1082,1.0,0.0,0.0,26.952,2022,Alfa Romeo,,0,1,10,1.0,1.0,93.692,86.116,84.03
9,2.0,4,1082,1.0,0.0,0.0,29.945,2022,Alpine,,0,1,2,1.0,1.0,92.277,84.848,81.944
10,17.0,840,1082,1.0,0.0,0.0,38.222,2022,Aston Martin,,0,1,18,0.0,0.0,95.532,,
11,9.0,817,1082,1.0,0.0,0.0,43.047,2022,McLaren,,0,1,9,1.0,1.0,93.636,86.375,83.749
12,16.0,20,1082,1.0,0.0,0.0,44.245,2022,Aston Martin,,0,1,17,0.0,0.0,94.512,,
13,12.0,848,1082,1.0,0.0,0.0,44.893,2022,Williams,,0,1,12,1.0,0.0,94.047,86.858,
14,15.0,842,1082,1.0,0.0,0.0,45.183,2022,AlphaTauri,,0,1,16,0.0,0.0,94.492,,
15,14.0,846,1082,1.0,0.0,0.0,52.145,2022,McLaren,,0,1,14,1.0,0.0,94.066,,
16,18.0,849,1082,1.0,0.0,0.0,59.978,2022,Williams,,0,1,19,0.0,0.0,95.66,,
17,5.0,825,1082,1.0,0.0,0.0,68.18,2022,Haas F1 Team,,0,1,5,1.0,1.0,92.957,86.254,82.96000000000001
NC,20.0,852,1082,0.0,1.0,,,2022,AlphaTauri,,0,1,20,0.0,0.0,96.575,,
NC,6.0,854,1082,0.0,1.0,,,2022,Haas F1 Team,,0,1,6,1.0,1.0,93.707,85.684,83.356
NC,13.0,815,1082,0.0,1.0,,,2022,Red Bull Racing,,0,1,13,1.0,0.0,93.929,93.127,
1,1.0,832,1083,1.0,0.0,0.0,0.0,2022,Ferrari,,1,0,1,1.0,1.0,100.19,101.602,100.983
2,4.0,815,1083,1.0,0.0,0.0,3.779,2022,Red Bull Racing,,1,0,4,1.0,1.0,100.521,102.513,101.616
3,5.0,1,1083,1.0,0.0,0.0,6.225,2022,Mercedes,,1,0,5,1.0,1.0,100.428,101.062,101.995
4,3.0,844,1083,1.0,0.0,0.0,8.546,2022,Ferrari,,1,0,3,1.0,1.0,99.846,101.247,101.298
5,7.0,4,1083,1.0,0.0,0.0,9.571,2022,Alpine,,1,0,7,1.0,1.0,101.598,102.209,102.116
6,6.0,846,1083,1.0,0.0,0.0,11.943,2022,McLaren,,1,0,6,1.0,1.0,101.515,101.821,102.084
7,2.0,830,1083,1.0,0.0,0.0,18.777,2022,Red Bull Racing,,1,0,2,1.0,1.0,99.129,100.655,101.055
8,19.0,854,1083,1.0,0.0,0.0,18.995,2022,Haas F1 Team,,1,0,19,0.0,0.0,102.708,,
9,18.0,20,1083,1.0,0.0,0.0,22.356,2022,Aston Martin,,1,0,18,0.0,0.0,102.666,,
10,17.0,825,1083,1.0,0.0,0.0,24.59,2022,Haas F1 Team,,1,0,17,0.0,0.0,102.159,,
11,20.0,840,1083,1.0,0.0,0.0,26.147,2022,Aston Martin,,1,0,20,0.0,0.0,103.43,,
12,10.0,849,1083,1.0,0.0,0.0,32.511,2022,Williams,,1,0,10,1.0,1.0,101.998,103.273,123.095
13,14.0,817,1083,1.0,0.0,0.0,32.817,2022,McLaren,,1,0,14,1.0,0.0,101.933,104.355,
14,13.0,852,1083,1.0,0.0,0.0,40.91,2022,AlphaTauri,,1,0,13,1.0,0.0,101.893,104.311,
NC,15.0,839,1083,0.0,1.0,,,2022,Alpine,,1,0,15,1.0,0.0,101.73,105.19,
NC,11.0,842,1083,0.0,1.0,,,2022,AlphaTauri,,1,0,11,1.0,0.0,101.68,103.702,
NC,12.0,822,1083,0.0,1.0,,,2022,Alfa Romeo,,1,0,12,1.0,0.0,101.396,104.232,
NC,8.0,847,1083,0.0,1.0,,,2022,Mercedes,,1,0,8,1.0,1.0,100.028,101.725,102.161
NC,9.0,855,1083,0.0,1.0,,,2022,Alfa Romeo,,1,0,9,1.0,1.0,100.791,102.64,102.719
NC,16.0,848,1083,0.0,1.0,,,2022,Williams,,1,0,16,0.0,0.0,102.078,,
1,2.0,844,1084,1.0,0.0,0.0,0.0,2022,Ferrari,,0,1,2,1.0,1.0,65.419,65.287,65.013
2,1.0,830,1084,1.0,0.0,0.0,1.532,2022,Red Bull Racing,,0,1,1,1.0,1.0,65.852,65.374,64.984
3,8.0,1,1084,1.0,0.0,0.0,41.217,2022,Mercedes,,0,1,9,1.0,1.0,66.079,65.475,73.151
4,4.0,847,1084,1.0,0.0,0.0,58.972,2022,Mercedes,,0,1,4,1.0,1.0,66.235,65.697,65.431
5,6.0,839,1084,1.0,0.0,0.0,68.436,2022,Alpine,,0,1,5,1.0,1.0,66.468,65.993,65.726
6,9.0,854,1084,1.0,0.0,1.0,,2022,Haas F1 Team,,0,1,7,1.0,1.0,66.405,66.151,66.011
7,10.0,846,1084,1.0,0.0,1.0,,2022,McLaren,,0,1,15,1.0,0.0,66.33,85.84700000000001,
8,7.0,825,1084,1.0,0.0,1.0,,2022,Haas F1 Team,,0,1,6,1.0,1.0,66.366,65.894,65.879
9,11.0,817,1084,1.0,0.0,1.0,,2022,McLaren,,0,1,16,0.0,0.0,66.613,,
10,19.0,4,1084,1.0,0.0,1.0,,2022,Alpine,,0,1,8,1.0,1.0,66.016,66.082,66.103
11,20.0,822,1084,1.0,0.0,1.0,,2022,Alfa Romeo,,0,1,12,1.0,0.0,66.44200000000001,66.319,
12,15.0,848,1084,1.0,0.0,1.0,,2022,Williams,,0,1,11,1.0,0.0,66.516,66.23,
13,12.0,840,1084,1.0,0.0,1.0,,2022,Aston Martin,,0,1,17,0.0,0.0,66.847,,
14,13.0,855,1084,1.0,0.0,1.0,,2022,Alfa Romeo,,0,1,18,0.0,0.0,66.901,,
15,14.0,842,1084,1.0,0.0,1.0,,2022,AlphaTauri,,0,1,10,1.0,0.0,66.589,66.16,
16,16.0,852,1084,1.0,0.0,1.0,,2022,AlphaTauri,,0,1,14,1.0,0.0,66.463,66.851,
17,18.0,20,1084,1.0,0.0,1.0,,2022,Aston Martin,,0,1,20,0.0,0.0,67.083,,
NC,3.0,832,1084,0.0,1.0,,,2022,Ferrari,,0,1,3,1.0,1.0,65.66,65.576,65.066
NC,17.0,849,1084,0.0,1.0,,,2022,Williams,,0,1,19,0.0,0.0,67.003,,
NC,5.0,815,1084,0.0,1.0,,,2022,Red Bull Racing,,0,1,13,1.0,0.0,66.143,66.458,
1,2.0,830,1085,1.0,0.0,0.0,0.0,2022,Red Bull Racing,,0,1,2,1.0,1.0,91.891,91.99,91.176
2,4.0,1,1085,1.0,0.0,0.0,10.587,2022,Mercedes,,0,1,4,1.0,1.0,93.041,92.274,91.765
3,6.0,847,1085,1.0,0.0,0.0,16.495,2022,Mercedes,,0,1,6,1.0,1.0,93.109,92.633,92.131
4,3.0,815,1085,1.0,0.0,0.0,17.31,2022,Red Bull Racing,,0,1,3,1.0,1.0,92.354,92.12,91.335
5,19.0,832,1085,1.0,0.0,0.0,28.872,2022,Ferrari,,0,1,9,1.0,1.0,92.297,91.081,
6,7.0,4,1085,1.0,0.0,0.0,42.879,2022,Alpine,,0,1,7,1.0,1.0,92.819,92.631,92.552
7,5.0,846,1085,1.0,0.0,0.0,52.026,2022,McLaren,,0,1,5,1.0,1.0,92.672,92.777,92.032
8,10.0,839,1085,1.0,0.0,0.0,56.959,2022,Alpine,,0,1,12,1.0,0.0,93.346,93.048,
9,9.0,817,1085,1.0,0.0,0.0,60.372,2022,McLaren,,0,1,11,1.0,0.0,93.404,92.922,
10,15.0,840,1085,1.0,0.0,0.0,62.549,2022,Aston Martin,,0,1,17,0.0,0.0,93.439,,
11,12.0,20,1085,1.0,0.0,0.0,65.448,2022,Aston Martin,,0,1,14,1.0,0.0,93.285,93.276,
12,14.0,842,1085,1.0,0.0,0.0,65.448,2022,AlphaTauri,,0,1,16,0.0,0.0,93.439,,
13,13.0,848,1085,1.0,0.0,0.0,68.565,2022,Williams,,0,1,15,1.0,0.0,93.423,93.307,
14,11.0,822,1085,1.0,0.0,0.0,76.666,2022,Alfa Romeo,,0,1,13,1.0,0.0,93.034,93.052,
15,17.0,854,1085,1.0,0.0,0.0,80.394,2022,Haas F1 Team,,0,1,19,0.0,0.0,93.701,,
16,16.0,855,1085,1.0,0.0,6.0,,2022,Alfa Romeo,,0,1,18,0.0,0.0,93.674,,
NC,18.0,849,1085,0.0,1.0,,,2022,Williams,,0,1,20,0.0,0.0,93.794,,
NC,20.0,825,1085,0.0,1.0,,,2022,Haas F1 Team,,0,1,10,1.0,0.0,92.756,92.649,
NC,1.0,844,1085,0.0,1.0,,,2022,Ferrari,,0,1,1,1.0,1.0,91.727,91.216,90.872
NC,8.0,852,1085,0.0,1.0,,,2022,AlphaTauri,,0,1,8,1.0,1.0,93.394,92.836,92.78
1,10.0,830,1086,1.0,0.0,0.0,0.0,2022,Red Bull Racing,,1,0,10,1.0,1.0,78.509,77.703,78.82300000000001
2,7.0,1,1086,1.0,0.0,0.0,7.834,2022,Mercedes,,1,0,7,1.0,1.0,78.374,78.035,78.142
3,1.0,847,1086,1.0,0.0,0.0,12.337,2022,Mercedes,,1,0,1,1.0,1.0,78.407,78.154,77.377
4,2.0,832,1086,1.0,0.0,0.0,14.579,2022,Ferrari,,1,0,2,1.0,1.0,78.434,77.946,77.42099999999999
5,11.0,815,1086,1.0,0.0,0.0,15.688,2022,Red Bull Racing,,1,0,11,1.0,0.0,79.118,78.51599999999999,
6,3.0,844,1086,1.0,0.0,0.0,16.047,2022,Ferrari,,1,0,3,1.0,1.0,78.806,77.768,77.56700000000001
7,4.0,846,1086,1.0,0.0,0.0,78.3,2022,McLaren,,1,0,4,1.0,1.0,78.65299999999999,78.121,77.769
8,6.0,4,1086,1.0,0.0,1.0,,2022,Alpine,,1,0,6,1.0,1.0,78.71600000000001,77.904,78.078
9,5.0,839,1086,1.0,0.0,1.0,,2022,Alpine,,1,0,5,1.0,1.0,78.866,78.21600000000001,78.018
10,18.0,20,1086,1.0,0.0,1.0,,2022,Aston Martin,,1,0,18,0.0,0.0,79.273,,
11,14.0,840,1086,1.0,0.0,1.0,,2022,Aston Martin,,1,0,14,1.0,0.0,79.205,79.137,
12,20.0,842,1086,1.0,0.0,1.0,,2022,AlphaTauri,,1,0,19,0.0,0.0,79.527,,
13,12.0,855,1086,1.0,0.0,1.0,,2022,Alfa Romeo,,1,0,12,1.0,0.0,78.973,78.57300000000001,
14,15.0,854,1086,1.0,0.0,1.0,,2022,Haas F1 Team,,1,0,15,1.0,0.0,79.164,79.202,
15,9.0,817,1086,1.0,0.0,1.0,,2022,McLaren,,1,0,9,1.0,1.0,78.775,78.19800000000001,78.379
16,13.0,825,1086,1.0,0.0,1.0,,2022,Haas F1 Team,,1,0,13,1.0,0.0,78.993,78.825,
17,17.0,848,1086,1.0,0.0,1.0,,2022,Williams,,1,0,17,0.0,0.0,79.256,,
18,19.0,849,1086,1.0,0.0,1.0,,2022,Williams,,1,0,20,0.0,0.0,79.57,,
19,16.0,852,1086,1.0,0.0,2.0,,2022,AlphaTauri,,1,0,16,0.0,0.0,79.24,,
20,8.0,822,1086,0.0,1.0,,,2022,Alfa Romeo,,1,0,8,1.0,1.0,78.935,78.445,78.157
1,14.0,830,1087,1.0,0.0,0.0,0.0,2022,Red Bull Racing,,0,1,1,1.0,1.0,104.581,104.723,103.665
2,2.0,815,1087,1.0,0.0,0.0,17.841,2022,Red Bull Racing,,0,1,3,1.0,1.0,105.377,104.794,104.462
3,1.0,832,1087,1.0,0.0,0.0,26.886,2022,Ferrari,,0,1,2,1.0,1.0,105.05,105.418,104.297
4,5.0,847,1087,1.0,0.0,0.0,29.14,2022,Mercedes,,0,1,8,1.0,1.0,105.65,105.461,105.776
5,3.0,4,1087,1.0,0.0,0.0,73.256,2022,Alpine,,0,1,6,1.0,1.0,106.075,105.552,105.368
6,15.0,844,1087,1.0,0.0,0.0,74.936,2022,Ferrari,,0,1,4,1.0,1.0,105.572,104.551,104.553
7,16.0,839,1087,1.0,0.0,0.0,75.64,2022,Alpine,,0,1,5,1.0,1.0,106.039,105.475,105.18
8,10.0,20,1087,1.0,0.0,0.0,78.107,2022,Aston Martin,,0,1,16,0.0,0.0,106.344,,
9,8.0,842,1087,1.0,0.0,0.0,92.181,2022,AlphaTauri,,0,1,12,1.0,0.0,106.183,105.827,
10,6.0,848,1087,1.0,0.0,0.0,101.9,2022,Williams,,0,1,9,1.0,1.0,105.672,105.675,105.837
11,9.0,840,1087,1.0,0.0,0.0,103.078,2022,Aston Martin,,0,1,14,1.0,0.0,106.256,106.611,
12,17.0,846,1087,1.0,0.0,0.0,104.739,2022,McLaren,,0,1,10,1.0,1.0,105.745,105.603,106.178
13,20.0,852,1087,1.0,0.0,0.0,105.217,2022,AlphaTauri,,0,1,19,0.0,0.0,106.692,,
14,18.0,855,1087,1.0,0.0,0.0,106.252,2022,Alfa Romeo,,0,1,13,1.0,0.0,106.178,106.085,
15,7.0,817,1087,1.0,0.0,0.0,107.163,2022,McLaren,,0,1,11,1.0,0.0,106.212,105.767,
16,12.0,825,1087,1.0,0.0,1.0,,2022,Haas F1 Team,,0,1,18,0.0,0.0,106.557,,
17,19.0,854,1087,1.0,0.0,1.0,,2022,Haas F1 Team,,0,1,15,1.0,0.0,106.342,107.718,
18,11.0,849,1087,1.0,0.0,1.0,,2022,Williams,,0,1,17,0.0,0.0,106.401,,
NC,13.0,822,1087,0.0,1.0,,,2022,Alfa Romeo,,0,1,20,0.0,0.0,107.866,,
NC,4.0,1,1087,0.0,1.0,,,2022,Mercedes,,0,1,7,1.0,1.0,105.736,105.42,105.503
1,1.0,830,1088,1.0,0.0,0.0,0.0,2022,Red Bull Racing,,1,0,1,1.0,1.0,71.31700000000001,70.92699999999999,70.342
2,6.0,847,1088,1.0,0.0,0.0,4.071,2022,Mercedes,,1,0,6,1.0,1.0,71.561,70.824,71.147
3,2.0,844,1088,1.0,0.0,0.0,10.929,2022,Ferrari,,1,0,2,1.0,1.0,71.443,70.988,70.363
4,4.0,1,1088,1.0,0.0,0.0,13.016,2022,Mercedes,,1,0,4,1.0,1.0,71.331,71.075,70.648
5,5.0,815,1088,1.0,0.0,0.0,18.168,2022,Red Bull Racing,,1,0,5,1.0,1.0,71.641,71.314,71.077
6,13.0,4,1088,1.0,0.0,0.0,18.754,2022,Alpine,,1,0,13,1.0,0.0,71.667,71.613,
7,7.0,846,1088,1.0,0.0,0.0,19.306,2022,McLaren,,1,0,7,1.0,1.0,71.556,71.116,71.174
8,3.0,832,1088,1.0,0.0,0.0,20.916,2022,Ferrari,,1,0,3,1.0,1.0,71.767,70.814,70.434
9,12.0,839,1088,1.0,0.0,0.0,21.117,2022,Alpine,,1,0,12,1.0,0.0,71.748,71.605,
10,10.0,840,1088,1.0,0.0,0.0,22.459,2022,Aston Martin,,1,0,10,1.0,0.0,71.568,71.416,
11,11.0,842,1088,1.0,0.0,0.0,27.009,2022,AlphaTauri,,1,0,11,1.0,0.0,71.705,71.512,
12,15.0,848,1088,1.0,0.0,0.0,30.39,2022,Williams,,1,0,15,1.0,0.0,71.695,71.80199999999999,
13,8.0,854,1088,1.0,0.0,0.0,32.995,2022,Haas F1 Team,,1,0,8,1.0,1.0,71.741,71.42,71.44200000000001
14,19.0,20,1088,1.0,0.0,0.0,36.007,2022,Aston Martin,,1,0,19,0.0,0.0,72.391,,
15,18.0,825,1088,1.0,0.0,0.0,36.869,2022,Haas F1 Team,,1,0,18,0.0,0.0,72.319,,
16,14.0,855,1088,1.0,0.0,0.0,37.32,2022,Alfa Romeo,,1,0,14,1.0,0.0,71.826,71.70400000000001,
17,17.0,817,1088,1.0,0.0,0.0,37.764,2022,McLaren,,1,0,17,0.0,0.0,72.081,,
18,20.0,849,1088,1.0,0.0,1.0,,2022,Williams,,1,0,20,0.0,0.0,73.353,,
NC,16.0,822,1088,0.0,1.0,,,2022,Alfa Romeo,,1,0,16,0.0,0.0,71.961,,
NC,9.0,852,1088,0.0,1.0,,,2022,AlphaTauri,,1,0,9,1.0,1.0,71.42699999999999,71.428,72.556
1,7.0,830,1089,1.0,0.0,0.0,0.0,2022,Red Bull Racing,,0,1,2,1.0,1.0,80.922,81.265,80.306
2,1.0,844,1089,1.0,0.0,0.0,2.446,2022,Ferrari,,0,1,1,1.0,1.0,81.28,81.208,80.161
3,2.0,847,1089,1.0,0.0,0.0,3.405,2022,Mercedes,,0,1,6,1.0,1.0,81.785,81.747,81.542
4,18.0,832,1089,1.0,0.0,0.0,5.061,2022,Ferrari,,0,1,3,1.0,1.0,81.348,80.878,80.429
5,19.0,1,1089,1.0,0.0,0.0,5.38,2022,Mercedes,,0,1,5,1.0,1.0,82.048,81.708,81.524
6,13.0,815,1089,1.0,0.0,0.0,6.091,2022,Red Bull Racing,,0,1,4,1.0,1.0,81.495,81.358,81.206
7,3.0,846,1089,1.0,0.0,0.0,6.207,2022,McLaren,,0,1,7,1.0,1.0,82.13,81.831,81.584
8,5.0,842,1089,1.0,0.0,0.0,6.396,2022,AlphaTauri,,0,1,9,1.0,1.0,82.01,82.062,82.648
9,8.0,856,1089,1.0,0.0,0.0,7.122,2022,Williams,,0,1,13,1.0,0.0,82.56700000000001,82.471,
10,9.0,855,1089,1.0,0.0,0.0,7.91,2022,Alfa Romeo,,0,1,14,1.0,0.0,82.003,82.577,
11,14.0,839,1089,1.0,0.0,0.0,8.323,2022,Alpine,,0,1,11,1.0,0.0,82.166,82.13,
12,17.0,854,1089,1.0,0.0,0.0,8.549,2022,Haas F1 Team,,0,1,20,0.0,0.0,83.005,,
13,15.0,822,1089,1.0,0.0,1.0,,2022,Alfa Romeo,,0,1,12,1.0,0.0,82.254,82.235,
14,20.0,852,1089,1.0,0.0,1.0,,2022,AlphaTauri,,0,1,15,0.0,0.0,82.02,,
15,10.0,849,1089,1.0,0.0,1.0,,2022,Williams,,0,1,16,0.0,0.0,82.587,,
16,16.0,825,1089,1.0,0.0,1.0,,2022,Haas F1 Team,,0,1,19,0.0,0.0,82.908,,
NC,4.0,817,1089,0.0,1.0,,,2022,McLaren,,0,1,8,1.0,1.0,82.139,81.855,81.925
NC,12.0,840,1089,0.0,1.0,,,2022,Aston Martin,,0,1,18,0.0,0.0,82.748,,
NC,6.0,4,1089,0.0,1.0,,,2022,Alpine,,0,1,10,1.0,0.0,82.089,81.861,
NC,11.0,20,1089,0.0,1.0,,,2022,Aston Martin,,0,1,17,0.0,0.0,82.636,,
1,2.0,815,1091,1.0,0.0,0.0,0.0,2022,Red Bull Racing,,0,1,2,1.0,1.0,114.404,112.818,109.434
2,1.0,844,1091,1.0,0.0,0.0,2.595,2022,Ferrari,,0,1,1,1.0,1.0,114.129,112.343,109.412
3,4.0,832,1091,1.0,0.0,0.0,10.305,2022,Ferrari,,0,1,4,1.0,1.0,114.559,113.219,109.583
4,6.0,846,1091,1.0,0.0,0.0,21.133,2022,McLaren,,0,1,6,1.0,1.0,115.914,113.942,110.584
5,16.0,817,1091,1.0,0.0,0.0,53.282,2022,McLaren,,0,1,17,0.0,0.0,116.226,,
6,11.0,840,1091,1.0,0.0,0.0,56.33,2022,Aston Martin,,0,1,12,1.0,0.0,115.629,114.211,
7,8.0,830,1091,1.0,0.0,0.0,58.825,2022,Red Bull Racing,,0,1,8,1.0,1.0,113.057,112.723,111.395
8,13.0,20,1091,1.0,0.0,0.0,60.032,2022,Aston Martin,,0,1,14,1.0,0.0,115.602,114.38,
9,3.0,1,1091,1.0,0.0,0.0,61.515,2022,Mercedes,,0,1,3,1.0,1.0,113.161,112.691,109.466
10,7.0,842,1091,1.0,0.0,0.0,69.576,2022,AlphaTauri,,0,1,7,1.0,1.0,115.606,113.546,111.211
11,15.0,822,1091,1.0,0.0,0.0,88.844,2022,Alfa Romeo,,0,1,16,0.0,0.0,116.083,,
12,9.0,825,1091,1.0,0.0,0.0,92.61,2022,Haas F1 Team,,0,1,9,1.0,1.0,115.103,114.006,111.573
13,12.0,854,1091,1.0,0.0,1.0,,2022,Haas F1 Team,,0,1,13,1.0,0.0,115.736,114.37,
14,20.0,847,1091,1.0,0.0,2.0,,2022,Mercedes,,0,1,11,1.0,0.0,114.633,114.012,
NC,10.0,852,1091,0.0,1.0,,,2022,AlphaTauri,,0,1,10,1.0,1.0,115.314,113.848,111.983
NC,17.0,839,1091,0.0,1.0,,,2022,Alpine,,0,1,18,0.0,0.0,116.337,,
NC,18.0,848,1091,0.0,1.0,,,2022,Williams,,0,1,19,0.0,0.0,116.985,,
NC,5.0,4,1091,0.0,1.0,,,2022,Alpine,,0,1,5,1.0,1.0,115.36,113.127,109.966
NC,19.0,849,1091,0.0,1.0,,,2022,Williams,,0,1,20,0.0,0.0,117.532,,
NC,14.0,855,1091,0.0,1.0,,,2022,Alfa Romeo,,0,1,15,1.0,0.0,115.375,115.518,
1,1.0,830,1092,1.0,0.0,0.0,0.0,2022,Red Bull Racing,,1,0,1,1.0,1.0,90.224,90.346,89.304
2,4.0,815,1092,1.0,0.0,0.0,27.066,2022,Red Bull Racing,,1,0,4,1.0,1.0,90.622,89.25,89.709
3,2.0,844,1092,1.0,0.0,0.0,31.763,2022,Ferrari,,1,0,2,1.0,1.0,90.402,90.486,89.314
4,5.0,839,1092,1.0,0.0,0.0,39.685,2022,Alpine,,1,0,5,1.0,1.0,90.696,90.357,90.165
5,6.0,1,1092,1.0,0.0,0.0,40.326,2022,Mercedes,,1,0,6,1.0,1.0,90.906,90.443,90.261
6,9.0,20,1092,1.0,0.0,0.0,46.358,2022,Aston Martin,,1,0,9,1.0,1.0,91.256,90.656,90.554
7,7.0,4,1092,1.0,0.0,0.0,46.369,2022,Alpine,,1,0,7,1.0,1.0,90.603,90.343,90.322
8,8.0,847,1092,1.0,0.0,0.0,47.661,2022,Mercedes,,1,0,8,1.0,1.0,90.865,90.465,90.389
9,19.0,849,1092,1.0,0.0,0.0,70.143,2022,Williams,,1,0,20,0.0,0.0,91.511,,
10,10.0,846,1092,1.0,0.0,0.0,70.782,2022,McLaren,,1,0,10,1.0,1.0,90.881,90.473,91.003
11,11.0,817,1092,1.0,0.0,0.0,72.877,2022,McLaren,,1,0,11,1.0,0.0,90.88,90.659,
12,18.0,840,1092,1.0,0.0,0.0,73.904,2022,Aston Martin,,1,0,19,0.0,0.0,91.419,,
13,13.0,852,1092,1.0,0.0,0.0,75.599,2022,AlphaTauri,,1,0,13,1.0,0.0,91.13,90.808,
14,17.0,825,1092,1.0,0.0,0.0,86.016,2022,Haas F1 Team,,1,0,18,0.0,0.0,91.352,,
15,12.0,822,1092,1.0,0.0,0.0,86.496,2022,Alfa Romeo,,1,0,12,1.0,0.0,91.226,90.709,
16,14.0,855,1092,1.0,0.0,0.0,87.043,2022,Alfa Romeo,,1,0,14,1.0,0.0,90.894,90.953,
17,15.0,854,1092,1.0,0.0,0.0,92.523,2022,Haas F1 Team,,1,0,15,1.0,0.0,91.152,91.439,
18,20.0,842,1092,1.0,0.0,0.0,108.091,2022,AlphaTauri,,1,0,17,0.0,0.0,91.322,,
NC,3.0,832,1092,0.0,1.0,,,2022,Ferrari,,1,0,3,1.0,1.0,90.336,90.444,89.361
NC,16.0,848,1092,0.0,1.0,,,2022,Williams,,1,0,16,0.0,0.0,91.311,,
1,2.0,830,1093,1.0,0.0,0.0,0.0,2022,Red Bull Racing,,0,1,3,1.0,1.0,95.864,95.294,94.448
2,3.0,1,1093,1.0,0.0,0.0,5.023,2022,Mercedes,,0,1,5,1.0,1.0,96.148,95.732,94.947
3,12.0,844,1093,1.0,0.0,0.0,7.501,2022,Ferrari,,0,1,2,1.0,1.0,95.795,95.246,94.421
4,9.0,815,1093,1.0,0.0,0.0,8.293,2022,Red Bull Racing,,0,1,4,1.0,1.0,96.163,95.864,94.645
5,4.0,847,1093,1.0,0.0,0.0,44.815,2022,Mercedes,,0,1,6,1.0,1.0,96.195,95.692,94.988
6,6.0,846,1093,1.0,0.0,0.0,53.785,2022,McLaren,,0,1,8,1.0,1.0,96.465,96.341,95.69
7,14.0,4,1093,1.0,0.0,0.0,55.078,2022,Alpine,,0,1,9,1.0,1.0,96.446,95.988,95.876
8,10.0,20,1093,1.0,0.0,0.0,65.354,2022,Aston Martin,,0,1,12,1.0,0.0,96.995,96.398,
9,13.0,825,1093,1.0,0.0,0.0,65.834,2022,Haas F1 Team,,0,1,16,0.0,0.0,96.949,,
10,19.0,852,1093,1.0,0.0,0.0,70.919,2022,AlphaTauri,,0,1,15,1.0,0.0,96.808,97.147,
11,20.0,839,1093,1.0,0.0,0.0,72.875,2022,Alpine,,0,1,18,0.0,0.0,97.068,,
12,18.0,855,1093,1.0,0.0,0.0,76.164,2022,Alfa Romeo,,0,1,14,1.0,0.0,96.656,96.97,
13,8.0,848,1093,1.0,0.0,0.0,80.057,2022,Williams,,0,1,11,1.0,0.0,96.922,96.368,
14,11.0,842,1093,1.0,0.0,0.0,81.763,2022,AlphaTauri,,0,1,13,1.0,0.0,96.577,96.74,
15,16.0,854,1093,1.0,0.0,0.0,84.49,2022,Haas F1 Team,,0,1,19,0.0,0.0,97.111,,
16,15.0,817,1093,1.0,0.0,0.0,90.487,2022,McLaren,,0,1,17,0.0,0.0,97.046,,
17,17.0,849,1093,1.0,0.0,0.0,103.588,2022,Williams,,0,1,20,0.0,0.0,97.244,,
NC,5.0,840,1093,0.0,1.0,,,2022,Aston Martin,,0,1,7,1.0,1.0,96.86,96.032,95.598
NC,7.0,822,1093,0.0,1.0,,,2022,Alfa Romeo,,0,1,10,1.0,1.0,96.746,96.321,96.319
NC,1.0,832,1093,0.0,1.0,,,2022,Ferrari,,0,1,1,1.0,1.0,95.297,95.59,94.356
1,1.0,830,1094,1.0,0.0,0.0,0.0,2022,Red Bull Racing,,1,1,1,1.0,1.0,79.22200000000001,78.566,77.775
2,3.0,1,1094,1.0,0.0,0.0,15.186,2022,Mercedes,,1,1,3,1.0,1.0,79.169,78.55199999999999,78.084
3,4.0,815,1094,1.0,0.0,0.0,18.097,2022,Red Bull Racing,,1,1,4,1.0,1.0,79.706,78.615,78.128
4,2.0,847,1094,1.0,0.0,0.0,49.431,2022,Mercedes,,1,1,2,1.0,1.0,79.583,78.565,78.07900000000001
5,5.0,832,1094,1.0,0.0,0.0,58.123,2022,Ferrari,,1,1,5,1.0,1.0,79.566,78.56,78.351
6,7.0,844,1094,1.0,0.0,0.0,68.774,2022,Ferrari,,1,1,7,1.0,1.0,79.505,79.10900000000001,78.555
7,11.0,817,1094,1.0,0.0,1.0,,2022,McLaren,,1,1,11,1.0,0.0,80.279,79.325,
8,10.0,839,1094,1.0,0.0,1.0,,2022,Alpine,,1,1,10,1.0,1.0,79.945,79.081,79.01
9,8.0,846,1094,1.0,0.0,1.0,,2022,McLaren,,1,1,8,1.0,1.0,79.857,79.119,78.721
10,6.0,822,1094,1.0,0.0,1.0,,2022,Alfa Romeo,,1,1,6,1.0,1.0,79.523,78.762,78.401
11,14.0,842,1094,1.0,0.0,1.0,,2022,AlphaTauri,,1,1,14,1.0,0.0,80.256,79.672,
12,17.0,848,1094,1.0,0.0,1.0,,2022,Williams,,1,1,19,0.0,0.0,80.85900000000001,,
13,12.0,855,1094,1.0,0.0,1.0,,2022,Alfa Romeo,,1,1,12,1.0,0.0,80.283,79.476,
14,16.0,20,1094,1.0,0.0,1.0,,2022,Aston Martin,,1,1,17,0.0,0.0,80.419,,
15,20.0,840,1094,1.0,0.0,1.0,,2022,Aston Martin,,1,1,18,0.0,0.0,80.52,,
16,15.0,854,1094,1.0,0.0,1.0,,2022,Haas F1 Team,,1,1,16,0.0,0.0,80.419,,
17,19.0,825,1094,1.0,0.0,1.0,,2022,Haas F1 Team,,1,1,15,1.0,0.0,80.293,79.833,
18,18.0,849,1094,1.0,0.0,2.0,,2022,Williams,,1,1,20,0.0,0.0,81.167,,
19,9.0,4,1094,0.0,1.0,,,2022,Alpine,,1,1,9,1.0,1.0,80.006,79.27199999999999,78.939
NC,13.0,852,1094,0.0,1.0,,,2022,AlphaTauri,,1,1,13,1.0,0.0,79.907,79.589,
1,1.0,847,1095,1.0,0.0,0.0,0.0,2022,Mercedes,,0,1,3,1.0,1.0,74.42699999999999,71.318,72.059
2,2.0,1,1095,1.0,0.0,0.0,1.529,2022,Mercedes,,0,1,8,1.0,1.0,73.403,71.539,72.611
3,7.0,832,1095,1.0,0.0,0.0,4.051,2022,Ferrari,,0,1,5,1.0,1.0,5120.0,70.89,72.357
4,5.0,844,1095,1.0,0.0,0.0,8.441,2022,Ferrari,,0,1,10,1.0,1.0,74.486,70.95,
5,17.0,4,1095,1.0,0.0,0.0,9.561,2022,Alpine,,0,1,7,1.0,1.0,73.542,71.394,72.504
6,3.0,830,1095,1.0,0.0,0.0,10.056,2022,Red Bull Racing,,0,1,2,1.0,1.0,73.625,70.881,71.877
7,4.0,815,1095,1.0,0.0,0.0,14.08,2022,Red Bull Racing,,0,1,9,1.0,1.0,73.613,71.456,75.601
8,16.0,839,1095,1.0,0.0,0.0,18.69,2022,Alpine,,0,1,6,1.0,1.0,74.663,71.587,72.425
9,14.0,822,1095,1.0,0.0,0.0,22.552,2022,Alfa Romeo,,0,1,18,0.0,0.0,75.486,,
10,15.0,840,1095,1.0,0.0,0.0,23.552,2022,Aston Martin,,0,1,15,1.0,0.0,74.398,72.21000000000001,
11,9.0,20,1095,1.0,0.0,0.0,26.183,2022,Aston Martin,,0,1,13,1.0,0.0,73.597,71.678,
12,13.0,855,1095,1.0,0.0,0.0,29.325,2022,Alfa Romeo,,0,1,17,0.0,0.0,75.197,,
13,12.0,854,1095,1.0,0.0,0.0,29.899,2022,Haas F1 Team,,0,1,20,0.0,0.0,76.361,,
14,10.0,842,1095,1.0,0.0,0.0,31.867,2022,AlphaTauri,,0,1,12,1.0,0.0,74.371,71.675,
15,19.0,848,1095,1.0,0.0,0.0,36.016,2022,Williams,,0,1,11,1.0,0.0,74.324,71.631,
16,18.0,849,1095,1.0,0.0,0.0,37.038,2022,Williams,,0,1,16,0.0,0.0,75.095,,
17,20.0,852,1095,1.0,0.0,1.0,,2022,AlphaTauri,,0,1,19,0.0,0.0,76.264,,
NC,6.0,846,1095,0.0,1.0,,,2022,McLaren,,0,1,4,1.0,1.0,73.106,71.377,72.263
NC,8.0,825,1095,0.0,1.0,,,2022,Haas F1 Team,,0,1,1,1.0,1.0,73.95400000000001,71.41,71.674
NC,11.0,817,1095,0.0,1.0,,,2022,McLaren,,0,1,14,1.0,0.0,74.931,72.14,
1,1.0,830,1096,1.0,0.0,0.0,0.0,2022,Red Bull Racing,,0,1,1,1.0,1.0,84.754,84.622,83.824
2,3.0,844,1096,1.0,0.0,0.0,8.771,2022,Ferrari,,0,1,3,1.0,1.0,85.211,84.517,84.092
3,2.0,815,1096,1.0,0.0,0.0,10.093,2022,Red Bull Racing,,0,1,2,1.0,1.0,84.82,84.419,84.05199999999999
4,4.0,832,1096,1.0,0.0,0.0,24.892,2022,Ferrari,,0,1,4,1.0,1.0,85.09,84.521,84.242
5,6.0,847,1096,1.0,0.0,0.0,35.888,2022,Mercedes,,0,1,6,1.0,1.0,85.545,84.94,84.511
6,7.0,846,1096,1.0,0.0,0.0,56.234,2022,McLaren,,0,1,7,1.0,1.0,85.387,84.90299999999999,84.769
7,8.0,839,1096,1.0,0.0,0.0,57.24,2022,Alpine,,0,1,8,1.0,1.0,85.735,85.007,84.83
8,14.0,840,1096,1.0,0.0,0.0,76.931,2022,Aston Martin,,0,1,14,1.0,0.0,85.741,85.35900000000001,
9,13.0,817,1096,1.0,0.0,0.0,83.268,2022,McLaren,,0,1,10,1.0,1.0,85.76599999999999,85.068,85.045
10,9.0,20,1096,1.0,0.0,0.0,83.898,2022,Aston Martin,,0,1,9,1.0,1.0,85.523,84.974,84.961
11,11.0,852,1096,1.0,0.0,0.0,89.371,2022,AlphaTauri,,0,1,12,1.0,0.0,85.63,85.219,
12,15.0,855,1096,1.0,0.0,1.0,,2022,Alfa Romeo,,0,1,15,1.0,0.0,85.594,85.408,
13,19.0,848,1096,1.0,0.0,1.0,,2022,Williams,,0,1,19,0.0,0.0,86.02799999999999,,
14,17.0,842,1096,1.0,0.0,1.0,,2022,AlphaTauri,,0,1,17,0.0,0.0,85.85900000000001,,
15,18.0,822,1096,1.0,0.0,1.0,,2022,Alfa Romeo,,0,1,18,0.0,0.0,85.892,,
16,12.0,854,1096,1.0,0.0,1.0,,2022,Haas F1 Team,,0,1,13,1.0,0.0,85.711,85.225,
17,16.0,825,1096,1.0,0.0,1.0,,2022,Haas F1 Team,,0,1,16,0.0,0.0,85.834,,
18,5.0,1,1096,0.0,1.0,,,2022,Mercedes,,0,1,5,1.0,1.0,85.594,84.774,84.508
19,20.0,849,1096,0.0,1.0,,,2022,Williams,,0,1,20,0.0,0.0,86.054,,
NC,10.0,4,1096,0.0,1.0,,,2022,Alpine,,0,1,11,1.0,0.0,85.782,85.096,
1,1.0,830,1098,1.0,0.0,0.0,0.0,2023,Red Bull Racing,,0,1,1,1.0,1.0,91.295,90.503,89.708
2,2.0,815,1098,1.0,0.0,0.0,11.987,2023,Red Bull Racing,,0,1,2,1.0,1.0,91.479,90.746,89.846
3,5.0,4,1098,1.0,0.0,0.0,38.637,2023,Aston Martin,,0,1,5,1.0,1.0,91.158,90.645,90.336
4,4.0,832,1098,1.0,0.0,0.0,48.052,2023,Ferrari,,0,1,4,1.0,1.0,90.993,90.515,90.154
5,7.0,1,1098,1.0,0.0,0.0,50.977,2023,Mercedes,,0,1,7,1.0,1.0,91.543,90.513,90.384
6,8.0,840,1098,1.0,0.0,0.0,54.502,2023,Aston Martin,,0,1,8,1.0,1.0,91.184,91.127,90.836
7,6.0,847,1098,1.0,0.0,0.0,55.873,2023,Mercedes,,0,1,6,1.0,1.0,91.057,90.507,90.34
8,12.0,822,1098,1.0,0.0,0.0,72.647,2023,Alfa Romeo,,0,1,12,1.0,0.0,91.504,91.443,
9,20.0,842,1098,1.0,0.0,0.0,73.753,2023,Alpine,,0,1,20,0.0,0.0,92.181,,
10,15.0,848,1098,1.0,0.0,0.0,89.774,2023,Williams,,0,1,15,1.0,0.0,91.461,,
11,14.0,852,1098,1.0,0.0,0.0,90.87,2023,AlphaTauri,,0,1,14,1.0,0.0,91.4,92.51,
12,16.0,858,1098,1.0,0.0,1.0,,2023,Williams,,0,1,16,0.0,0.0,91.652,,
13,17.0,825,1098,1.0,0.0,1.0,,2023,Haas F1 Team,,0,1,17,0.0,0.0,91.892,,
14,19.0,856,1098,1.0,0.0,1.0,,2023,AlphaTauri,,0,1,19,0.0,0.0,92.121,,
15,10.0,807,1098,1.0,0.0,1.0,,2023,Haas F1 Team,,0,1,10,1.0,1.0,91.204,90.809,
16,13.0,855,1098,1.0,0.0,1.0,,2023,Alfa Romeo,,0,1,13,1.0,0.0,91.615,91.473,
17,11.0,846,1098,1.0,0.0,2.0,,2023,McLaren,,0,1,11,1.0,0.0,91.652,91.381,
NC,9.0,839,1098,0.0,1.0,,,2023,Alpine,,0,1,9,1.0,1.0,91.508,90.914,90.984
NC,3.0,844,1098,0.0,1.0,,,2023,Ferrari,,0,1,3,1.0,1.0,91.094,90.282,90.0
NC,18.0,857,1098,0.0,1.0,,,2023,McLaren,,0,1,18,0.0,0.0,92.101,,
1,1.0,815,1099,1.0,0.0,0.0,0.0,2023,Red Bull Racing,,0,1,1,1.0,1.0,89.244,88.635,88.265
2,15.0,830,1099,1.0,0.0,0.0,5.335,2023,Red Bull Racing,,0,1,15,1.0,0.0,88.761,109.953,
3,2.0,4,1099,1.0,0.0,0.0,20.728,2023,Aston Martin,,0,1,3,1.0,1.0,89.298,88.757,88.73
4,3.0,847,1099,1.0,0.0,0.0,25.866,2023,Mercedes,,0,1,4,1.0,1.0,89.592,89.132,88.857
5,7.0,1,1099,1.0,0.0,0.0,31.065,2023,Mercedes,,0,1,8,1.0,1.0,89.689,89.374,89.223
6,4.0,832,1099,1.0,0.0,0.0,35.876,2023,Ferrari,,0,1,5,1.0,1.0,89.411,88.957,88.931
7,12.0,844,1099,1.0,0.0,0.0,43.162,2023,Ferrari,,0,1,2,1.0,1.0,89.376,88.90299999999999,88.42
8,6.0,839,1099,1.0,0.0,0.0,52.832,2023,Alpine,,0,1,7,1.0,1.0,89.707,89.255,89.078
9,9.0,842,1099,1.0,0.0,0.0,54.747,2023,Alpine,,0,1,10,1.0,1.0,89.89,89.411,89.357
10,13.0,825,1099,1.0,0.0,0.0,64.826,2023,Haas F1 Team,,0,1,13,1.0,0.0,89.744,89.634,
11,16.0,852,1099,1.0,0.0,0.0,67.494,2023,AlphaTauri,,0,1,16,0.0,0.0,89.939,,
12,10.0,807,1099,1.0,0.0,0.0,70.588,2023,Haas F1 Team,,0,1,11,1.0,0.0,89.547,89.451,
13,11.0,855,1099,1.0,0.0,0.0,76.06,2023,Alfa Romeo,,0,1,12,1.0,0.0,89.654,89.461,
14,18.0,856,1099,1.0,0.0,0.0,77.478,2023,AlphaTauri,,0,1,18,0.0,0.0,90.244,,
15,8.0,857,1099,1.0,0.0,0.0,85.021,2023,McLaren,,0,1,9,1.0,1.0,89.706,89.378,89.243
16,20.0,858,1099,1.0,0.0,0.0,86.293,2023,Williams,,0,1,NC,0.0,0.0,128.51,,
17,19.0,846,1099,1.0,0.0,0.0,86.445,2023,McLaren,,0,1,19,0.0,0.0,90.447,,
18,14.0,822,1099,1.0,0.0,1.0,,2023,Alfa Romeo,,0,1,14,1.0,0.0,89.929,89.668,
NC,17.0,848,1099,0.0,1.0,,,2023,Williams,,0,1,17,0.0,0.0,89.994,,
NC,5.0,840,1099,0.0,1.0,,,2023,Aston Martin,,0,1,6,1.0,1.0,89.33500000000001,88.962,88.945
1,1.0,830,1100,1.0,0.0,0.0,0.0,2023,Red Bull Racing,,0,1,1,1.0,1.0,77.384,77.056,76.732
2,3.0,1,1100,1.0,0.0,0.0,0.179,2023,Mercedes,,0,1,3,1.0,1.0,77.689,77.551,77.104
3,4.0,4,1100,1.0,0.0,0.0,0.769,2023,Aston Martin,,0,1,4,1.0,1.0,77.832,77.283,77.139
4,6.0,840,1100,1.0,0.0,0.0,3.082,2023,Aston Martin,,0,1,6,1.0,1.0,77.873,77.616,77.30799999999999
5,20.0,815,1100,1.0,0.0,0.0,3.32,2023,Red Bull Racing,,0,1,NC,0.0,0.0,,,
6,13.0,846,1100,1.0,0.0,0.0,3.701,2023,McLaren,,0,1,13,1.0,0.0,78.243,78.119,
7,10.0,807,1100,1.0,0.0,0.0,4.939,2023,Haas F1 Team,,0,1,10,1.0,1.0,78.029,77.413,77.735
8,16.0,857,1100,1.0,0.0,0.0,5.382,2023,McLaren,,0,1,16,0.0,0.0,78.517,,
9,17.0,855,1100,1.0,0.0,0.0,5.713,2023,Alfa Romeo,,0,1,17,0.0,0.0,78.53999999999999,,
10,12.0,852,1100,1.0,0.0,0.0,6.052,2023,AlphaTauri,,0,1,12,1.0,0.0,78.471,78.099,
11,19.0,822,1100,1.0,0.0,0.0,6.513,2023,Alfa Romeo,,0,1,19,0.0,0.0,78.714,,
12,5.0,832,1100,1.0,0.0,0.0,6.594,2023,Ferrari,,0,1,5,1.0,1.0,77.928,77.349,77.27
13,9.0,842,1100,0.0,1.0,,,2023,Alpine,,0,1,9,1.0,1.0,78.312,77.574,77.675
14,11.0,839,1100,0.0,1.0,,,2023,Alpine,,0,1,11,1.0,0.0,77.77,77.768,
15,15.0,856,1100,0.0,1.0,,,2023,AlphaTauri,,0,1,15,1.0,0.0,78.45,78.33500000000001,
16,18.0,858,1100,0.0,1.0,,,2023,Williams,,0,1,18,0.0,0.0,78.557,,
17,14.0,825,1100,0.0,1.0,,,2023,Haas F1 Team,,0,1,14,1.0,0.0,78.15899999999999,78.129,
NC,2.0,847,1100,0.0,1.0,,,2023,Mercedes,,0,1,2,1.0,1.0,77.654,77.513,76.968
NC,8.0,848,1100,0.0,1.0,,,2023,Williams,,0,1,8,1.0,1.0,77.962,77.761,77.60900000000001
NC,7.0,844,1100,0.0,1.0,,,2023,Ferrari,,0,1,7,1.0,1.0,78.218,77.39,77.369
1,3.0,815,1101,1.0,0.0,0.0,0.0,2023,Red Bull Racing,,0,1,3,1.0,1.0,101.756,101.131,100.495
2,2.0,830,1101,1.0,0.0,0.0,2.137,2023,Red Bull Racing,,0,1,2,1.0,1.0,101.398,100.822,100.391
3,1.0,844,1101,1.0,0.0,0.0,21.217,2023,Ferrari,,0,1,1,1.0,1.0,101.269,101.037,100.203
4,6.0,4,1101,1.0,0.0,0.0,22.024,2023,Aston Martin,,0,1,6,1.0,1.0,101.72,101.37,101.253
5,4.0,832,1101,1.0,0.0,0.0,45.491,2023,Ferrari,,0,1,4,1.0,1.0,102.197,101.369,101.016
6,5.0,1,1101,1.0,0.0,0.0,46.145,2023,Mercedes,,0,1,5,1.0,1.0,102.113,101.65,101.177
7,9.0,840,1101,1.0,0.0,0.0,51.617,2023,Aston Martin,,0,1,9,1.0,1.0,102.524,101.576,101.611
8,11.0,847,1101,1.0,0.0,0.0,74.24,2023,Mercedes,,0,1,11,1.0,0.0,102.073,101.654,
9,7.0,846,1101,1.0,0.0,0.0,80.376,2023,McLaren,,0,1,7,1.0,1.0,102.154,101.485,101.281
10,8.0,852,1101,1.0,0.0,0.0,83.862,2023,AlphaTauri,,0,1,8,1.0,1.0,102.234,101.569,101.581
11,10.0,857,1101,1.0,0.0,0.0,86.501,2023,McLaren,,0,1,10,1.0,1.0,102.455,101.636,101.611
12,12.0,848,1101,1.0,0.0,0.0,88.623,2023,Williams,,0,1,13,1.0,0.0,102.171,101.818,
13,16.0,825,1101,1.0,0.0,0.0,89.729,2023,Haas F1 Team,,0,1,18,0.0,0.0,103.417,,
14,17.0,842,1101,1.0,0.0,0.0,91.332,2023,Alpine,,0,1,19,0.0,0.0,104.853,,
15,19.0,839,1101,1.0,0.0,0.0,97.794,2023,Alpine,,0,1,12,1.0,0.0,102.622,101.798,
16,14.0,858,1101,1.0,0.0,0.0,100.943,2023,Williams,,0,1,15,1.0,0.0,102.242,102.395,
17,20.0,807,1101,1.0,0.0,1.0,,2023,Haas F1 Team,,0,1,17,0.0,0.0,102.755,,
18,13.0,822,1101,1.0,0.0,1.0,,2023,Alfa Romeo,,0,1,14,1.0,0.0,102.582,102.259,
NC,15.0,855,1101,0.0,1.0,,,2023,Alfa Romeo,,0,1,16,0.0,0.0,102.642,,
NC,18.0,856,1101,0.0,1.0,,,2023,AlphaTauri,,0,1,NC,0.0,0.0,115.282,,
1,9.0,830,1102,1.0,0.0,0.0,0.0,2023,Red Bull Racing,,0,1,9,1.0,1.0,87.363,86.814,
2,1.0,815,1102,1.0,0.0,0.0,5.384,2023,Red Bull Racing,,0,1,1,1.0,1.0,87.713,87.328,86.84100000000001
3,2.0,4,1102,1.0,0.0,0.0,26.305,2023,Aston Martin,,0,1,2,1.0,1.0,88.179,87.09700000000001,87.202
4,6.0,847,1102,1.0,0.0,0.0,33.229,2023,Mercedes,,0,1,6,1.0,1.0,88.086,87.743,87.804
5,3.0,832,1102,1.0,0.0,0.0,42.511,2023,Ferrari,,0,1,3,1.0,1.0,87.686,87.148,87.349
6,13.0,1,1102,1.0,0.0,0.0,51.249,2023,Mercedes,,0,1,13,1.0,0.0,87.846,87.975,
7,7.0,844,1102,1.0,0.0,0.0,52.988,2023,Ferrari,,0,1,7,1.0,1.0,87.713,86.964,87.861
8,5.0,842,1102,1.0,0.0,0.0,55.67,2023,Alpine,,0,1,5,1.0,1.0,88.061,87.612,87.786
9,8.0,839,1102,1.0,0.0,0.0,58.123,2023,Alpine,,0,1,8,1.0,1.0,87.872,87.444,87.935
10,4.0,825,1102,1.0,0.0,0.0,62.945,2023,Haas F1 Team,,0,1,4,1.0,1.0,87.809,87.673,87.767
11,17.0,852,1102,1.0,0.0,0.0,64.309,2023,AlphaTauri,,0,1,17,0.0,0.0,88.429,,
12,18.0,840,1102,1.0,0.0,0.0,64.754,2023,Aston Martin,,0,1,18,0.0,0.0,88.476,,
13,10.0,822,1102,1.0,0.0,0.0,71.637,2023,Alfa Romeo,,0,1,10,1.0,1.0,87.864,87.564,
14,11.0,848,1102,1.0,0.0,0.0,72.861,2023,Williams,,0,1,11,1.0,0.0,88.23400000000001,87.795,
15,12.0,807,1102,1.0,0.0,0.0,74.95,2023,Haas F1 Team,,0,1,12,1.0,0.0,87.945,87.90299999999999,
16,14.0,855,1102,1.0,0.0,0.0,78.44,2023,Alfa Romeo,,0,1,14,1.0,0.0,88.18,88.09100000000001,
17,16.0,846,1102,1.0,0.0,0.0,87.717,2023,McLaren,,0,1,16,0.0,0.0,88.394,,
18,15.0,856,1102,1.0,0.0,0.0,88.949,2023,AlphaTauri,,0,1,15,1.0,0.0,88.325,88.395,
19,19.0,857,1102,1.0,0.0,1.0,,2023,McLaren,,0,1,19,0.0,0.0,88.48400000000001,,
20,20.0,858,1102,1.0,0.0,1.0,,2023,Williams,,0,1,20,0.0,0.0,88.577,,
1,1.0,830,1104,1.0,0.0,0.0,0.0,2023,Red Bull Racing,,0,1,1,1.0,1.0,72.386,71.908,71.365
2,2.0,4,1104,1.0,0.0,0.0,27.921,2023,Aston Martin,,0,1,2,1.0,1.0,72.886,72.107,71.449
3,3.0,839,1104,1.0,0.0,0.0,36.99,2023,Alpine,,0,1,4,1.0,1.0,72.967,72.248,71.553
4,5.0,1,1104,1.0,0.0,0.0,39.062,2023,Mercedes,,0,1,6,1.0,1.0,72.872,72.156,71.725
5,8.0,847,1104,1.0,0.0,0.0,56.284,2023,Mercedes,,0,1,8,1.0,1.0,72.769,72.151,71.964
6,6.0,844,1104,1.0,0.0,0.0,61.89,2023,Ferrari,,0,1,3,1.0,1.0,72.912,72.103,71.471
7,7.0,842,1104,1.0,0.0,0.0,62.362,2023,Alpine,,0,1,7,1.0,1.0,73.033,72.169,71.93299999999999
8,4.0,832,1104,1.0,0.0,0.0,63.391,2023,Ferrari,,0,1,5,1.0,1.0,72.717,72.21000000000001,71.63
9,10.0,846,1104,1.0,0.0,1.0,,2023,McLaren,,0,1,10,1.0,1.0,72.877,72.377,72.254
10,11.0,857,1104,1.0,0.0,1.0,,2023,McLaren,,0,1,11,1.0,0.0,73.006,72.395,
11,15.0,822,1104,1.0,0.0,1.0,,2023,Alfa Romeo,,0,1,15,1.0,0.0,73.038,72.625,
12,12.0,856,1104,1.0,0.0,1.0,,2023,AlphaTauri,,0,1,12,1.0,0.0,73.054,72.428,
13,19.0,855,1104,1.0,0.0,1.0,,2023,Alfa Romeo,,0,1,19,0.0,0.0,73.523,,
14,13.0,848,1104,1.0,0.0,1.0,,2023,Williams,,0,1,13,1.0,0.0,72.706,72.527,
15,9.0,852,1104,1.0,0.0,2.0,,2023,AlphaTauri,,0,1,9,1.0,1.0,72.642,72.249,72.082
16,20.0,815,1104,1.0,0.0,2.0,,2023,Red Bull Racing,,0,1,20,0.0,0.0,73.85,,
17,18.0,807,1104,1.0,0.0,2.0,,2023,Haas F1 Team,,0,1,18,0.0,0.0,73.279,,
18,16.0,858,1104,1.0,0.0,2.0,,2023,Williams,,0,1,16,0.0,0.0,73.113,,
19,17.0,825,1104,0.0,1.0,,,2023,Haas F1 Team,,0,1,17,0.0,0.0,73.27,,
NC,14.0,840,1104,0.0,1.0,,,2023,Aston Martin,,0,1,14,1.0,0.0,72.722,72.623,
1,1.0,830,1105,1.0,0.0,0.0,0.0,2023,Red Bull Racing,,0,1,1,1.0,1.0,73.615,72.76,72.272
2,4.0,1,1105,1.0,0.0,0.0,24.09,2023,Mercedes,,0,1,5,1.0,1.0,72.937,72.999,72.818
3,12.0,847,1105,1.0,0.0,0.0,32.389,2023,Mercedes,,0,1,12,1.0,0.0,73.326,73.447,
4,11.0,815,1105,1.0,0.0,0.0,35.812,2023,Red Bull Racing,,0,1,11,1.0,0.0,73.874,73.334,
5,2.0,832,1105,1.0,0.0,0.0,45.698,2023,Ferrari,,0,1,2,1.0,1.0,73.411,72.78999999999999,72.734
6,5.0,840,1105,1.0,0.0,0.0,63.32,2023,Aston Martin,,0,1,6,1.0,1.0,73.766,73.082,72.994
7,8.0,4,1105,1.0,0.0,0.0,64.127,2023,Aston Martin,,0,1,9,1.0,1.0,73.747,73.098,73.507
8,6.0,839,1105,1.0,0.0,0.0,69.242,2023,Alpine,,0,1,7,1.0,1.0,73.43299999999999,73.001,73.083
9,13.0,855,1105,1.0,0.0,0.0,71.878,2023,Alfa Romeo,,0,1,13,1.0,0.0,73.67699999999999,73.521,
10,10.0,842,1105,1.0,0.0,0.0,73.53,2023,Alpine,,0,1,4,1.0,1.0,73.471,73.186,72.816
11,19.0,844,1105,1.0,0.0,0.0,74.419,2023,Ferrari,,0,1,19,0.0,0.0,74.07900000000001,,
12,15.0,852,1105,1.0,0.0,0.0,75.416,2023,AlphaTauri,,0,1,15,1.0,0.0,73.862,74.477,
13,9.0,857,1105,1.0,0.0,1.0,,2023,McLaren,,0,1,10,1.0,1.0,73.691,73.059,73.682
14,14.0,856,1105,1.0,0.0,1.0,,2023,AlphaTauri,,0,1,14,1.0,0.0,73.581,74.083,
15,7.0,807,1105,1.0,0.0,1.0,,2023,Haas F1 Team,,0,1,8,1.0,1.0,73.42,73.283,73.229
16,18.0,848,1105,1.0,0.0,1.0,,2023,Williams,,0,1,18,0.0,0.0,74.063,,
17,3.0,846,1105,1.0,0.0,1.0,,2023,McLaren,,0,1,3,1.0,1.0,73.295,72.776,72.792
18,17.0,825,1105,1.0,0.0,1.0,,2023,Haas F1 Team,,0,1,17,0.0,0.0,74.042,,
19,16.0,822,1105,1.0,0.0,1.0,,2023,Alfa Romeo,,0,1,16,0.0,0.0,73.977,,
20,20.0,858,1105,1.0,0.0,1.0,,2023,Williams,,0,1,20,0.0,0.0,74.699,,
1,1.0,830,1106,1.0,0.0,0.0,0.0,2023,Red Bull Racing,,0,1,1,1.0,1.0,80.851,79.092,85.858
2,2.0,4,1106,1.0,0.0,0.0,9.57,2023,Aston Martin,,0,1,3,1.0,1.0,81.481,79.776,87.286
3,3.0,1,1106,1.0,0.0,0.0,14.168,2023,Mercedes,,0,1,4,1.0,1.0,81.554,80.426,87.627
4,10.0,844,1106,1.0,0.0,0.0,18.648,2023,Ferrari,,0,1,11,1.0,0.0,81.843,80.615,
5,11.0,832,1106,1.0,0.0,0.0,21.54,2023,Ferrari,,0,1,8,1.0,1.0,82.248,79.856,89.294
6,12.0,815,1106,1.0,0.0,0.0,51.028,2023,Red Bull Racing,,0,1,12,1.0,0.0,82.151,80.959,
7,9.0,848,1106,1.0,0.0,0.0,60.813,2023,Williams,,0,1,10,1.0,1.0,81.938,78.725,
8,6.0,839,1106,1.0,0.0,0.0,61.692,2023,Alpine,,0,1,6,1.0,1.0,82.114,80.406,87.945
9,16.0,840,1106,1.0,0.0,0.0,64.402,2023,Aston Martin,,0,1,13,1.0,0.0,82.67699999999999,81.48400000000001,
10,14.0,822,1106,1.0,0.0,0.0,64.432,2023,Alfa Romeo,,0,1,15,1.0,0.0,82.332,81.821,
11,8.0,857,1106,1.0,0.0,0.0,65.101,2023,McLaren,,0,1,9,1.0,1.0,82.19,79.65899999999999,91.349
12,15.0,842,1106,1.0,0.0,0.0,65.249,2023,Alpine,,0,1,17,0.0,0.0,82.886,,
13,7.0,846,1106,1.0,0.0,0.0,68.363,2023,McLaren,,0,1,7,1.0,1.0,81.998,79.34700000000001,88.04599999999999
14,19.0,852,1106,1.0,0.0,0.0,73.423,2023,AlphaTauri,,0,1,16,0.0,0.0,82.746,,
15,5.0,807,1106,1.0,0.0,1.0,,2023,Haas F1 Team,,0,1,2,1.0,1.0,82.73,80.305,87.102
16,20.0,855,1106,1.0,0.0,1.0,,2023,Alfa Romeo,,0,1,20,0.0,0.0,83.342,,
17,13.0,825,1106,1.0,0.0,1.0,,2023,Haas F1 Team,,0,1,14,1.0,0.0,82.351,81.678,
18,17.0,856,1106,1.0,0.0,1.0,,2023,AlphaTauri,,0,1,18,0.0,0.0,83.137,,
NC,4.0,847,1106,0.0,1.0,,,2023,Mercedes,,0,1,5,1.0,1.0,81.798,80.098,87.893
NC,18.0,858,1106,0.0,1.0,,,2023,Williams,,0,1,19,0.0,0.0,83.337,,
1,1.0,830,1107,1.0,0.0,0.0,0.0,2023,Red Bull Racing,,0,1,1,1.0,1.0,65.116,64.951,64.391
2,2.0,844,1107,1.0,0.0,0.0,5.155,2023,Ferrari,,0,1,2,1.0,1.0,65.577,65.087,64.439
3,15.0,815,1107,1.0,0.0,0.0,17.188,2023,Red Bull Racing,,0,1,15,1.0,0.0,65.17699999999999,126.688,
4,4.0,846,1107,1.0,0.0,0.0,26.327,2023,McLaren,,0,1,4,1.0,1.0,65.617,65.038,64.658
5,7.0,4,1107,1.0,0.0,0.0,30.317,2023,Aston Martin,,0,1,7,1.0,1.0,65.655,65.181,64.911
6,3.0,832,1107,1.0,0.0,0.0,31.377,2023,Ferrari,,0,1,3,1.0,1.0,65.339,64.975,64.581
7,11.0,847,1107,1.0,0.0,0.0,48.403,2023,Mercedes,,0,1,11,1.0,0.0,65.686,65.428,
8,5.0,1,1107,1.0,0.0,0.0,49.196,2023,Mercedes,,0,1,5,1.0,1.0,65.673,65.188,64.819
9,6.0,840,1107,1.0,0.0,0.0,59.043,2023,Aston Martin,,0,1,6,1.0,1.0,65.71,65.121,64.893
10,9.0,842,1107,1.0,0.0,0.0,67.667,2023,Alpine,,0,1,9,1.0,1.0,65.515,65.30799999999999,65.17
11,10.0,848,1107,1.0,0.0,0.0,79.767,2023,Williams,,0,1,10,1.0,1.0,65.673,65.387,65.82300000000001
12,17.0,855,1107,1.0,0.0,1.0,,2023,Alfa Romeo,,0,1,17,0.0,0.0,65.818,,
13,18.0,858,1107,1.0,0.0,1.0,,2023,Williams,,0,1,18,0.0,0.0,65.94800000000001,,
14,12.0,839,1107,1.0,0.0,1.0,,2023,Alpine,,0,1,12,1.0,0.0,65.729,65.453,
15,14.0,822,1107,1.0,0.0,1.0,,2023,Alfa Romeo,,0,1,14,1.0,0.0,65.763,65.68,
16,13.0,857,1107,1.0,0.0,1.0,,2023,McLaren,,0,1,13,1.0,0.0,65.68299999999999,65.605,
17,20.0,856,1107,1.0,0.0,1.0,,2023,AlphaTauri,,0,1,20,0.0,0.0,65.974,,
18,19.0,825,1107,1.0,0.0,1.0,,2023,Haas F1 Team,,0,1,19,0.0,0.0,65.971,,
19,16.0,852,1107,1.0,0.0,1.0,,2023,AlphaTauri,,0,1,16,0.0,0.0,65.784,,
NC,8.0,807,1107,0.0,1.0,,,2023,Haas F1 Team,,0,1,8,1.0,1.0,65.74,65.362,65.09
1,1.0,830,1108,1.0,0.0,0.0,0.0,2023,Red Bull Racing,,0,1,1,1.0,1.0,89.428,87.702,86.72
2,2.0,846,1108,1.0,0.0,0.0,3.798,2023,McLaren,,0,1,2,1.0,1.0,88.917,88.042,86.961
3,7.0,1,1108,1.0,0.0,0.0,6.783,2023,Mercedes,,0,1,7,1.0,1.0,89.41499999999999,88.545,87.211
4,3.0,857,1108,1.0,0.0,0.0,7.776,2023,McLaren,,0,1,3,1.0,1.0,89.874,87.845,87.092
5,6.0,847,1108,1.0,0.0,0.0,11.206,2023,Mercedes,,0,1,6,1.0,1.0,89.412,88.782,87.155
6,15.0,815,1108,1.0,0.0,0.0,12.882,2023,Red Bull Racing,,0,1,15,0.0,0.0,89.968,,
7,9.0,4,1108,1.0,0.0,0.0,17.193,2023,Aston Martin,,0,1,9,1.0,1.0,89.949,88.368,87.65899999999999
8,8.0,848,1108,1.0,0.0,0.0,17.878,2023,Williams,,0,1,8,1.0,1.0,89.46600000000001,88.06700000000001,87.53
9,4.0,844,1108,1.0,0.0,0.0,18.689,2023,Ferrari,,0,1,4,1.0,1.0,89.143,88.361,87.136
10,5.0,832,1108,1.0,0.0,0.0,19.448,2023,Ferrari,,0,1,5,1.0,1.0,89.865,88.265,87.148
11,14.0,858,1108,1.0,0.0,0.0,23.632,2023,Williams,,0,1,14,1.0,0.0,89.873,89.031,
12,20.0,822,1108,1.0,0.0,0.0,25.83,2023,Alfa Romeo,,0,1,NC,0.0,0.0,89.798,,
13,11.0,807,1108,1.0,0.0,0.0,26.663,2023,Haas F1 Team,,0,1,11,1.0,0.0,89.60300000000001,88.896,
14,12.0,840,1108,1.0,0.0,0.0,27.483,2023,Aston Martin,,0,1,12,1.0,0.0,89.44800000000001,88.935,
15,17.0,855,1108,1.0,0.0,0.0,29.82,2023,Alfa Romeo,,0,1,17,0.0,0.0,90.123,,
16,16.0,852,1108,1.0,0.0,0.0,31.225,2023,AlphaTauri,,0,1,16,0.0,0.0,90.025,,
17,18.0,856,1108,1.0,0.0,0.0,33.128,2023,AlphaTauri,,0,1,18,0.0,0.0,90.513,,
18,10.0,842,1108,0.0,1.0,,,2023,Alpine,,0,1,10,1.0,1.0,89.533,88.751,87.689
NC,19.0,825,1108,0.0,1.0,,,2023,Haas F1 Team,,0,1,19,0.0,0.0,92.378,,
NC,13.0,839,1108,0.0,1.0,,,2023,Alpine,,0,1,13,1.0,0.0,89.7,88.956,
1,2.0,830,1109,1.0,0.0,0.0,0.0,2023,Red Bull Racing,,0,1,2,1.0,1.0,78.318,77.547,76.612
2,3.0,846,1109,1.0,0.0,0.0,33.731,2023,McLaren,,0,1,3,1.0,1.0,78.697,77.328,76.694
3,9.0,815,1109,1.0,0.0,0.0,37.603,2023,Red Bull Racing,,0,1,9,1.0,1.0,78.36,77.675,77.045
4,1.0,1,1109,1.0,0.0,0.0,39.134,2023,Mercedes,,0,1,1,1.0,1.0,78.577,77.42699999999999,76.60900000000001
5,4.0,857,1109,1.0,0.0,0.0,62.572,2023,McLaren,,0,1,4,1.0,1.0,78.464,77.571,76.905
6,18.0,847,1109,1.0,0.0,0.0,65.825,2023,Mercedes,,0,1,18,0.0,0.0,79.027,,
7,6.0,844,1109,1.0,0.0,0.0,70.317,2023,Ferrari,,0,1,6,1.0,1.0,78.44,77.58,76.992
8,11.0,832,1109,1.0,0.0,0.0,71.073,2023,Ferrari,,0,1,11,1.0,0.0,78.393,77.703,
9,8.0,4,1109,1.0,0.0,0.0,75.709,2023,Aston Martin,,0,1,8,1.0,1.0,78.58,77.701,77.035
10,14.0,840,1109,1.0,0.0,1.0,,2023,Aston Martin,,0,1,14,1.0,0.0,78.782,78.144,
11,16.0,848,1109,1.0,0.0,1.0,,2023,Williams,,0,1,16,0.0,0.0,78.917,,
12,7.0,822,1109,1.0,0.0,1.0,,2023,Alfa Romeo,,0,1,7,1.0,1.0,78.775,77.563,77.03399999999999
13,13.0,817,1109,1.0,0.0,1.0,,2023,AlphaTauri,,0,1,13,1.0,0.0,78.906,78.002,
14,10.0,807,1109,1.0,0.0,1.0,,2023,Haas F1 Team,,0,1,10,1.0,1.0,78.695,77.652,77.186
15,17.0,852,1109,1.0,0.0,1.0,,2023,AlphaTauri,,0,1,17,0.0,0.0,78.919,,
16,5.0,855,1109,1.0,0.0,1.0,,2023,Alfa Romeo,,0,1,5,1.0,1.0,78.143,77.7,76.971
17,19.0,825,1109,1.0,0.0,1.0,,2023,Haas F1 Team,,0,1,19,0.0,0.0,79.206,,
18,20.0,858,1109,0.0,1.0,,,2023,Williams,,0,1,20,0.0,0.0,79.248,,
NC,12.0,839,1109,0.0,1.0,,,2023,Alpine,,0,1,12,1.0,0.0,78.854,77.84100000000001,
NC,15.0,842,1109,0.0,1.0,,,2023,Alpine,,0,1,15,1.0,0.0,78.743,78.217,
1,6.0,830,1110,1.0,0.0,0.0,0.0,2023,Red Bull Racing,,0,1,1,1.0,1.0,118.515,112.784,106.168
2,2.0,815,1110,1.0,0.0,0.0,22.305,2023,Red Bull Racing,,0,1,3,1.0,1.0,118.899,112.353,107.045
3,1.0,844,1110,1.0,0.0,0.0,32.259,2023,Ferrari,,0,1,2,1.0,1.0,118.3,112.017,106.988
4,3.0,1,1110,1.0,0.0,0.0,49.671,2023,Mercedes,,0,1,4,1.0,1.0,118.363,112.345,107.087
5,9.0,4,1110,1.0,0.0,0.0,56.184,2023,Aston Martin,,0,1,9,1.0,1.0,118.834,112.751,107.843
6,8.0,847,1110,1.0,0.0,0.0,63.101,2023,Mercedes,,0,1,8,1.0,1.0,119.035,112.605,107.805
7,7.0,846,1110,1.0,0.0,0.0,73.719,2023,McLaren,,0,1,7,1.0,1.0,119.981,112.252,107.669
8,14.0,839,1110,1.0,0.0,0.0,74.719,2023,Alpine,,0,1,15,1.0,0.0,7774.0,116.372,
9,10.0,840,1110,1.0,0.0,0.0,79.34,2023,Aston Martin,,0,1,10,1.0,1.0,119.663,112.193,108.841
10,11.0,852,1110,1.0,0.0,0.0,80.221,2023,AlphaTauri,,0,1,11,1.0,0.0,119.044,113.148,
11,12.0,842,1110,1.0,0.0,0.0,83.084,2023,Alpine,,0,1,12,1.0,0.0,119.511,113.671,
12,13.0,822,1110,1.0,0.0,0.0,85.191,2023,Alfa Romeo,,0,1,14,1.0,0.0,119.484,114.694,
13,17.0,855,1110,1.0,0.0,0.0,95.441,2023,Alfa Romeo,,0,1,17,0.0,0.0,120.832,,
14,15.0,848,1110,1.0,0.0,0.0,96.184,2023,Williams,,0,1,16,0.0,0.0,120.314,,
15,16.0,825,1110,1.0,0.0,0.0,101.754,2023,Haas F1 Team,,0,1,13,1.0,0.0,120.02,114.16,
16,19.0,817,1110,1.0,0.0,0.0,103.071,2023,AlphaTauri,,0,1,19,0.0,0.0,122.159,,
17,18.0,858,1110,1.0,0.0,0.0,104.476,2023,Williams,,0,1,18,0.0,0.0,121.535,,
18,20.0,807,1110,1.0,0.0,0.0,110.45,2023,Haas F1 Team,,0,1,20,0.0,0.0,123.166,,
NC,4.0,832,1110,0.0,1.0,,,2023,Ferrari,,0,1,5,1.0,1.0,118.688,111.711,107.152
NC,5.0,857,1110,0.0,1.0,,,2023,McLaren,,0,1,6,1.0,1.0,118.872,111.534,107.365
1,1.0,830,1111,1.0,0.0,0.0,0.0,2023,Red Bull Racing,,1,1,1,1.0,1.0,80.965,78.856,70.56700000000001
2,5.0,4,1111,1.0,0.0,0.0,3.744,2023,Aston Martin,,1,1,5,1.0,1.0,81.84,79.429,71.506
3,12.0,842,1111,1.0,0.0,0.0,7.058,2023,Alpine,,1,1,12,1.0,0.0,81.735,80.128,
4,7.0,815,1111,1.0,0.0,0.0,10.068,2023,Red Bull Racing,,1,1,7,1.0,1.0,81.97200000000001,79.856,71.88
5,6.0,832,1111,1.0,0.0,0.0,12.541,2023,Ferrari,,1,1,6,1.0,1.0,81.321,79.929,71.754
6,13.0,1,1111,1.0,0.0,0.0,13.209,2023,Mercedes,,1,1,13,1.0,0.0,81.919,80.151,
7,2.0,846,1111,1.0,0.0,0.0,13.232,2023,McLaren,,1,1,2,1.0,1.0,81.276,79.769,71.104
8,4.0,848,1111,1.0,0.0,0.0,15.155,2023,Williams,,1,1,4,1.0,1.0,80.939,79.399,71.419
9,8.0,857,1111,1.0,0.0,0.0,16.58,2023,McLaren,,1,1,8,1.0,1.0,81.231,79.392,71.938
10,16.0,839,1111,1.0,0.0,0.0,18.346,2023,Alpine,,1,1,17,0.0,0.0,82.11,,
11,11.0,840,1111,1.0,0.0,0.0,20.087,2023,Aston Martin,,1,1,11,1.0,0.0,81.57,80.121,
12,14.0,807,1111,1.0,0.0,0.0,20.84,2023,Haas F1 Team,,1,1,15,1.0,0.0,81.89099999999999,80.25,
13,19.0,859,1111,1.0,0.0,0.0,26.147,2023,AlphaTauri,,1,1,20,0.0,0.0,83.42,,
14,18.0,822,1111,1.0,0.0,0.0,27.388,2023,Alfa Romeo,,1,1,19,0.0,0.0,82.26,,
15,17.0,852,1111,1.0,0.0,0.0,29.893,2023,AlphaTauri,,1,1,14,1.0,0.0,81.781,80.23,
16,20.0,825,1111,1.0,0.0,0.0,31.41,2023,Haas F1 Team,,1,1,18,0.0,0.0,82.19200000000001,,
17,3.0,847,1111,1.0,0.0,0.0,55.754,2023,Mercedes,,1,1,3,1.0,1.0,81.345,79.62,71.294
NC,15.0,855,1111,0.0,1.0,,,2023,Alfa Romeo,,1,1,16,0.0,0.0,82.06700000000001,,
NC,9.0,844,1111,0.0,1.0,,,2023,Ferrari,,1,1,9,1.0,1.0,82.019,79.6,72.66499999999999
NC,10.0,858,1111,0.0,1.0,,,2023,Williams,,1,1,10,1.0,1.0,82.036,80.06700000000001,76.748
1,2.0,830,1112,1.0,0.0,0.0,0.0,2023,Red Bull Racing,,0,1,2,1.0,1.0,81.57300000000001,80.937,80.307
2,5.0,815,1112,1.0,0.0,0.0,6.064,2023,Red Bull Racing,,0,1,5,1.0,1.0,81.911,81.24,80.688
3,1.0,832,1112,1.0,0.0,0.0,11.193,2023,Ferrari,,0,1,1,1.0,1.0,81.965,80.991,80.294
4,3.0,844,1112,1.0,0.0,0.0,11.377,2023,Ferrari,,0,1,3,1.0,1.0,81.788,80.977,80.361
5,4.0,847,1112,1.0,0.0,0.0,23.028,2023,Mercedes,,0,1,4,1.0,1.0,82.148,81.382,80.67099999999999
6,8.0,1,1112,1.0,0.0,0.0,42.679,2023,Mercedes,,0,1,8,1.0,1.0,81.977,81.369,80.82
7,6.0,848,1112,1.0,0.0,0.0,45.106,2023,Williams,,0,1,6,1.0,1.0,81.661,81.27199999999999,80.76
8,9.0,846,1112,1.0,0.0,0.0,45.449,2023,McLaren,,0,1,9,1.0,1.0,81.995,81.581,80.979
9,10.0,4,1112,1.0,0.0,0.0,46.294,2023,Aston Martin,,0,1,10,1.0,1.0,82.043,81.543,81.417
10,14.0,822,1112,1.0,0.0,0.0,64.056,2023,Alfa Romeo,,0,1,14,1.0,0.0,82.249,81.94,
11,12.0,859,1112,1.0,0.0,0.0,70.638,2023,AlphaTauri,,0,1,12,1.0,0.0,82.112,81.758,
12,7.0,857,1112,1.0,0.0,0.0,73.074,2023,McLaren,,0,1,7,1.0,1.0,82.106,81.527,80.785
13,15.0,858,1112,1.0,0.0,0.0,78.557,2023,Williams,,0,1,15,1.0,0.0,81.93,81.944,
14,16.0,855,1112,1.0,0.0,0.0,80.164,2023,Alfa Romeo,,0,1,16,0.0,0.0,82.39,,
15,17.0,842,1112,1.0,0.0,0.0,82.51,2023,Alpine,,0,1,17,0.0,0.0,82.545,,
16,20.0,840,1112,1.0,0.0,0.0,87.266,2023,Aston Martin,,0,1,20,0.0,0.0,82.86,,
17,13.0,807,1112,1.0,0.0,1.0,,2023,Haas F1 Team,,0,1,13,1.0,0.0,82.343,81.776,
18,19.0,825,1112,1.0,0.0,1.0,,2023,Haas F1 Team,,0,1,19,0.0,0.0,82.592,,
NC,18.0,839,1112,0.0,1.0,,,2023,Alpine,,0,1,18,0.0,0.0,82.548,,
NC,11.0,852,1112,0.0,1.0,,,2023,AlphaTauri,,0,1,11,1.0,0.0,81.852,81.594,
1,1.0,832,1113,1.0,0.0,0.0,0.0,2023,Ferrari,,0,1,1,1.0,1.0,92.339,91.439,90.984
2,4.0,846,1113,1.0,0.0,0.0,0.812,2023,McLaren,,0,1,4,1.0,1.0,92.483,91.951,91.27
3,5.0,1,1113,1.0,0.0,0.0,1.269,2023,Mercedes,,0,1,5,1.0,1.0,92.651,92.019,91.485
4,3.0,844,1113,1.0,0.0,0.0,21.177,2023,Ferrari,,0,1,3,1.0,1.0,92.406,92.012,91.063
5,11.0,830,1113,1.0,0.0,0.0,21.441,2023,Red Bull Racing,,0,1,11,1.0,0.0,92.398,92.173,
6,12.0,842,1113,1.0,0.0,0.0,38.441,2023,Alpine,,0,1,12,1.0,0.0,92.452,92.274,
7,17.0,857,1113,1.0,0.0,0.0,41.479,2023,McLaren,,0,1,17,0.0,0.0,92.902,,
8,13.0,815,1113,1.0,0.0,0.0,54.534,2023,Red Bull Racing,,0,1,13,1.0,0.0,92.099,92.31,
9,10.0,859,1113,1.0,0.0,0.0,65.918,2023,AlphaTauri,,0,1,10,1.0,1.0,92.215,92.166,92.268
10,6.0,825,1113,1.0,0.0,0.0,72.116,2023,Haas F1 Team,,0,1,6,1.0,1.0,92.242,91.892,91.575
11,14.0,848,1113,1.0,0.0,0.0,73.417,2023,Williams,,0,1,14,1.0,0.0,92.668,93.719,
12,19.0,855,1113,1.0,0.0,0.0,83.649,2023,Alfa Romeo,,0,1,19,0.0,0.0,93.258,,
13,9.0,807,1113,1.0,0.0,0.0,85.201,2023,Haas F1 Team,,0,1,9,1.0,1.0,92.1,91.994,91.808
14,18.0,858,1113,1.0,0.0,0.0,86.889,2023,Williams,,0,1,18,0.0,0.0,93.252,,
15,7.0,4,1113,1.0,0.0,0.0,87.603,2023,Aston Martin,,0,1,7,1.0,1.0,92.584,91.835,91.615
16,2.0,847,1113,0.0,1.0,,,2023,Mercedes,,0,1,2,1.0,1.0,92.331,91.743,91.056
NC,16.0,822,1113,0.0,1.0,,,2023,Alfa Romeo,,0,1,16,0.0,0.0,92.809,,
NC,8.0,839,1113,0.0,1.0,,,2023,Alpine,,0,1,8,1.0,1.0,92.369,92.089,91.673
NC,15.0,852,1113,0.0,1.0,,,2023,AlphaTauri,,0,1,15,1.0,0.0,91.991,,
NC,20.0,840,1113,0.0,1.0,,,2023,Aston Martin,,0,1,20,0.0,0.0,93.397,,
1,1.0,830,1114,1.0,0.0,0.0,0.0,2023,Red Bull Racing,,0,1,1,1.0,1.0,89.878,89.964,88.877
2,3.0,846,1114,1.0,0.0,0.0,19.387,2023,McLaren,,0,1,3,1.0,1.0,90.063,90.296,89.493
3,2.0,857,1114,1.0,0.0,0.0,36.494,2023,McLaren,,0,1,2,1.0,1.0,90.439,90.122,89.458
4,4.0,844,1114,1.0,0.0,0.0,43.998,2023,Ferrari,,0,1,4,1.0,1.0,90.393,89.94,89.542
5,7.0,1,1114,1.0,0.0,0.0,49.376,2023,Mercedes,,0,1,7,1.0,1.0,90.811,90.03999999999999,89.908
6,6.0,832,1114,1.0,0.0,0.0,50.221,2023,Ferrari,,0,1,6,1.0,1.0,90.651,90.06700000000001,89.85
7,8.0,847,1114,1.0,0.0,0.0,57.659,2023,Mercedes,,0,1,8,1.0,1.0,90.811,90.268,90.219
8,10.0,4,1114,1.0,0.0,0.0,74.725,2023,Aston Martin,,0,1,10,1.0,1.0,90.971,90.465,90.56
9,14.0,839,1114,1.0,0.0,0.0,79.678,2023,Alpine,,0,1,14,1.0,0.0,90.96,90.586,
10,12.0,842,1114,1.0,0.0,0.0,83.155,2023,Alpine,,0,1,12,1.0,0.0,90.843,90.509,
11,11.0,859,1114,1.0,0.0,1.0,,2023,AlphaTauri,,0,1,11,1.0,0.0,90.425,90.508,
12,9.0,852,1114,1.0,0.0,1.0,,2023,AlphaTauri,,0,1,9,1.0,1.0,90.733,90.204,90.303
13,19.0,855,1114,1.0,0.0,1.0,,2023,Alfa Romeo,,0,1,19,0.0,0.0,91.398,,
14,18.0,807,1114,1.0,0.0,1.0,,2023,Haas F1 Team,,0,1,18,0.0,0.0,91.299,,
15,15.0,825,1114,1.0,0.0,1.0,,2023,Haas F1 Team,,0,1,15,1.0,0.0,90.976,90.665,
NC,13.0,848,1114,0.0,1.0,,,2023,Williams,,0,1,13,1.0,0.0,90.941,90.537,
NC,20.0,858,1114,0.0,1.0,,,2023,Williams,,0,1,NC,0.0,0.0,,,
NC,17.0,840,1114,0.0,1.0,,,2023,Aston Martin,,0,1,17,0.0,0.0,91.181,,
NC,5.0,815,1114,0.0,1.0,,,2023,Red Bull Racing,,0,1,5,1.0,1.0,90.652,89.965,89.65
NC,16.0,822,1114,0.0,1.0,,,2023,Alfa Romeo,,0,1,16,0.0,0.0,91.049,,
1,1.0,830,1115,1.0,0.0,0.0,0.0,2023,Red Bull Racing,,0,1,1,1.0,1.0,85.007,84.483,83.77799999999999
2,6.0,857,1115,1.0,0.0,0.0,4.833,2023,McLaren,,0,1,6,1.0,1.0,85.26599999999999,84.724,84.53999999999999
3,10.0,846,1115,1.0,0.0,0.0,5.969,2023,McLaren,,0,1,10,1.0,1.0,85.131,84.685,
4,2.0,847,1115,1.0,0.0,0.0,34.119,2023,Mercedes,,0,1,2,1.0,1.0,85.334,84.827,84.219
5,5.0,844,1115,1.0,0.0,0.0,38.976,2023,Ferrari,,0,1,5,1.0,1.0,85.452,85.07900000000001,84.424
6,4.0,4,1115,1.0,0.0,0.0,49.032,2023,Aston Martin,,0,1,4,1.0,1.0,85.223,85.241,84.369
7,8.0,839,1115,1.0,0.0,0.0,62.39,2023,Alpine,,0,1,8,1.0,1.0,85.711,84.928,84.763
8,9.0,822,1115,1.0,0.0,0.0,66.563,2023,Alfa Romeo,,0,1,9,1.0,1.0,86.038,85.297,85.05799999999999
9,19.0,855,1115,1.0,0.0,0.0,76.127,2023,Alfa Romeo,,0,1,20,0.0,0.0,87.432,,
10,20.0,815,1115,1.0,0.0,0.0,80.181,2023,Red Bull Racing,,0,1,13,1.0,0.0,85.991,85.462,
11,16.0,840,1115,1.0,0.0,0.0,81.652,2023,Aston Martin,,0,1,17,0.0,0.0,86.345,,
12,7.0,842,1115,1.0,0.0,0.0,82.3,2023,Alpine,,0,1,7,1.0,1.0,85.566,84.918,84.553
13,13.0,848,1115,1.0,0.0,0.0,91.014,2023,Williams,,0,1,14,1.0,0.0,86.118,85.707,
14,18.0,825,1115,1.0,0.0,1.0,,2023,Haas F1 Team,,0,1,19,0.0,0.0,87.04599999999999,,
15,11.0,852,1115,1.0,0.0,1.0,,2023,AlphaTauri,,0,1,11,1.0,0.0,86.05799999999999,85.301,
16,14.0,807,1115,1.0,0.0,1.0,,2023,Haas F1 Team,,0,1,15,1.0,0.0,85.904,85.783,
17,17.0,859,1115,1.0,0.0,1.0,,2023,AlphaTauri,,0,1,18,0.0,0.0,86.635,,
NC,15.0,858,1115,0.0,1.0,,,2023,Williams,,0,1,16,0.0,0.0,86.21000000000001,,
NC,3.0,1,1115,0.0,1.0,,,2023,Mercedes,,0,1,3,1.0,1.0,86.076,84.381,84.305
NC,12.0,832,1115,0.0,1.0,,,2023,Ferrari,,0,1,12,1.0,0.0,85.80799999999999,85.328,
1,6.0,830,1116,1.0,0.0,0.0,0.0,2023,Red Bull Racing,,0,1,6,1.0,1.0,95.346,95.008,95.081
DQ,3.0,1,1116,1.0,0.0,0.0,2.225,2023,Mercedes,,0,1,3,1.0,1.0,95.091,95.24,94.862
2,2.0,846,1116,1.0,0.0,0.0,10.73,2023,McLaren,,0,1,2,1.0,1.0,95.11,95.441,94.853
3,4.0,832,1116,1.0,0.0,0.0,15.134,2023,Ferrari,,0,1,4,1.0,1.0,95.824,95.502,94.945
4,9.0,815,1116,1.0,0.0,0.0,18.46,2023,Red Bull Racing,,0,1,9,1.0,1.0,95.989,95.679,95.173
DQ,1.0,844,1116,1.0,0.0,0.0,24.662,2023,Ferrari,,0,1,1,1.0,1.0,96.061,95.004,94.723
5,5.0,847,1116,1.0,0.0,0.0,24.999,2023,Mercedes,,0,1,5,1.0,1.0,96.165,95.606,95.079
6,7.0,842,1116,1.0,0.0,0.0,47.996,2023,Alpine,,0,1,7,1.0,1.0,96.158,95.496,95.089
7,20.0,840,1116,1.0,0.0,0.0,48.696,2023,Aston Martin,,0,1,19,0.0,0.0,96.589,,
8,11.0,852,1116,1.0,0.0,0.0,74.385,2023,AlphaTauri,,0,1,11,1.0,0.0,95.913,95.697,
9,15.0,848,1116,1.0,0.0,0.0,86.714,2023,Williams,,0,1,18,0.0,0.0,96.315,,
10,16.0,858,1116,1.0,0.0,0.0,87.998,2023,Williams,,0,1,20,0.0,0.0,96.827,,
11,18.0,807,1116,1.0,0.0,0.0,89.904,2023,Haas F1 Team,,0,1,16,0.0,0.0,96.225,,
12,13.0,822,1116,1.0,0.0,0.0,98.601,2023,Alfa Romeo,,0,1,13,1.0,0.0,96.082,95.858,
13,12.0,855,1116,1.0,0.0,1.0,,2023,Alfa Romeo,,0,1,12,1.0,0.0,96.052,95.698,
14,17.0,825,1116,1.0,0.0,1.0,,2023,Haas F1 Team,,0,1,14,1.0,0.0,96.009,95.88,
15,14.0,817,1116,1.0,0.0,1.0,,2023,AlphaTauri,,0,1,15,1.0,0.0,96.213,95.974,
NC,19.0,4,1116,0.0,1.0,,,2023,Aston Martin,,0,1,17,0.0,0.0,96.268,,
NC,10.0,857,1116,0.0,1.0,,,2023,McLaren,,0,1,10,1.0,1.0,96.064,95.576,95.467
NC,8.0,839,1116,0.0,1.0,,,2023,Alpine,,0,1,8,1.0,1.0,96.151,95.413,95.154
1,3.0,830,1117,1.0,0.0,0.0,0.0,2023,Red Bull Racing,,0,1,3,1.0,1.0,78.099,77.625,77.263
2,6.0,1,1117,1.0,0.0,0.0,13.875,2023,Mercedes,,0,1,6,1.0,1.0,78.67699999999999,77.571,77.45400000000001
3,1.0,844,1117,1.0,0.0,0.0,23.124,2023,Ferrari,,0,1,1,1.0,1.0,78.401,77.901,77.166
4,2.0,832,1117,1.0,0.0,0.0,27.154,2023,Ferrari,,0,1,2,1.0,1.0,78.755,78.382,77.233
5,17.0,846,1117,1.0,0.0,0.0,33.266,2023,McLaren,,0,1,19,0.0,0.0,81.554,,
6,8.0,847,1117,1.0,0.0,0.0,41.02,2023,Mercedes,,0,1,8,1.0,1.0,78.892,77.673,77.674
7,4.0,817,1117,1.0,0.0,0.0,41.57,2023,AlphaTauri,,0,1,4,1.0,1.0,78.34100000000001,77.706,77.382
8,7.0,857,1117,1.0,0.0,0.0,43.104,2023,McLaren,,0,1,7,1.0,1.0,78.241,77.874,77.623
9,14.0,848,1117,1.0,0.0,0.0,48.573,2023,Williams,,0,1,14,1.0,0.0,78.828,79.14699999999999,
10,15.0,839,1117,1.0,0.0,0.0,62.879,2023,Alpine,,0,1,16,0.0,0.0,79.08,,
11,11.0,842,1117,1.0,0.0,0.0,66.208,2023,Alpine,,0,1,11,1.0,0.0,78.945,78.521,
12,18.0,852,1117,1.0,0.0,0.0,78.982,2023,AlphaTauri,,0,1,15,1.0,0.0,78.89,,
13,12.0,807,1117,1.0,0.0,0.0,80.309,2023,Haas F1 Team,,0,1,12,1.0,0.0,78.969,78.524,
14,10.0,855,1117,1.0,0.0,0.0,81.676,2023,Alfa Romeo,,0,1,10,1.0,1.0,79.01599999999999,78.44,78.05
15,9.0,822,1117,1.0,0.0,0.0,85.597,2023,Alfa Romeo,,0,1,9,1.0,1.0,78.429,78.01599999999999,78.032
16,19.0,858,1117,0.0,1.0,,,2023,Williams,,0,1,NC,0.0,0.0,,,
17,20.0,840,1117,0.0,1.0,,,2023,Aston Martin,,0,1,18,0.0,0.0,79.227,,
NC,13.0,4,1117,0.0,1.0,,,2023,Aston Martin,,0,1,13,1.0,0.0,78.848,78.738,
NC,16.0,825,1117,0.0,1.0,,,2023,Haas F1 Team,,0,1,17,0.0,0.0,79.163,,
NC,5.0,815,1117,0.0,1.0,,,2023,Red Bull Racing,,0,1,5,1.0,1.0,78.553,78.124,77.423
1,1.0,830,1118,1.0,0.0,0.0,0.0,2023,Red Bull Racing,,0,1,1,1.0,1.0,70.436,70.162,70.727
2,6.0,846,1118,1.0,0.0,0.0,8.227,2023,McLaren,,0,1,7,1.0,1.0,70.623,70.021,71.987
3,4.0,4,1118,1.0,0.0,0.0,34.155,2023,Aston Martin,,0,1,4,1.0,1.0,70.557,70.237,71.387
4,9.0,815,1118,1.0,0.0,0.0,34.208,2023,Red Bull Racing,,0,1,9,1.0,1.0,70.668,70.219,72.321
5,3.0,840,1118,1.0,0.0,0.0,40.845,2023,Aston Martin,,0,1,3,1.0,1.0,70.551,70.375,71.344
6,7.0,832,1118,1.0,0.0,0.0,50.188,2023,Ferrari,,0,1,8,1.0,1.0,70.624,70.254,71.989
7,15.0,842,1118,1.0,0.0,0.0,56.093,2023,Alpine,,0,1,13,1.0,0.0,70.793,70.56700000000001,
8,5.0,1,1118,1.0,0.0,0.0,62.859,2023,Mercedes,,0,1,5,1.0,1.0,70.604,70.266,71.469
9,16.0,852,1118,1.0,0.0,0.0,69.88,2023,AlphaTauri,,0,1,16,0.0,0.0,70.837,,
10,14.0,839,1118,1.0,0.0,1.0,,2023,Alpine,,0,1,12,1.0,0.0,70.763,70.562,
11,19.0,858,1118,1.0,0.0,1.0,,2023,Williams,,0,1,19,0.0,0.0,71.035,,
12,11.0,807,1118,1.0,0.0,1.0,,2023,Haas F1 Team,,0,1,11,1.0,0.0,70.475,70.547,
13,17.0,817,1118,1.0,0.0,1.0,,2023,AlphaTauri,,0,1,17,0.0,0.0,70.843,,
14,10.0,857,1118,1.0,0.0,2.0,,2023,McLaren,,0,1,10,1.0,1.0,70.519,70.33,
NC,8.0,847,1118,0.0,1.0,,,2023,Mercedes,,0,1,6,1.0,1.0,70.34,70.316,71.59
NC,18.0,822,1118,0.0,1.0,,,2023,Alfa Romeo,,0,1,18,0.0,0.0,70.955,,
NC,20.0,855,1118,0.0,1.0,,,2023,Alfa Romeo,,0,1,20,0.0,0.0,71.275,,
NC,12.0,825,1118,0.0,1.0,,,2023,Haas F1 Team,,0,1,14,1.0,0.0,70.602,70.723,
NC,13.0,848,1118,0.0,1.0,,,2023,Williams,,0,1,15,1.0,0.0,70.621,70.84,
NC,2.0,844,1118,0.0,1.0,,,2023,Ferrari,,0,1,2,1.0,1.0,70.472,70.303,71.021
1,2.0,830,1119,1.0,0.0,0.0,0.0,2023,Red Bull Racing,,0,1,3,1.0,1.0,94.19,93.572,93.104
2,1.0,844,1119,1.0,0.0,0.0,2.07,2023,Ferrari,,0,1,1,1.0,1.0,93.617,92.775,92.726
3,11.0,815,1119,1.0,0.0,0.0,2.241,2023,Red Bull Racing,,0,1,12,1.0,0.0,94.574,93.855,
4,16.0,839,1119,1.0,0.0,0.0,18.665,2023,Alpine,,0,1,17,0.0,0.0,94.834,,
5,19.0,840,1119,1.0,0.0,0.0,20.067,2023,Aston Martin,,0,1,14,1.0,0.0,94.504,94.199,
6,12.0,832,1119,1.0,0.0,0.0,20.834,2023,Ferrari,,0,1,2,1.0,1.0,93.851,93.338,92.77
7,10.0,1,1119,1.0,0.0,0.0,21.755,2023,Mercedes,,0,1,11,1.0,0.0,94.307,93.837,
8,3.0,847,1119,1.0,0.0,0.0,23.091,2023,Mercedes,,0,1,4,1.0,1.0,94.137,93.351,93.112
9,9.0,4,1119,1.0,0.0,0.0,25.964,2023,Aston Martin,,0,1,10,1.0,1.0,94.422,93.617,93.555
10,18.0,857,1119,1.0,0.0,0.0,29.496,2023,McLaren,,0,1,19,0.0,0.0,94.85,,
11,4.0,842,1119,1.0,0.0,0.0,34.27,2023,Alpine,,0,1,5,1.0,1.0,94.272,93.494,93.239
12,5.0,848,1119,1.0,0.0,0.0,43.398,2023,Williams,,0,1,6,1.0,1.0,94.634,93.588,93.323
13,8.0,825,1119,1.0,0.0,0.0,44.825,2023,Haas F1 Team,,0,1,9,1.0,1.0,94.337,93.664,93.537
14,14.0,817,1119,1.0,0.0,0.0,48.525,2023,AlphaTauri,,0,1,15,1.0,0.0,94.683,94.308,
15,17.0,855,1119,1.0,0.0,0.0,50.162,2023,Alfa Romeo,,0,1,18,0.0,0.0,94.849,,
16,6.0,858,1119,1.0,0.0,0.0,50.882,2023,Williams,,0,1,7,1.0,1.0,94.525,93.733,93.513
17,7.0,822,1119,1.0,0.0,0.0,85.35,2023,Alfa Romeo,,0,1,8,1.0,1.0,94.505,93.809,93.525
18,20.0,852,1119,0.0,1.0,,,2023,AlphaTauri,,0,1,20,0.0,0.0,96.447,,
19,13.0,807,1119,0.0,1.0,,,2023,Haas F1 Team,,0,1,13,1.0,0.0,94.265,93.979,
NC,15.0,846,1119,0.0,1.0,,,2023,McLaren,,0,1,16,0.0,0.0,94.703,,
1,1.0,830,1120,1.0,0.0,0.0,0.0,2023,Red Bull Racing,,0,1,1,1.0,1.0,84.16,83.74,83.445
2,2.0,844,1120,1.0,0.0,0.0,17.993,2023,Ferrari,,0,1,2,1.0,1.0,84.459,83.969,83.584
3,4.0,847,1120,1.0,0.0,0.0,20.328,2023,Mercedes,,0,1,4,1.0,1.0,84.337,84.013,83.788
4,9.0,815,1120,1.0,0.0,0.0,21.453,2023,Red Bull Racing,,0,1,9,1.0,1.0,84.209,84.116,84.17099999999999
5,5.0,846,1120,1.0,0.0,0.0,24.284,2023,McLaren,,0,1,5,1.0,1.0,84.368,83.92,83.816
6,3.0,857,1120,1.0,0.0,0.0,31.487,2023,McLaren,,0,1,3,1.0,1.0,84.487,84.27799999999999,83.782
7,7.0,4,1120,1.0,0.0,0.0,39.512,2023,Aston Martin,,0,1,7,1.0,1.0,84.501,84.131,84.084
8,6.0,852,1120,1.0,0.0,0.0,43.088,2023,AlphaTauri,,0,1,6,1.0,1.0,84.286,84.207,83.968
9,11.0,1,1120,1.0,0.0,0.0,44.424,2023,Mercedes,,0,1,11,1.0,0.0,84.437,84.35900000000001,
10,13.0,840,1120,1.0,0.0,0.0,55.632,2023,Aston Martin,,0,1,13,1.0,0.0,84.405,84.422,
11,15.0,817,1120,1.0,0.0,0.0,56.229,2023,AlphaTauri,,0,1,15,1.0,0.0,84.461,84.44200000000001,
12,12.0,839,1120,1.0,0.0,0.0,66.373,2023,Alpine,,0,1,12,1.0,0.0,84.565,84.39099999999999,
13,10.0,842,1120,1.0,0.0,0.0,70.36,2023,Alpine,,0,1,10,1.0,1.0,84.6,84.078,84.578
14,14.0,848,1120,1.0,0.0,0.0,73.184,2023,Williams,,0,1,14,1.0,0.0,84.298,84.439,
15,8.0,807,1120,1.0,0.0,0.0,83.696,2023,Haas F1 Team,,0,1,8,1.0,1.0,84.425,84.213,84.108
16,20.0,858,1120,1.0,0.0,0.0,87.791,2023,Williams,,0,1,NC,0.0,0.0,,,
17,19.0,855,1120,1.0,0.0,0.0,89.422,2023,Alfa Romeo,,0,1,19,0.0,0.0,85.15899999999999,,
18,16.0,832,1120,0.0,1.0,,,2023,Ferrari,,0,1,16,0.0,0.0,84.738,,
19,18.0,822,1120,1.0,0.0,1.0,,2023,Alfa Romeo,,0,1,18,0.0,0.0,84.788,,
20,17.0,825,1120,1.0,0.0,1.0,,2023,Haas F1 Team,,0,1,17,0.0,0.0,84.764,,
1,1.0,830,1121,1.0,0.0,0.0,0.0,2024,Red Bull Racing,Bahrain,0,1,1,1.0,1.0,90.031,89.374,89.179
2,5.0,815,1121,1.0,0.0,0.0,22.457,2024,Red Bull Racing,Bahrain,0,1,5,1.0,1.0,90.221,89.932,89.537
3,4.0,832,1121,1.0,0.0,0.0,25.11,2024,Ferrari,Bahrain,0,1,4,1.0,1.0,89.90899999999999,89.57300000000001,89.507
4,2.0,844,1121,1.0,0.0,0.0,39.669,2024,Ferrari,Bahrain,0,1,2,1.0,1.0,90.243,89.16499999999999,89.407
5,3.0,847,1121,1.0,0.0,0.0,46.788,2024,Mercedes,Bahrain,0,1,3,1.0,1.0,90.35,89.922,89.485
6,7.0,846,1121,1.0,0.0,0.0,48.458,2024,McLaren,Bahrain,0,1,7,1.0,1.0,90.143,89.941,89.614
7,9.0,1,1121,1.0,0.0,0.0,50.324,2024,Mercedes,Bahrain,0,1,9,1.0,1.0,90.451,89.718,89.71000000000001
8,8.0,857,1121,1.0,0.0,0.0,56.082,2024,McLaren,Bahrain,0,1,8,1.0,1.0,90.531,90.122,89.68299999999999
9,6.0,4,1121,1.0,0.0,0.0,74.887,2024,Aston Martin,Bahrain,0,1,6,1.0,1.0,90.179,89.801,89.542
10,12.0,840,1121,1.0,0.0,0.0,93.216,2024,Aston Martin,Bahrain,0,1,12,1.0,0.0,89.965,90.2,
11,17.0,855,1121,1.0,0.0,1.0,,2024,Kick Sauber,Bahrain,0,1,17,0.0,0.0,90.757,,
12,15.0,825,1121,1.0,0.0,1.0,,2024,Haas,Bahrain,0,1,15,1.0,0.0,90.646,90.529,
13,14.0,817,1121,1.0,0.0,1.0,,2024,RB,Bahrain,0,1,14,1.0,0.0,90.562,90.278,
14,11.0,852,1121,1.0,0.0,1.0,,2024,RB,Bahrain,0,1,11,1.0,0.0,90.481,90.129,
15,13.0,848,1121,1.0,0.0,1.0,,2024,Williams,Bahrain,0,1,13,1.0,0.0,90.397,90.221,
16,10.0,807,1121,1.0,0.0,1.0,,2024,Haas,Bahrain,0,1,10,1.0,1.0,90.566,89.851,90.502
17,19.0,839,1121,1.0,0.0,1.0,,2024,Alpine,Bahrain,0,1,19,0.0,0.0,90.793,,
18,20.0,842,1121,1.0,0.0,1.0,,2024,Alpine,Bahrain,0,1,20,0.0,0.0,90.948,,
19,16.0,822,1121,1.0,0.0,1.0,,2024,Kick Sauber,Bahrain,0,1,16,0.0,0.0,90.756,,
20,18.0,858,1121,1.0,0.0,2.0,,2024,Williams,Bahrain,0,1,18,0.0,0.0,90.77,,
1,1.0,830,1122,1.0,0.0,0.0,0.0,2024,Red Bull Racing,Saudi Arabia,0,1,1,1.0,1.0,88.17099999999999,88.033,87.47200000000001
2,3.0,815,1122,1.0,0.0,0.0,13.643,2024,Red Bull Racing,Saudi Arabia,0,1,3,1.0,1.0,88.638,88.467,87.807
3,2.0,844,1122,1.0,0.0,0.0,18.639,2024,Ferrari,Saudi Arabia,0,1,2,1.0,1.0,88.318,88.112,87.791
4,5.0,857,1122,1.0,0.0,0.0,32.007,2024,McLaren,Saudi Arabia,0,1,5,1.0,1.0,88.755,88.343,88.089
5,4.0,4,1122,1.0,0.0,0.0,35.759,2024,Aston Martin,Saudi Arabia,0,1,4,1.0,1.0,88.706,88.122,87.846
6,7.0,847,1122,1.0,0.0,0.0,39.936,2024,Mercedes,Saudi Arabia,0,1,7,1.0,1.0,88.749,88.44800000000001,88.316
7,11.0,860,1122,1.0,0.0,0.0,42.679,2024,Haas,Saudi Arabia,0,1,11,1.0,0.0,88.98400000000001,88.642,
8,6.0,846,1122,1.0,0.0,0.0,45.708,2024,McLaren,Saudi Arabia,0,1,6,1.0,1.0,88.805,88.479,88.132
9,8.0,1,1122,1.0,0.0,0.0,47.391,2024,Mercedes,Saudi Arabia,0,1,8,1.0,1.0,88.994,88.606,88.46000000000001
10,15.0,807,1122,1.0,0.0,0.0,76.996,2024,Haas,Saudi Arabia,0,1,15,1.0,0.0,89.055,,
11,12.0,848,1122,1.0,0.0,0.0,88.354,2024,Williams,Saudi Arabia,0,1,12,1.0,0.0,89.107,88.98,
12,13.0,825,1122,1.0,0.0,0.0,105.737,2024,Haas,Saudi Arabia,0,1,13,1.0,0.0,88.069,89.02,
13,17.0,839,1122,1.0,0.0,1.0,,2024,Alpine,Saudi Arabia,0,1,17,0.0,0.0,89.475,,
14,19.0,858,1122,1.0,0.0,1.0,,2024,Williams,Saudi Arabia,0,1,19,0.0,0.0,89.526,,
15,9.0,852,1122,1.0,0.0,1.0,,2024,RB,Saudi Arabia,0,1,9,1.0,1.0,88.988,88.564,88.547
16,14.0,817,1122,1.0,0.0,1.0,,2024,RB,Saudi Arabia,0,1,14,1.0,0.0,89.065,89.025,
17,16.0,822,1122,1.0,0.0,1.0,,2024,Kick Sauber,Saudi Arabia,0,1,16,0.0,0.0,89.179,,
18,20.0,855,1122,1.0,0.0,1.0,,2024,Kick Sauber,Saudi Arabia,0,1,NC,0.0,0.0,,,
NC,10.0,840,1122,0.0,1.0,,,2024,Aston Martin,Saudi Arabia,0,1,10,1.0,1.0,88.25,88.578,88.572
NC,18.0,842,1122,0.0,1.0,,,2024,Alpine,Saudi Arabia,0,1,18,0.0,0.0,89.479,,
1,2.0,832,1123,1.0,0.0,0.0,0.0,2024,Ferrari,Australia,0,1,2,1.0,1.0,76.731,76.189,76.185
2,4.0,844,1123,1.0,0.0,0.0,2.366,2024,Ferrari,Australia,0,1,5,1.0,1.0,76.98400000000001,76.304,76.435
3,3.0,846,1123,1.0,0.0,0.0,5.904,2024,McLaren,Australia,0,1,4,1.0,1.0,77.43,76.75,76.315
4,5.0,857,1123,1.0,0.0,0.0,35.77,2024,McLaren,Australia,0,1,6,1.0,1.0,77.369,76.601,76.572
5,6.0,815,1123,1.0,0.0,0.0,56.309,2024,Red Bull Racing,Australia,0,1,3,1.0,1.0,76.805,76.631,76.274
6,9.0,840,1123,1.0,0.0,0.0,93.222,2024,Aston Martin,Australia,0,1,9,1.0,1.0,77.376,76.78,77.072
7,8.0,852,1123,1.0,0.0,0.0,95.601,2024,RB,Australia,0,1,8,1.0,1.0,77.356,76.791,76.788
8,10.0,4,1123,1.0,0.0,0.0,100.992,2024,Aston Martin,Australia,0,1,10,1.0,1.0,76.991,76.71000000000001,77.55199999999999
9,16.0,807,1123,1.0,0.0,0.0,104.553,2024,Haas,Australia,0,1,16,0.0,0.0,77.976,,
10,14.0,825,1123,1.0,0.0,1.0,,2024,Haas,Australia,0,1,14,1.0,0.0,77.709,77.42699999999999,
11,12.0,848,1123,1.0,0.0,1.0,,2024,Williams,Australia,0,1,12,1.0,0.0,77.13,77.167,
12,18.0,817,1123,1.0,0.0,1.0,,2024,RB,Australia,0,1,18,0.0,0.0,78.08500000000001,,
13,17.0,842,1123,1.0,0.0,1.0,,2024,Alpine,Australia,0,1,17,0.0,0.0,77.982,,
14,13.0,822,1123,1.0,0.0,1.0,,2024,Kick Sauber,Australia,0,1,13,1.0,0.0,77.543,77.34,
15,19.0,855,1123,1.0,0.0,1.0,,2024,Kick Sauber,Australia,0,1,19,0.0,0.0,78.188,,
16,15.0,839,1123,1.0,0.0,1.0,,2024,Alpine,Australia,0,1,15,1.0,0.0,77.617,77.697,
17,7.0,847,1123,0.0,1.0,,,2024,Mercedes,Australia,0,1,7,1.0,1.0,77.062,76.901,76.724
NC,11.0,1,1123,0.0,1.0,,,2024,Mercedes,Australia,0,1,11,1.0,0.0,77.499,76.96000000000001,
NC,1.0,830,1123,0.0,1.0,,,2024,Red Bull Racing,Australia,0,1,1,1.0,1.0,76.819,76.387,75.91499999999999
NC,,858,1123,0.0,1.0,,,2024,Williams,Australia,0,1,,,,,,
1,1.0,830,1124,1.0,0.0,0.0,0.0,2024,Red Bull Racing,Japan,0,1,1,1.0,1.0,88.866,88.74,88.197
2,2.0,815,1124,1.0,0.0,0.0,12.535,2024,Red Bull Racing,Japan,0,1,2,1.0,1.0,89.303,88.752,88.263
3,4.0,832,1124,1.0,0.0,0.0,20.866,2024,Ferrari,Japan,0,1,4,1.0,1.0,89.513,89.099,88.682
4,8.0,844,1124,1.0,0.0,0.0,26.522,2024,Ferrari,Japan,0,1,8,1.0,1.0,89.338,89.196,88.786
5,3.0,846,1124,1.0,0.0,0.0,29.7,2024,McLaren,Japan,0,1,3,1.0,1.0,89.536,88.94,88.489
6,5.0,4,1124,1.0,0.0,0.0,44.272,2024,Aston Martin,Japan,0,1,5,1.0,1.0,89.254,89.082,88.686
7,9.0,847,1124,1.0,0.0,0.0,45.951,2024,Mercedes,Japan,0,1,9,1.0,1.0,89.799,88.14,89.008
8,6.0,857,1124,1.0,0.0,0.0,47.525,2024,McLaren,Japan,0,1,6,1.0,1.0,89.425,89.148,88.76
9,7.0,1,1124,1.0,0.0,0.0,48.626,2024,Mercedes,Japan,0,1,7,1.0,1.0,89.661,88.887,88.76599999999999
10,10.0,852,1124,1.0,0.0,1.0,,2024,RB,Japan,0,1,10,1.0,1.0,89.775,89.417,89.413
11,12.0,807,1124,1.0,0.0,1.0,,2024,Haas,Japan,0,1,12,1.0,0.0,89.821,89.494,
12,16.0,840,1124,1.0,0.0,1.0,,2024,Aston Martin,Japan,0,1,16,0.0,0.0,90.024,,
13,18.0,825,1124,1.0,0.0,1.0,,2024,Haas,Japan,0,1,18,0.0,0.0,90.131,,
14,13.0,822,1124,1.0,0.0,1.0,,2024,Kick Sauber,Japan,0,1,13,1.0,0.0,89.602,89.593,
15,15.0,839,1124,1.0,0.0,1.0,,2024,Alpine,Japan,0,1,15,1.0,0.0,89.811,89.816,
16,17.0,842,1124,1.0,0.0,1.0,,2024,Alpine,Japan,0,1,17,0.0,0.0,90.119,,
17,19.0,858,1124,1.0,0.0,1.0,,2024,Williams,Japan,0,1,19,0.0,0.0,90.139,,
NC,20.0,855,1124,0.0,1.0,,,2024,Kick Sauber,Japan,0,1,20,0.0,0.0,90.143,,
NC,11.0,817,1124,0.0,1.0,,,2024,RB,Japan,0,1,11,1.0,0.0,89.727,89.47200000000001,
NC,14.0,848,1124,0.0,1.0,,,2024,Williams,Japan,0,1,14,1.0,0.0,89.963,89.714,
1,1.0,830,1125,1.0,0.0,0.0,0.0,2024,Red Bull Racing,China,0,1,1,1.0,1.0,94.742,93.794,93.66
2,4.0,846,1125,1.0,0.0,0.0,13.773,2024,McLaren,China,0,1,4,1.0,1.0,94.842,94.46,94.165
3,2.0,815,1125,1.0,0.0,0.0,19.16,2024,Red Bull Racing,China,0,1,2,1.0,1.0,95.457,94.026,93.982
4,6.0,844,1125,1.0,0.0,0.0,23.623,2024,Ferrari,China,0,1,6,1.0,1.0,94.797,94.399,94.289
5,7.0,832,1125,1.0,0.0,0.0,33.983,2024,Ferrari,China,0,1,7,1.0,1.0,94.97,94.368,94.297
6,8.0,847,1125,1.0,0.0,0.0,38.724,2024,Mercedes,China,0,1,8,1.0,1.0,95.084,94.609,94.433
7,3.0,4,1125,1.0,0.0,0.0,43.414,2024,Aston Martin,China,0,1,3,1.0,1.0,95.116,94.652,94.148
8,5.0,857,1125,1.0,0.0,0.0,56.198,2024,McLaren,China,0,1,5,1.0,1.0,95.014,94.659,94.273
9,18.0,1,1125,1.0,0.0,0.0,57.986,2024,Mercedes,China,0,1,18,0.0,0.0,95.573,,
10,9.0,807,1125,1.0,0.0,0.0,60.476,2024,Haas,China,0,1,9,1.0,1.0,95.068,94.667,94.604
11,13.0,839,1125,1.0,0.0,0.0,62.812,2024,Alpine,China,0,1,13,1.0,0.0,95.356,95.223,
12,14.0,848,1125,1.0,0.0,0.0,65.506,2024,Williams,China,0,1,14,1.0,0.0,95.384,95.241,
13,15.0,842,1125,1.0,0.0,0.0,69.223,2024,Alpine,China,0,1,15,1.0,0.0,95.287,95.463,
14,16.0,855,1125,1.0,0.0,0.0,71.689,2024,Kick Sauber,China,0,1,16,0.0,0.0,95.505,,
15,11.0,840,1125,1.0,0.0,0.0,82.786,2024,Aston Martin,China,0,1,11,1.0,0.0,95.334,94.838,
16,17.0,825,1125,1.0,0.0,0.0,87.533,2024,Haas,China,0,1,17,0.0,0.0,95.516,,
17,20.0,858,1125,1.0,0.0,0.0,95.11,2024,Williams,China,0,1,20,0.0,0.0,96.358,,
NC,12.0,817,1125,0.0,1.0,,,2024,RB,China,0,1,12,1.0,0.0,95.443,94.934,
NC,19.0,852,1125,0.0,1.0,,,2024,RB,China,0,1,19,0.0,0.0,95.746,,
NC,10.0,822,1125,0.0,1.0,,,2024,Kick Sauber,China,0,1,10,1.0,1.0,95.169,94.769,94.665
1,5.0,846,1126,1.0,0.0,0.0,0.0,2024,McLaren,Miami,0,1,5,1.0,1.0,87.913,87.871,87.594
2,1.0,830,1126,1.0,0.0,0.0,7.612,2024,Red Bull Racing,Miami,0,1,1,1.0,1.0,87.689,87.566,87.241
3,2.0,844,1126,1.0,0.0,0.0,9.92,2024,Ferrari,Miami,0,1,2,1.0,1.0,88.081,87.533,87.382
4,4.0,815,1126,1.0,0.0,0.0,14.65,2024,Red Bull Racing,Miami,0,1,4,1.0,1.0,87.77199999999999,87.839,87.46000000000001
5,3.0,832,1126,1.0,0.0,0.0,16.407,2024,Ferrari,Miami,0,1,3,1.0,1.0,87.937,87.941,87.455
6,8.0,1,1126,1.0,0.0,0.0,16.585,2024,Mercedes,Miami,0,1,8,1.0,1.0,88.167,87.697,88.107
7,10.0,852,1126,1.0,0.0,0.0,26.185,2024,RB,Miami,0,1,10,1.0,1.0,88.324,88.167,88.19200000000001
8,7.0,847,1126,1.0,0.0,0.0,34.789,2024,Mercedes,Miami,0,1,7,1.0,1.0,88.15899999999999,88.095,88.06700000000001
9,15.0,4,1126,1.0,0.0,0.0,37.107,2024,Aston Martin,Miami,0,1,15,1.0,0.0,88.453,88.42699999999999,
10,13.0,839,1126,1.0,0.0,0.0,39.746,2024,Alpine,Miami,0,1,13,1.0,0.0,88.209,88.371,
11,9.0,807,1126,1.0,0.0,0.0,40.789,2024,Haas,Miami,0,1,9,1.0,1.0,88.383,88.2,88.146
12,12.0,842,1126,1.0,0.0,0.0,44.958,2024,Alpine,Miami,0,1,12,1.0,0.0,87.976,88.324,
13,6.0,857,1126,1.0,0.0,0.0,49.756,2024,McLaren,Miami,0,1,6,1.0,1.0,88.032,87.721,87.675
14,19.0,855,1126,1.0,0.0,0.0,49.979,2024,Kick Sauber,Miami,0,1,20,0.0,0.0,88.824,,
15,20.0,817,1126,1.0,0.0,0.0,50.956,2024,RB,Miami,0,1,18,0.0,0.0,88.617,,
16,16.0,822,1126,1.0,0.0,0.0,52.356,2024,Kick Sauber,Miami,0,1,16,0.0,0.0,88.463,,
17,11.0,840,1126,1.0,0.0,0.0,55.173,2024,Aston Martin,Miami,0,1,11,1.0,0.0,88.17699999999999,88.22200000000001,
18,14.0,848,1126,1.0,0.0,0.0,76.091,2024,Williams,Miami,0,1,14,1.0,0.0,88.343,88.413,
19,18.0,825,1126,1.0,0.0,0.0,84.683,2024,Haas,Miami,0,1,19,0.0,0.0,88.619,,
NC,17.0,858,1126,0.0,1.0,,,2024,Williams,Miami,0,1,17,0.0,0.0,88.487,,
1,1.0,830,1127,1.0,0.0,0.0,0.0,2024,Red Bull Racing,Emilia Romagna,0,1,1,1.0,1.0,75.762,75.176,74.746
2,2.0,846,1127,1.0,0.0,0.0,0.725,2024,McLaren,Emilia Romagna,0,1,3,1.0,1.0,75.91499999999999,75.371,74.837
3,3.0,844,1127,1.0,0.0,0.0,7.916,2024,Ferrari,Emilia Romagna,0,1,4,1.0,1.0,75.82300000000001,75.328,74.97
4,5.0,857,1127,1.0,0.0,0.0,14.132,2024,McLaren,Emilia Romagna,0,1,2,1.0,1.0,75.94,75.407,74.82
5,4.0,832,1127,1.0,0.0,0.0,22.325,2024,Ferrari,Emilia Romagna,0,1,5,1.0,1.0,76.015,75.512,75.233
6,8.0,1,1127,1.0,0.0,0.0,35.104,2024,Mercedes,Emilia Romagna,0,1,8,1.0,1.0,76.604,75.67699999999999,75.504
7,6.0,847,1127,1.0,0.0,0.0,47.154,2024,Mercedes,Emilia Romagna,0,1,6,1.0,1.0,76.107,75.67099999999999,75.234
8,11.0,815,1127,1.0,0.0,0.0,54.776,2024,Red Bull Racing,Emilia Romagna,0,1,11,1.0,0.0,76.404,75.706,
9,13.0,840,1127,1.0,0.0,0.0,79.556,2024,Aston Martin,Emilia Romagna,0,1,13,1.0,0.0,76.458,75.992,
10,7.0,852,1127,1.0,0.0,1.0,,2024,RB,Emilia Romagna,0,1,7,1.0,1.0,75.894,75.358,75.465
11,10.0,807,1127,1.0,0.0,1.0,,2024,Haas,Emilia Romagna,0,1,10,1.0,1.0,75.841,75.569,75.98
12,18.0,825,1127,1.0,0.0,1.0,,2024,Haas,Emilia Romagna,0,1,18,0.0,0.0,76.854,,
13,9.0,817,1127,1.0,0.0,1.0,,2024,RB,Emilia Romagna,0,1,9,1.0,1.0,76.06,75.691,75.674
14,12.0,839,1127,1.0,0.0,1.0,,2024,Alpine,Emilia Romagna,0,1,12,1.0,0.0,76.361,75.906,
15,17.0,855,1127,1.0,0.0,1.0,,2024,Kick Sauber,Emilia Romagna,0,1,17,0.0,0.0,76.834,,
16,15.0,842,1127,1.0,0.0,1.0,,2024,Alpine,Emilia Romagna,0,1,15,1.0,0.0,76.015,76.381,
17,19.0,858,1127,1.0,0.0,1.0,,2024,Williams,Emilia Romagna,0,1,NC,0.0,0.0,,,
18,16.0,822,1127,1.0,0.0,1.0,,2024,Kick Sauber,Emilia Romagna,0,1,16,0.0,0.0,76.626,,
19,20.0,4,1127,1.0,0.0,1.0,,2024,Aston Martin,Emilia Romagna,0,1,19,0.0,0.0,76.917,,
NC,14.0,848,1127,0.0,1.0,,,2024,Williams,Emilia Romagna,0,1,14,1.0,0.0,76.524,76.2,
1,1.0,844,1128,1.0,0.0,0.0,0.0,2024,Ferrari,Monaco,0,1,1,1.0,1.0,71.584,70.825,70.27
2,2.0,857,1128,1.0,0.0,0.0,7.152,2024,McLaren,Monaco,0,1,2,1.0,1.0,71.5,70.756,70.424
3,3.0,832,1128,1.0,0.0,0.0,7.585,2024,Ferrari,Monaco,0,1,3,1.0,1.0,71.543,71.075,70.518
4,4.0,846,1128,1.0,0.0,0.0,8.65,2024,McLaren,Monaco,0,1,4,1.0,1.0,71.76,70.732,70.542
5,5.0,847,1128,1.0,0.0,0.0,13.309,2024,Mercedes,Monaco,0,1,5,1.0,1.0,71.492,70.929,70.543
6,6.0,830,1128,1.0,0.0,0.0,13.853,2024,Red Bull Racing,Monaco,0,1,6,1.0,1.0,71.711,70.745,70.56700000000001
7,7.0,1,1128,1.0,0.0,0.0,14.908,2024,Mercedes,Monaco,0,1,7,1.0,1.0,71.528,71.056,70.621
8,8.0,852,1128,1.0,0.0,1.0,,2024,RB,Monaco,0,1,8,1.0,1.0,71.852,71.106,70.858
9,9.0,848,1128,1.0,0.0,1.0,,2024,Williams,Monaco,0,1,9,1.0,1.0,71.623,71.216,70.94800000000001
10,10.0,842,1128,1.0,0.0,1.0,,2024,Alpine,Monaco,0,1,10,1.0,1.0,71.714,70.896,71.311
11,14.0,4,1128,1.0,0.0,2.0,,2024,Aston Martin,Monaco,0,1,14,0.0,0.0,72.019,,
12,12.0,817,1128,1.0,0.0,2.0,,2024,RB,Monaco,0,1,12,1.0,0.0,5045.0,71.482,
13,17.0,822,1128,1.0,0.0,2.0,,2024,Kick Sauber,Monaco,0,1,17,0.0,0.0,72.512,,
14,13.0,840,1128,1.0,0.0,2.0,,2024,Aston Martin,Monaco,0,1,13,1.0,0.0,71.728,71.563,
15,15.0,858,1128,1.0,0.0,2.0,,2024,Williams,Monaco,0,1,15,0.0,0.0,72.02,,
16,18.0,855,1128,1.0,0.0,2.0,,2024,Kick Sauber,Monaco,0,1,18,0.0,0.0,73.028,,
NC,11.0,839,1128,0.0,1.0,,,2024,Alpine,Monaco,0,1,11,1.0,0.0,71.887,71.285,
NC,16.0,815,1128,0.0,1.0,,,2024,Red Bull Racing,Monaco,0,1,16,0.0,0.0,72.06,,
NC,19.0,807,1128,0.0,1.0,,,2024,Haas,Monaco,0,1,NC,1.0,0.0,71.876,71.44,
NC,20.0,825,1128,0.0,1.0,,,2024,Haas,Monaco,0,1,NC,1.0,0.0,71.832,71.725,
1,2.0,830,1129,1.0,0.0,0.0,0.0,2024,Red Bull Racing,Canada,1,1,2,1.0,1.0,72.36,72.549,72.0
2,3.0,846,1129,1.0,0.0,0.0,3.879,2024,McLaren,Canada,1,1,3,1.0,1.0,72.959,72.201,72.021
3,1.0,847,1129,1.0,0.0,0.0,4.317,2024,Mercedes,Canada,1,1,1,1.0,1.0,73.013,71.742,72.0
4,7.0,1,1129,1.0,0.0,0.0,4.915,2024,Mercedes,Canada,1,1,7,1.0,1.0,72.851,71.979,72.28
5,4.0,857,1129,1.0,0.0,0.0,10.199,2024,McLaren,Canada,1,1,4,1.0,1.0,72.907,72.462,72.103
6,6.0,4,1129,1.0,0.0,0.0,17.51,2024,Aston Martin,Canada,1,1,6,1.0,1.0,73.117,72.635,72.228
7,9.0,840,1129,1.0,0.0,0.0,23.625,2024,Aston Martin,Canada,1,1,9,1.0,1.0,73.088,72.659,72.701
8,5.0,817,1129,1.0,0.0,0.0,28.672,2024,RB,Canada,1,1,5,1.0,1.0,73.24,72.572,72.178
9,15.0,842,1129,1.0,0.0,0.0,30.021,2024,Alpine,Canada,1,1,15,1.0,0.0,73.289,72.94,
10,18.0,839,1129,1.0,0.0,0.0,30.313,2024,Alpine,Canada,1,1,18,0.0,0.0,73.435,,
11,17.0,807,1129,1.0,0.0,0.0,30.824,2024,Haas,Canada,1,1,19,0.0,0.0,73.978,,
12,14.0,825,1129,1.0,0.0,0.0,31.253,2024,Haas,Canada,1,1,14,1.0,0.0,73.217,72.916,
13,19.0,822,1129,1.0,0.0,0.0,40.487,2024,Kick Sauber,Canada,1,1,17,0.0,0.0,73.366,,
14,8.0,852,1129,1.0,0.0,0.0,52.694,2024,RB,Canada,1,1,8,1.0,1.0,72.748,72.303,72.414
15,20.0,855,1129,1.0,0.0,1.0,,2024,Kick Sauber,Canada,1,1,20,0.0,0.0,74.292,,
NC,12.0,832,1129,0.0,1.0,,,2024,Ferrari,Canada,1,1,12,1.0,0.0,73.038,72.728,
NC,10.0,848,1129,0.0,1.0,,,2024,Williams,Canada,1,1,10,1.0,1.0,72.896,72.485,72.79599999999999
NC,16.0,815,1129,0.0,1.0,,,2024,Red Bull Racing,Canada,1,1,16,0.0,0.0,73.326,,
NC,11.0,844,1129,0.0,1.0,,,2024,Ferrari,Canada,1,1,11,1.0,0.0,73.107,72.691,
NC,13.0,858,1129,0.0,1.0,,,2024,Williams,Canada,1,1,13,1.0,0.0,73.063,72.736,
1,2.0,830,1130,1.0,0.0,0.0,0.0,2024,Red Bull Racing,Spain,1,1,2,1.0,1.0,72.306,71.653,71.403
2,1.0,846,1130,1.0,0.0,0.0,2.219,2024,McLaren,Spain,1,1,1,1.0,1.0,72.386,71.872,71.383
3,3.0,1,1130,1.0,0.0,0.0,17.79,2024,Mercedes,Spain,1,1,3,1.0,1.0,72.143,71.792,71.701
4,4.0,847,1130,1.0,0.0,0.0,22.32,2024,Mercedes,Spain,1,1,4,1.0,1.0,72.456,71.812,71.703
5,5.0,844,1130,1.0,0.0,0.0,22.709,2024,Ferrari,Spain,1,1,5,1.0,1.0,72.257,72.038,71.731
6,6.0,832,1130,1.0,0.0,0.0,31.028,2024,Ferrari,Spain,1,1,6,1.0,1.0,72.403,71.874,71.736
7,9.0,857,1130,1.0,0.0,0.0,33.76,2024,McLaren,Spain,1,1,10,1.0,1.0,72.46000000000001,72.011,
8,11.0,815,1130,1.0,0.0,0.0,59.524,2024,Red Bull Racing,Spain,1,1,8,1.0,1.0,72.477,72.054,72.061
9,7.0,842,1130,1.0,0.0,0.0,62.025,2024,Alpine,Spain,1,1,7,1.0,1.0,72.651,72.07900000000001,71.857
10,8.0,839,1130,1.0,0.0,0.0,71.889,2024,Alpine,Spain,1,1,9,1.0,1.0,72.691,72.109,72.125
11,13.0,807,1130,1.0,0.0,0.0,79.215,2024,Haas,Spain,1,1,13,1.0,0.0,72.708,72.31,
12,10.0,4,1130,1.0,0.0,1.0,,2024,Aston Martin,Spain,1,1,11,1.0,0.0,72.505,72.128,
13,15.0,855,1130,1.0,0.0,1.0,,2024,Kick Sauber,Spain,1,1,15,1.0,0.0,72.88,72.738,
14,14.0,840,1130,1.0,0.0,1.0,,2024,Aston Martin,Spain,1,1,14,1.0,0.0,72.881,72.372,
15,18.0,817,1130,1.0,0.0,1.0,,2024,RB,Spain,1,1,18,0.0,0.0,73.075,,
16,12.0,822,1130,1.0,0.0,1.0,,2024,Kick Sauber,Spain,1,1,12,1.0,0.0,72.758,72.227,
17,16.0,825,1130,1.0,0.0,1.0,,2024,Haas,Spain,1,1,16,0.0,0.0,72.937,,
18,20.0,848,1130,1.0,0.0,1.0,,2024,Williams,Spain,1,1,19,0.0,0.0,73.153,,
19,17.0,852,1130,1.0,0.0,1.0,,2024,RB,Spain,1,1,17,0.0,0.0,72.985,,
20,19.0,858,1130,1.0,0.0,2.0,,2024,Williams,Spain,1,1,20,0.0,0.0,73.509,,
1,3.0,847,1131,1.0,0.0,0.0,0.0,2024,Mercedes,Austria,0,1,3,1.0,1.0,65.585,65.016,64.84
2,7.0,857,1131,1.0,0.0,0.0,1.906,2024,McLaren,Austria,0,1,7,1.0,1.0,65.311,65.07,65.048
3,4.0,832,1131,1.0,0.0,0.0,4.533,2024,Ferrari,Austria,0,1,4,1.0,1.0,65.263,65.016,64.851
4,5.0,1,1131,1.0,0.0,0.0,23.142,2024,Mercedes,Austria,0,1,5,1.0,1.0,65.541,65.053,64.903
5,1.0,830,1131,1.0,0.0,0.0,37.253,2024,Red Bull Racing,Austria,0,1,1,1.0,1.0,65.336,64.469,64.314
6,9.0,807,1131,1.0,0.0,0.0,54.088,2024,Haas,Austria,0,1,9,1.0,1.0,65.596,65.262,65.385
7,8.0,815,1131,1.0,0.0,0.0,54.672,2024,Red Bull Racing,Austria,0,1,8,1.0,1.0,65.587,65.144,65.202
8,12.0,825,1131,1.0,0.0,0.0,60.355,2024,Haas,Austria,0,1,12,1.0,0.0,65.508,65.347,
9,11.0,817,1131,1.0,0.0,0.0,61.169,2024,RB,Austria,0,1,11,1.0,0.0,65.569,65.289,
10,13.0,842,1131,1.0,0.0,0.0,61.766,2024,Alpine,Austria,0,1,13,1.0,0.0,65.598,65.359,
11,6.0,844,1131,1.0,0.0,0.0,67.056,2024,Ferrari,Austria,0,1,6,1.0,1.0,65.509,65.104,65.044
12,10.0,839,1131,1.0,0.0,0.0,68.325,2024,Alpine,Austria,0,1,10,1.0,1.0,65.574,65.274,65.883
13,17.0,840,1131,1.0,0.0,1.0,,2024,Aston Martin,Austria,0,1,17,0.0,0.0,65.819,,
14,14.0,852,1131,1.0,0.0,1.0,,2024,RB,Austria,0,1,14,1.0,0.0,65.563,65.412,
15,16.0,848,1131,1.0,0.0,1.0,,2024,Williams,Austria,0,1,16,0.0,0.0,65.736,,
16,18.0,822,1131,1.0,0.0,1.0,,2024,Kick Sauber,Austria,0,1,18,0.0,0.0,65.847,,
17,20.0,855,1131,1.0,0.0,1.0,,2024,Kick Sauber,Austria,0,1,20,0.0,0.0,66.061,,
18,15.0,4,1131,1.0,0.0,1.0,,2024,Aston Martin,Austria,0,1,15,1.0,0.0,65.656,65.639,
19,19.0,858,1131,1.0,0.0,2.0,,2024,Williams,Austria,0,1,19,0.0,0.0,65.856,,
20,2.0,846,1131,1.0,0.0,7.0,,2024,McLaren,Austria,0,1,2,1.0,1.0,65.45,65.103,64.718
1,2.0,1,1132,1.0,0.0,0.0,0.0,2024,Mercedes,Great Britain,1,1,2,1.0,1.0,89.547,86.77,85.99
2,4.0,830,1132,1.0,0.0,0.0,1.465,2024,Red Bull Racing,Great Britain,1,1,4,1.0,1.0,91.342,86.79599999999999,86.203
3,3.0,846,1132,1.0,0.0,0.0,7.547,2024,McLaren,Great Britain,1,1,3,1.0,1.0,91.596,86.559,86.03
4,5.0,857,1132,1.0,0.0,0.0,12.429,2024,McLaren,Great Britain,1,1,5,1.0,1.0,90.895,86.733,86.237
5,7.0,832,1132,1.0,0.0,0.0,47.318,2024,Ferrari,Great Britain,1,1,7,1.0,1.0,90.557,86.843,86.509
6,6.0,807,1132,1.0,0.0,0.0,55.722,2024,Haas,Great Britain,1,1,6,1.0,1.0,91.929,86.84700000000001,86.338
7,8.0,840,1132,1.0,0.0,0.0,56.569,2024,Aston Martin,Great Britain,1,1,8,1.0,1.0,91.41,86.938,86.58500000000001
8,10.0,4,1132,1.0,0.0,0.0,63.577,2024,Aston Martin,Great Britain,1,1,10,1.0,1.0,91.264,86.73,86.917
9,9.0,848,1132,1.0,0.0,0.0,68.387,2024,Williams,Great Britain,1,1,9,1.0,1.0,91.135,86.93299999999999,86.64
10,13.0,852,1132,1.0,0.0,0.0,79.303,2024,RB,Great Britain,1,1,13,1.0,0.0,90.994,87.269,
11,12.0,858,1132,1.0,0.0,0.0,88.96,2024,Williams,Great Britain,1,1,12,1.0,0.0,91.608,87.175,
12,17.0,825,1132,1.0,0.0,0.0,90.153,2024,Haas,Great Britain,1,1,17,0.0,0.0,92.905,,
13,15.0,817,1132,1.0,0.0,1.0,,2024,RB,Great Britain,1,1,15,1.0,0.0,91.291,87.949,
14,11.0,844,1132,1.0,0.0,1.0,,2024,Ferrari,Great Britain,1,1,11,1.0,0.0,90.496,87.09700000000001,
15,16.0,822,1132,1.0,0.0,1.0,,2024,Kick Sauber,Great Britain,1,1,16,0.0,0.0,92.431,,
16,18.0,839,1132,1.0,0.0,2.0,,2024,Alpine,Great Britain,1,1,18,0.0,0.0,94.557,,
17,20.0,815,1132,1.0,0.0,2.0,,2024,Red Bull Racing,Great Britain,1,1,19,0.0,0.0,98.348,,
18,14.0,855,1132,1.0,0.0,2.0,,2024,Kick Sauber,Great Britain,1,1,14,1.0,0.0,91.19,87.867,
NC,1.0,847,1132,0.0,1.0,,,2024,Mercedes,Great Britain,1,1,1,1.0,1.0,90.106,86.723,85.819
NC,19.0,842,1132,0.0,1.0,,,2024,Alpine,Great Britain,1,1,20,0.0,0.0,99.804,,
1,2.0,857,1133,1.0,0.0,0.0,0.0,2024,McLaren,Hungary,0,1,2,1.0,1.0,77.504,75.785,75.249
2,1.0,846,1133,1.0,0.0,0.0,2.141,2024,McLaren,Hungary,0,1,1,1.0,1.0,77.755,75.53999999999999,75.227
3,5.0,1,1133,1.0,0.0,0.0,14.88,2024,Mercedes,Hungary,0,1,5,1.0,1.0,77.087,76.307,75.854
4,6.0,844,1133,1.0,0.0,0.0,19.686,2024,Ferrari,Hungary,0,1,6,1.0,1.0,77.437,75.891,75.905
5,3.0,830,1133,1.0,0.0,0.0,21.349,2024,Red Bull Racing,Hungary,0,1,3,1.0,1.0,77.087,75.77,75.273
6,4.0,832,1133,1.0,0.0,0.0,23.073,2024,Ferrari,Hungary,0,1,4,1.0,1.0,77.244,75.885,75.696
7,16.0,815,1133,1.0,0.0,0.0,39.792,2024,Red Bull Racing,Hungary,0,1,16,0.0,0.0,77.886,,
8,17.0,847,1133,1.0,0.0,0.0,42.368,2024,Mercedes,Hungary,0,1,17,0.0,0.0,77.968,,
9,10.0,852,1133,1.0,0.0,0.0,77.259,2024,RB,Hungary,0,1,10,1.0,1.0,77.436,76.121,76.477
10,8.0,840,1133,1.0,0.0,0.0,77.976,2024,Aston Martin,Hungary,0,1,8,1.0,1.0,77.405,76.075,76.244
11,7.0,4,1133,1.0,0.0,0.0,82.46,2024,Aston Martin,Hungary,0,1,7,1.0,1.0,77.624,76.117,76.043
12,9.0,817,1133,1.0,0.0,1.0,,2024,RB,Hungary,0,1,9,1.0,1.0,77.05,76.202,76.447
13,11.0,807,1133,1.0,0.0,1.0,,2024,Haas,Hungary,0,1,11,1.0,0.0,77.362,76.31700000000001,
14,13.0,848,1133,1.0,0.0,1.0,,2024,Williams,Hungary,0,1,13,1.0,0.0,77.28,76.429,
15,15.0,825,1133,1.0,0.0,1.0,,2024,Haas,Hungary,0,1,15,1.0,0.0,77.851,76.548,
16,12.0,822,1133,1.0,0.0,1.0,,2024,Kick Sauber,Hungary,0,1,12,1.0,0.0,77.487,76.384,
17,14.0,858,1133,1.0,0.0,1.0,,2024,Williams,Hungary,0,1,14,1.0,0.0,77.77,76.543,
18,19.0,839,1133,1.0,0.0,1.0,,2024,Alpine,Hungary,0,1,19,0.0,0.0,78.049,,
19,18.0,855,1133,1.0,0.0,1.0,,2024,Kick Sauber,Hungary,0,1,18,0.0,0.0,78.037,,
NC,20.0,842,1133,0.0,1.0,,,2024,Alpine,Hungary,0,1,20,0.0,0.0,78.166,,
DQ,6.0,847,1134,1.0,0.0,0.0,0.0,2024,Mercedes,Belgium,0,1,7,1.0,1.0,115.353,114.095,114.184
1,3.0,1,1134,1.0,0.0,0.0,0.526,2024,Mercedes,Belgium,0,1,4,1.0,1.0,115.692,114.037,113.835
2,5.0,857,1134,1.0,0.0,0.0,1.173,2024,McLaren,Belgium,0,1,6,1.0,1.0,114.835,114.136,114.027
3,1.0,844,1134,1.0,0.0,0.0,8.549,2024,Ferrari,Belgium,0,1,2,1.0,1.0,115.349,114.193,113.754
4,11.0,830,1134,1.0,0.0,0.0,9.226,2024,Red Bull Racing,Belgium,0,1,1,1.0,1.0,114.938,113.837,113.159
5,4.0,846,1134,1.0,0.0,0.0,9.85,2024,McLaren,Belgium,0,1,5,1.0,1.0,115.582,114.358,113.981
6,7.0,832,1134,1.0,0.0,0.0,19.795,2024,Ferrari,Belgium,0,1,8,1.0,1.0,115.169,114.112,114.477
7,2.0,815,1134,1.0,0.0,0.0,3.195,2024,Red Bull Racing,Belgium,0,1,3,1.0,1.0,115.139,114.47,113.765
8,8.0,4,1134,1.0,0.0,0.0,49.963,2024,Aston Martin,Belgium,0,1,9,1.0,1.0,115.489,114.258,114.765
9,9.0,839,1134,1.0,0.0,0.0,52.552,2024,Alpine,Belgium,0,1,10,1.0,1.0,115.417,114.46,114.81
10,13.0,817,1134,1.0,0.0,0.0,54.926,2024,RB,Belgium,0,1,13,1.0,0.0,115.451,114.682,
11,15.0,840,1134,1.0,0.0,0.0,63.011,2024,Aston Martin,Belgium,0,1,15,1.0,0.0,116.072,115.716,
12,10.0,848,1134,1.0,0.0,0.0,63.651,2024,Williams,Belgium,0,1,11,1.0,0.0,115.722,114.473,
13,12.0,842,1134,1.0,0.0,0.0,64.365,2024,Alpine,Belgium,0,1,12,1.0,0.0,114.911,114.635,
14,17.0,825,1134,1.0,0.0,0.0,66.631,2024,Haas,Belgium,0,1,17,0.0,0.0,116.5,,
15,14.0,822,1134,1.0,0.0,0.0,70.638,2024,Kick Sauber,Belgium,0,1,14,1.0,0.0,115.531,114.764,
16,20.0,852,1134,1.0,0.0,0.0,76.737,2024,RB,Belgium,0,1,18,0.0,0.0,116.593,,
17,18.0,858,1134,1.0,0.0,0.0,86.057,2024,Williams,Belgium,0,1,19,0.0,0.0,117.23,,
18,16.0,807,1134,1.0,0.0,0.0,88.833,2024,Haas,Belgium,0,1,16,0.0,0.0,116.308,,
NC,19.0,855,1134,0.0,1.0,,,2024,Kick Sauber,Belgium,0,1,20,0.0,0.0,117.775,,
1,1.0,846,1135,1.0,0.0,0.0,0.0,2024,McLaren,Netherlands,0,1,1,1.0,1.0,71.377,70.496,69.673
2,2.0,830,1135,1.0,0.0,0.0,22.896,2024,Red Bull Racing,Netherlands,0,1,2,1.0,1.0,71.393,70.811,70.029
3,6.0,844,1135,1.0,0.0,0.0,25.439,2024,Ferrari,Netherlands,0,1,6,1.0,1.0,71.37,70.689,70.582
4,3.0,857,1135,1.0,0.0,0.0,27.337,2024,McLaren,Netherlands,0,1,3,1.0,1.0,71.541,70.505,70.172
5,10.0,832,1135,1.0,0.0,0.0,32.137,2024,Ferrari,Netherlands,0,1,10,1.0,0.0,71.327,70.914,
6,5.0,815,1135,1.0,0.0,0.0,39.542,2024,Red Bull Racing,Netherlands,0,1,5,1.0,1.0,71.006,70.678,70.416
7,4.0,847,1135,1.0,0.0,0.0,44.617,2024,Mercedes,Netherlands,0,1,4,1.0,1.0,71.049,70.55199999999999,70.244
8,14.0,1,1135,1.0,0.0,0.0,49.599,2024,Mercedes,Netherlands,0,1,11,1.0,0.0,71.375,70.94800000000001,
9,9.0,842,1135,1.0,0.0,1.0,,2024,Alpine,Netherlands,0,1,9,1.0,1.0,71.718,70.815,70.977
10,7.0,4,1135,1.0,0.0,1.0,,2024,Aston Martin,Netherlands,0,1,7,1.0,1.0,71.493,70.845,70.633
11,12.0,807,1135,1.0,0.0,1.0,,2024,Haas,Netherlands,0,1,13,1.0,0.0,71.832,71.215,
12,13.0,817,1135,1.0,0.0,1.0,,2024,RB,Netherlands,0,1,15,0.0,0.0,71.943,,
13,8.0,840,1135,1.0,0.0,1.0,,2024,Aston Martin,Netherlands,0,1,8,1.0,1.0,4778.0,70.611,70.857
14,19.0,848,1135,1.0,0.0,1.0,,2024,Williams,Netherlands,0,1,DQ,0.0,0.0,,,
15,15.0,839,1135,1.0,0.0,1.0,,2024,Alpine,Netherlands,0,1,16,0.0,0.0,71.995,,
16,18.0,858,1135,1.0,0.0,1.0,,2024,Williams,Netherlands,0,1,,,,,,
17,11.0,852,1135,1.0,0.0,1.0,,2024,RB,Netherlands,0,1,12,1.0,0.0,71.603,70.955,
18,20.0,825,1135,1.0,0.0,1.0,,2024,Haas,Netherlands,0,1,14,1.0,0.0,71.63,71.295,
19,16.0,822,1135,1.0,0.0,2.0,,2024,Kick Sauber,Netherlands,0,1,17,0.0,0.0,72.168,,
20,17.0,855,1135,1.0,0.0,2.0,,2024,Kick Sauber,Netherlands,0,1,18,0.0,0.0,73.261,,
1,4.0,844,1136,1.0,0.0,0.0,0.0,2024,Ferrari,Italy,1,0,4,1.0,1.0,80.074,80.007,79.461
2,2.0,857,1136,1.0,0.0,0.0,2.664,2024,McLaren,Italy,1,0,2,1.0,1.0,80.076,79.80799999999999,79.436
3,1.0,846,1136,1.0,0.0,0.0,6.153,2024,McLaren,Italy,1,0,1,1.0,1.0,79.911,79.727,79.327
4,5.0,832,1136,1.0,0.0,0.0,15.621,2024,Ferrari,Italy,1,0,5,1.0,1.0,80.149,79.799,79.467
5,6.0,1,1136,1.0,0.0,0.0,22.82,2024,Mercedes,Italy,1,0,6,1.0,1.0,80.477,79.64099999999999,79.513
6,7.0,830,1136,1.0,0.0,0.0,37.932,2024,Red Bull Racing,Italy,1,0,7,1.0,1.0,80.226,79.662,80.02199999999999
7,3.0,847,1136,1.0,0.0,0.0,39.715,2024,Mercedes,Italy,1,0,3,1.0,1.0,80.169,79.877,79.4
8,8.0,815,1136,1.0,0.0,0.0,54.148,2024,Red Bull Racing,Italy,1,0,8,1.0,1.0,80.598,80.21600000000001,80.062
9,9.0,848,1136,1.0,0.0,0.0,67.456,2024,Williams,Italy,1,0,9,1.0,1.0,80.542,80.314,80.299
10,13.0,825,1136,1.0,0.0,0.0,68.302,2024,Haas,Italy,1,0,13,1.0,0.0,80.856,80.69800000000001,
11,11.0,4,1136,1.0,0.0,0.0,68.495,2024,Aston Martin,Italy,1,0,11,1.0,0.0,80.617,80.42099999999999,
12,18.0,861,1136,1.0,0.0,0.0,81.308,2024,Williams,Italy,1,0,18,0.0,0.0,81.061,,
13,12.0,817,1136,1.0,0.0,0.0,93.452,2024,RB,Italy,1,0,12,1.0,0.0,80.901,80.479,
14,15.0,839,1136,1.0,0.0,1.0,,2024,Alpine,Italy,1,0,15,1.0,0.0,80.764,80.76599999999999,
15,14.0,842,1136,1.0,0.0,1.0,,2024,Alpine,Italy,1,0,14,1.0,0.0,80.748,80.738,
16,19.0,822,1136,1.0,0.0,1.0,,2024,Kick Sauber,Italy,1,0,19,0.0,0.0,81.101,,
17,10.0,807,1136,1.0,0.0,1.0,,2024,Haas,Italy,1,0,10,1.0,1.0,80.781,80.411,80.339
18,20.0,855,1136,1.0,0.0,1.0,,2024,Kick Sauber,Italy,1,0,20,0.0,0.0,81.445,,
19,17.0,840,1136,1.0,0.0,1.0,,2024,Aston Martin,Italy,1,0,17,0.0,0.0,81.013,,
NC,16.0,852,1136,0.0,1.0,,,2024,RB,Italy,1,0,16,0.0,0.0,80.945,,
1,2.0,857,1137,1.0,0.0,0.0,0.0,2024,McLaren,Azerbaijan,0,1,2,1.0,1.0,103.033,102.598,101.686
2,1.0,844,1137,1.0,0.0,0.0,10.91,2024,Ferrari,Azerbaijan,0,1,1,1.0,1.0,102.775,102.056,101.365
3,5.0,847,1137,1.0,0.0,0.0,31.328,2024,Mercedes,Azerbaijan,0,1,5,1.0,1.0,103.139,102.329,101.874
4,15.0,846,1137,1.0,0.0,0.0,36.142,2024,McLaren,Azerbaijan,0,1,16,0.0,0.0,103.609,,
5,6.0,830,1137,1.0,0.0,0.0,77.098,2024,Red Bull Racing,Azerbaijan,0,1,6,1.0,1.0,103.097,102.042,102.023
6,7.0,4,1137,1.0,0.0,0.0,85.468,2024,Aston Martin,Azerbaijan,0,1,8,1.0,1.0,103.472,102.426,102.369
7,9.0,848,1137,1.0,0.0,0.0,87.396,2024,Williams,Azerbaijan,0,1,10,1.0,1.0,102.899,102.84,102.859
8,8.0,861,1137,1.0,0.0,0.0,89.541,2024,Williams,Azerbaijan,0,1,9,1.0,1.0,103.138,102.473,102.53
9,19.0,1,1137,1.0,0.0,0.0,92.401,2024,Mercedes,Azerbaijan,0,1,7,1.0,1.0,103.089,102.765,102.289
10,10.0,860,1137,1.0,0.0,0.0,93.127,2024,Haas,Azerbaijan,0,1,11,1.0,0.0,103.471,102.968,
11,12.0,807,1137,1.0,0.0,0.0,93.465,2024,Haas,Azerbaijan,0,1,13,1.0,0.0,103.101,103.191,
12,18.0,842,1137,1.0,0.0,0.0,117.189,2024,Alpine,Azerbaijan,0,1,DQ,0.0,0.0,,,
13,14.0,817,1137,1.0,0.0,0.0,146.907,2024,RB,Azerbaijan,0,1,15,0.0,0.0,103.547,,
14,17.0,855,1137,1.0,0.0,0.0,148.841,2024,Kick Sauber,Azerbaijan,0,1,18,0.0,0.0,104.246,,
15,20.0,839,1137,1.0,0.0,1.0,,2024,Alpine,Azerbaijan,0,1,19,0.0,0.0,104.504,,
16,16.0,822,1137,1.0,0.0,1.0,,2024,Kick Sauber,Azerbaijan,0,1,17,0.0,0.0,103.618,,
17,4.0,815,1137,0.0,1.0,,,2024,Red Bull Racing,Azerbaijan,0,1,4,1.0,1.0,103.213,102.263,101.813
18,3.0,832,1137,0.0,1.0,,,2024,Ferrari,Azerbaijan,0,1,3,1.0,1.0,103.357,102.503,101.805
19,13.0,840,1137,0.0,1.0,,,2024,Aston Martin,Azerbaijan,0,1,14,1.0,0.0,103.37,103.404,
NC,11.0,852,1137,0.0,1.0,,,2024,RB,Azerbaijan,0,1,12,1.0,0.0,103.337,103.035,
1,1.0,846,1138,1.0,0.0,0.0,0.0,2024,McLaren,Singapore,0,1,1,1.0,1.0,90.002,90.007,89.525
2,2.0,830,1138,1.0,0.0,0.0,20.945,2024,Red Bull Racing,Singapore,0,1,2,1.0,1.0,90.157,89.68,89.72800000000001
3,5.0,857,1138,1.0,0.0,0.0,41.823,2024,McLaren,Singapore,0,1,5,1.0,1.0,90.258,89.64,89.953
4,4.0,847,1138,1.0,0.0,0.0,61.04,2024,Mercedes,Singapore,0,1,4,1.0,1.0,90.811,90.153,89.867
5,9.0,844,1138,1.0,0.0,0.0,62.43,2024,Ferrari,Singapore,0,1,9,1.0,1.0,90.786,89.747,
6,3.0,1,1138,1.0,0.0,0.0,85.248,2024,Mercedes,Singapore,0,1,3,1.0,1.0,90.393,89.929,89.84100000000001
7,10.0,832,1138,1.0,0.0,0.0,96.039,2024,Ferrari,Singapore,0,1,10,1.0,1.0,90.67,90.108,
8,7.0,4,1138,1.0,0.0,1.0,,2024,Aston Martin,Singapore,0,1,7,1.0,1.0,90.684,90.45,90.214
9,6.0,807,1138,1.0,0.0,1.0,,2024,Haas,Singapore,0,1,6,1.0,1.0,90.724,90.15,90.115
10,13.0,815,1138,1.0,0.0,1.0,,2024,Red Bull Racing,Singapore,0,1,13,1.0,0.0,90.624,90.579,
11,12.0,861,1138,1.0,0.0,1.0,,2024,Williams,Singapore,0,1,12,1.0,0.0,90.704,90.481,
12,8.0,852,1138,1.0,0.0,1.0,,2024,RB,Singapore,0,1,8,1.0,1.0,90.716,90.289,90.354
13,15.0,839,1138,1.0,0.0,1.0,,2024,Alpine,Singapore,0,1,15,1.0,0.0,90.958,90.769,
14,17.0,840,1138,1.0,0.0,1.0,,2024,Aston Martin,Singapore,0,1,17,0.0,0.0,91.094,,
15,20.0,855,1138,1.0,0.0,1.0,,2024,Kick Sauber,Singapore,0,1,20,0.0,0.0,92.054,,
16,19.0,822,1138,1.0,0.0,1.0,,2024,Kick Sauber,Singapore,0,1,19,0.0,0.0,91.572,,
17,18.0,842,1138,1.0,0.0,1.0,,2024,Alpine,Singapore,0,1,18,0.0,0.0,91.312,,
18,16.0,817,1138,1.0,0.0,1.0,,2024,RB,Singapore,0,1,16,0.0,0.0,91.085,,
19,14.0,825,1138,0.0,1.0,,,2024,Haas,Singapore,0,1,14,1.0,0.0,90.829,90.653,
NC,11.0,848,1138,0.0,1.0,,,2024,Williams,Singapore,0,1,11,1.0,0.0,90.679,90.474,
1,4.0,844,1139,1.0,0.0,0.0,0.0,2024,Ferrari,United States,0,1,4,1.0,1.0,93.241,92.962,92.74
2,3.0,832,1139,1.0,0.0,0.0,8.562,2024,Ferrari,United States,0,1,3,1.0,1.0,93.556,92.836,92.652
3,2.0,830,1139,1.0,0.0,0.0,19.412,2024,Red Bull Racing,United States,0,1,2,1.0,1.0,93.046,92.584,92.361
4,1.0,846,1139,1.0,0.0,0.0,20.354,2024,McLaren,United States,0,1,1,1.0,1.0,93.616,92.851,92.33
5,5.0,857,1139,1.0,0.0,0.0,21.921,2024,McLaren,United States,0,1,5,1.0,1.0,93.864,,92.95
6,20.0,847,1139,1.0,0.0,0.0,56.295,2024,Mercedes,United States,0,1,6,1.0,1.0,93.536,93.142,92.974
7,9.0,815,1139,1.0,0.0,0.0,59.072,2024,Red Bull Racing,United States,0,1,10,1.0,1.0,93.611,93.02,
8,11.0,807,1139,1.0,0.0,0.0,62.957,2024,Haas,United States,0,1,12,1.0,0.0,93.601,93.544,
9,19.0,859,1139,1.0,0.0,0.0,70.563,2024,RB,United States,0,1,15,1.0,0.0,93.339,,
10,15.0,861,1139,1.0,0.0,0.0,71.979,2024,Williams,United States,0,1,17,0.0,0.0,94.062,,
11,8.0,825,1139,1.0,0.0,0.0,79.782,2024,Haas,United States,0,1,9,1.0,1.0,93.564,93.474,93.481
12,6.0,842,1139,1.0,0.0,0.0,90.558,2024,Alpine,United States,0,1,7,1.0,1.0,93.55,93.162,93.018
13,7.0,4,1139,1.0,0.0,1.0,,2024,Aston Martin,United States,0,1,8,1.0,1.0,93.973,93.429,93.309
14,10.0,852,1139,1.0,0.0,1.0,,2024,RB,United States,0,1,11,1.0,0.0,93.795,93.506,
15,13.0,840,1139,1.0,0.0,1.0,,2024,Aston Martin,United States,0,1,14,1.0,0.0,94.033,93.759,
16,14.0,848,1139,1.0,0.0,1.0,,2024,Williams,United States,0,1,16,0.0,0.0,94.051,,
17,16.0,822,1139,1.0,0.0,1.0,,2024,Kick Sauber,United States,0,1,18,0.0,0.0,94.152,,
18,12.0,839,1139,1.0,0.0,1.0,,2024,Alpine,United States,0,1,13,1.0,0.0,93.986,93.597,
19,18.0,855,1139,1.0,0.0,1.0,,2024,Kick Sauber,United States,0,1,20,0.0,0.0,94.228,,
NC,17.0,1,1139,0.0,1.0,,,2024,Mercedes,United States,0,1,19,0.0,0.0,94.154,,
1,1.0,832,1140,1.0,0.0,0.0,0.0,2024,Ferrari,Mexico,0,1,1,1.0,1.0,76.77799999999999,76.515,75.946
2,3.0,846,1140,1.0,0.0,0.0,4.705,2024,McLaren,Mexico,0,1,3,1.0,1.0,76.505,76.301,76.26
3,4.0,844,1140,1.0,0.0,0.0,34.387,2024,Ferrari,Mexico,0,1,4,1.0,1.0,76.97200000000001,76.64099999999999,76.265
4,6.0,1,1140,1.0,0.0,0.0,44.78,2024,Mercedes,Mexico,0,1,6,1.0,1.0,77.306,76.973,76.651
5,5.0,847,1140,1.0,0.0,0.0,48.536,2024,Mercedes,Mexico,0,1,5,1.0,1.0,77.194,76.937,76.356
6,2.0,830,1140,1.0,0.0,0.0,59.558,2024,Red Bull Racing,Mexico,0,1,2,1.0,1.0,76.803,76.514,76.17099999999999
7,7.0,825,1140,1.0,0.0,0.0,63.642,2024,Haas,Mexico,0,1,7,1.0,1.0,77.125,77.003,76.886
8,17.0,857,1140,1.0,0.0,0.0,64.928,2024,McLaren,Mexico,0,1,17,0.0,0.0,77.59700000000001,,
9,10.0,807,1140,1.0,0.0,1.0,,2024,Haas,Mexico,0,1,10,1.0,1.0,77.186,76.995,77.365
10,8.0,842,1140,1.0,0.0,1.0,,2024,Alpine,Mexico,0,1,8,1.0,1.0,77.149,77.048,76.892
11,14.0,840,1140,1.0,0.0,1.0,,2024,Aston Martin,Mexico,0,1,14,1.0,0.0,77.407,77.294,
12,16.0,861,1140,1.0,0.0,1.0,,2024,Williams,Mexico,0,1,16,0.0,0.0,77.55799999999999,,
13,20.0,839,1140,1.0,0.0,1.0,,2024,Alpine,Mexico,0,1,19,0.0,0.0,77.617,,
14,15.0,822,1140,1.0,0.0,1.0,,2024,Kick Sauber,Mexico,0,1,15,1.0,0.0,77.393,77.81700000000001,
15,19.0,855,1140,1.0,0.0,1.0,,2024,Kick Sauber,Mexico,0,1,20,0.0,0.0,78.072,,
16,12.0,859,1140,1.0,0.0,1.0,,2024,RB,Mexico,0,1,12,1.0,0.0,77.38,77.162,
17,18.0,815,1140,1.0,0.0,1.0,,2024,Red Bull Racing,Mexico,0,1,18,0.0,0.0,77.611,,
NC,13.0,4,1140,0.0,1.0,,,2024,Aston Martin,Mexico,0,1,13,1.0,0.0,77.307,77.168,
NC,9.0,848,1140,0.0,1.0,,,2024,Williams,Mexico,0,1,9,1.0,1.0,77.189,76.988,77.065
NC,11.0,852,1140,0.0,1.0,,,2024,RB,Mexico,0,1,11,1.0,0.0,77.182,77.129,
1,17.0,830,1141,1.0,0.0,0.0,0.0,2024,Red Bull Racing,Brazil,1,0,12,1.0,0.0,88.52199999999999,87.771,
2,4.0,839,1141,1.0,0.0,0.0,19.477,2024,Alpine,Brazil,1,0,4,1.0,1.0,89.17099999999999,86.206,84.475
3,13.0,842,1141,1.0,0.0,0.0,22.532,2024,Alpine,Brazil,1,0,15,1.0,0.0,89.42,89.614,
4,2.0,847,1141,1.0,0.0,0.0,23.265,2024,Mercedes,Brazil,1,0,2,1.0,1.0,89.121,86.307,83.587
5,6.0,844,1141,1.0,0.0,0.0,30.177,2024,Ferrari,Brazil,1,0,6,1.0,1.0,89.839,86.09700000000001,84.525
6,1.0,846,1141,1.0,0.0,0.0,31.372,2024,McLaren,Brazil,1,0,1,1.0,1.0,90.944,84.844,83.405
7,3.0,852,1141,1.0,0.0,0.0,42.056,2024,RB,Brazil,1,0,3,1.0,1.0,89.172,86.464,84.111
8,8.0,857,1141,1.0,0.0,0.0,44.943,2024,McLaren,Brazil,1,0,8,1.0,1.0,90.114,85.179,84.686
9,5.0,859,1141,1.0,0.0,0.0,50.452,2024,RB,Brazil,1,0,5,1.0,1.0,90.758,85.654,84.48400000000001
10,14.0,1,1141,1.0,0.0,0.0,50.753,2024,Mercedes,Brazil,1,0,16,0.0,0.0,91.15,,
11,12.0,815,1141,1.0,0.0,0.0,51.531,2024,Red Bull Racing,Brazil,1,0,13,1.0,0.0,90.035,88.158,
12,15.0,860,1141,1.0,0.0,0.0,57.085,2024,Haas,Brazil,1,0,17,0.0,0.0,91.229,,
13,11.0,822,1141,1.0,0.0,0.0,63.588,2024,Kick Sauber,Brazil,1,0,11,1.0,0.0,90.633,86.47200000000001,
14,9.0,4,1141,1.0,0.0,0.0,78.049,2024,Aston Martin,Brazil,1,0,9,1.0,1.0,90.207,85.035,88.998
15,19.0,855,1141,1.0,0.0,0.0,79.649,2024,Kick Sauber,Brazil,1,0,20,0.0,0.0,92.263,,
NC,20.0,832,1141,0.0,1.0,,,2024,Ferrari,Brazil,1,0,14,1.0,0.0,90.035,88.158,
NC,16.0,861,1141,0.0,1.0,,,2024,Williams,Brazil,1,0,18,0.0,0.0,91.27,,
NC,7.0,848,1141,0.0,1.0,,,2024,Williams,Brazil,1,0,7,1.0,1.0,89.072,85.889,84.657
NC,10.0,840,1141,0.0,1.0,,,2024,Aston Martin,Brazil,1,0,10,1.0,0.0,90.58,86.334,
DQ,18.0,807,1141,0.0,1.0,,,2024,Haas,Brazil,1,0,19,0.0,0.0,91.623,,
1,1.0,847,1142,1.0,0.0,0.0,0.0,2024,Mercedes,Las Vegas,0,1,1,1.0,1.0,93.186,92.779,92.312
2,10.0,1,1142,1.0,0.0,0.0,7.313,2024,Mercedes,Las Vegas,0,1,10,1.0,1.0,93.225,92.567,108.106
3,2.0,832,1142,1.0,0.0,0.0,11.906,2024,Ferrari,Las Vegas,0,1,2,1.0,1.0,93.484,92.711,92.41
4,4.0,844,1142,1.0,0.0,0.0,14.283,2024,Ferrari,Las Vegas,0,1,4,1.0,1.0,93.446,93.016,92.783
5,5.0,830,1142,1.0,0.0,0.0,16.582,2024,Red Bull Racing,Las Vegas,0,1,5,1.0,1.0,93.299,93.085,92.797
6,6.0,846,1142,1.0,0.0,0.0,43.385,2024,McLaren,Las Vegas,0,1,6,1.0,1.0,93.592,93.099,93.008
7,8.0,857,1142,1.0,0.0,0.0,51.365,2024,McLaren,Las Vegas,0,1,8,1.0,1.0,93.45,93.024,93.033
8,9.0,807,1142,1.0,0.0,0.0,59.808,2024,Haas,Las Vegas,0,1,9,1.0,1.0,93.92,93.114,93.062
9,7.0,852,1142,1.0,0.0,0.0,62.808,2024,RB,Las Vegas,0,1,7,1.0,1.0,93.789,93.089,93.029
10,15.0,815,1142,1.0,0.0,0.0,63.114,2024,Red Bull Racing,Las Vegas,0,1,16,0.0,0.0,94.155,,
11,16.0,4,1142,1.0,0.0,0.0,69.195,2024,Aston Martin,Las Vegas,0,1,17,0.0,0.0,94.258,,
12,12.0,825,1142,1.0,0.0,0.0,69.803,2024,Haas,Las Vegas,0,1,12,1.0,0.0,93.991,93.297,
13,13.0,855,1142,1.0,0.0,0.0,74.085,2024,Kick Sauber,Las Vegas,0,1,13,1.0,0.0,94.079,93.566,
14,20.0,861,1142,1.0,0.0,0.0,75.172,2024,Williams,Las Vegas,0,1,14,1.0,0.0,93.746,93.749,
15,18.0,840,1142,1.0,0.0,0.0,84.102,2024,Aston Martin,Las Vegas,0,1,20,0.0,0.0,94.484,,
16,14.0,859,1142,1.0,0.0,0.0,91.005,2024,RB,Las Vegas,0,1,15,1.0,0.0,94.087,94.257,
17,11.0,839,1142,1.0,0.0,1.0,,2024,Alpine,Las Vegas,0,1,11,1.0,0.0,93.968,93.221,
18,19.0,822,1142,1.0,0.0,1.0,,2024,Kick Sauber,Las Vegas,0,1,19,0.0,0.0,94.43,,
NC,17.0,848,1142,0.0,1.0,,,2024,Williams,Las Vegas,0,1,18,0.0,0.0,94.425,,
NC,3.0,842,1142,0.0,1.0,,,2024,Alpine,Las Vegas,0,1,3,1.0,1.0,93.691,92.879,92.664
1,2.0,830,1143,1.0,0.0,0.0,0.0,2024,Red Bull Racing,Qatar,0,1,1,1.0,1.0,81.57900000000001,80.687,80.52
2,5.0,844,1143,1.0,0.0,0.0,6.031,2024,Ferrari,Qatar,0,1,5,1.0,1.0,81.27799999999999,81.0,80.852
3,4.0,857,1143,1.0,0.0,0.0,6.819,2024,McLaren,Qatar,0,1,4,1.0,1.0,81.821,81.121,80.82900000000001
4,1.0,847,1143,1.0,0.0,0.0,14.104,2024,Mercedes,Qatar,0,1,2,1.0,1.0,81.241,81.069,80.575
5,11.0,842,1143,1.0,0.0,0.0,16.782,2024,Alpine,Qatar,0,1,11,1.0,0.0,81.843,81.437,
6,7.0,832,1143,1.0,0.0,0.0,17.476,2024,Ferrari,Qatar,0,1,7,1.0,1.0,81.447,81.199,81.041
7,8.0,4,1143,1.0,0.0,0.0,19.867,2024,Aston Martin,Qatar,0,1,8,1.0,1.0,81.608,81.208,81.251
8,12.0,855,1143,1.0,0.0,0.0,25.36,2024,Kick Sauber,Qatar,0,1,12,1.0,0.0,82.10300000000001,81.501,
9,10.0,825,1143,1.0,0.0,0.0,32.177,2024,Haas,Qatar,0,1,10,1.0,1.0,81.89099999999999,81.387,81.5
10,3.0,846,1143,1.0,0.0,0.0,35.762,2024,McLaren,Qatar,0,1,3,1.0,1.0,81.578,80.983,80.77199999999999
11,13.0,822,1143,1.0,0.0,0.0,50.243,2024,Kick Sauber,Qatar,0,1,13,1.0,0.0,81.92699999999999,81.731,
12,6.0,1,1143,1.0,0.0,0.0,56.122,2024,Mercedes,Qatar,0,1,6,1.0,1.0,81.637,80.095,81.011
13,14.0,852,1143,1.0,0.0,0.0,61.1,2024,RB,Qatar,0,1,14,1.0,0.0,82.364,81.771,
14,17.0,859,1143,1.0,0.0,0.0,62.656,2024,RB,Qatar,0,1,17,0.0,0.0,82.411,,
15,16.0,848,1143,1.0,0.0,1.0,,2024,Williams,Qatar,0,1,16,0.0,0.0,82.39,,
NC,18.0,807,1143,0.0,1.0,,,2024,Haas,Qatar,0,1,18,0.0,0.0,82.422,,
NC,9.0,815,1143,0.0,1.0,,,2024,Red Bull Racing,Qatar,0,1,9,1.0,1.0,81.675,81.425,81.425
NC,15.0,840,1143,0.0,1.0,,,2024,Aston Martin,Qatar,0,1,15,1.0,0.0,82.011,81.911,
NC,19.0,861,1143,0.0,1.0,,,2024,Williams,Qatar,0,1,19,0.0,0.0,82.594,,
NC,20.0,839,1143,0.0,1.0,,,2024,Alpine,Qatar,0,1,20,0.0,0.0,82.714,,
1,1.0,846,1144,1.0,0.0,0.0,0.0,2024,McLaren,Abu Dhabi,0,1,1,1.0,1.0,83.682,83.098,82.595
2,3.0,832,1144,1.0,0.0,0.0,5.832,2024,Ferrari,Abu Dhabi,0,1,3,1.0,1.0,83.487,82.985,82.824
3,19.0,844,1144,1.0,0.0,0.0,31.928,2024,Ferrari,Abu Dhabi,0,1,14,1.0,0.0,83.30199999999999,83.833,
4,16.0,1,1144,1.0,0.0,0.0,36.483,2024,Mercedes,Abu Dhabi,0,1,18,0.0,0.0,83.887,,
5,6.0,847,1144,1.0,0.0,0.0,37.538,2024,Mercedes,Abu Dhabi,0,1,7,1.0,1.0,83.678,83.283,83.132
6,4.0,830,1144,1.0,0.0,0.0,49.847,2024,Red Bull Racing,Abu Dhabi,0,1,5,1.0,1.0,83.51599999999999,82.998,82.945
7,5.0,842,1144,1.0,0.0,0.0,72.56,2024,Alpine,Abu Dhabi,0,1,6,1.0,1.0,83.548,83.086,82.98400000000001
8,7.0,807,1144,1.0,0.0,0.0,75.554,2024,Haas,Abu Dhabi,0,1,4,1.0,1.0,83.72200000000001,83.03999999999999,82.886
9,8.0,4,1144,1.0,0.0,0.0,82.373,2024,Aston Martin,Abu Dhabi,0,1,8,1.0,1.0,83.794,83.268,83.196
10,2.0,857,1144,1.0,0.0,0.0,83.821,2024,McLaren,Abu Dhabi,0,1,2,1.0,1.0,83.64,83.199,82.804
11,18.0,848,1144,1.0,0.0,1.0,,2024,Williams,Abu Dhabi,0,1,16,0.0,0.0,83.821,,
12,11.0,852,1144,1.0,0.0,1.0,,2024,RB,Abu Dhabi,0,1,11,1.0,0.0,83.735,83.419,
13,15.0,855,1144,1.0,0.0,1.0,,2024,Kick Sauber,Abu Dhabi,0,1,17,0.0,0.0,83.88,,
14,13.0,840,1144,1.0,0.0,1.0,,2024,Aston Martin,Abu Dhabi,0,1,13,1.0,0.0,83.729,83.78399999999999,
15,17.0,862,1144,1.0,0.0,1.0,,2024,Alpine,Abu Dhabi,0,1,20,0.0,0.0,84.105,,
16,14.0,825,1144,1.0,0.0,1.0,,2024,Haas,Abu Dhabi,0,1,15,1.0,0.0,83.632,83.877,
17,12.0,859,1144,0.0,1.0,,,2024,RB,Abu Dhabi,0,1,12,1.0,0.0,83.733,83.47200000000001,
NC,9.0,822,1144,0.0,1.0,,,2024,Kick Sauber,Abu Dhabi,0,1,9,1.0,1.0,83.481,83.34100000000001,83.20400000000001
NC,20.0,861,1144,0.0,1.0,,,2024,Williams,Abu Dhabi,0,1,19,0.0,0.0,83.912,,
NC,10.0,815,1144,0.0,1.0,,,2024,Red Bull Racing,Abu Dhabi,0,1,10,1.0,1.0,83.559,83.379,83.364
