resultId,raceId,driverId,position,time,milliseconds,fastestLapTime,fastestLapSpeed
23782,989,20,1,1:29:33.283,5373283,1:26.469,220.782
23783,989,1,2,+5.036,5378319,1:26.444,220.845
23784,989,8,3,+6.309,5379592,1:26.373,221.027
23785,989,817,4,+7.069,5380352,1:25.945,222.128
23786,989,4,5,+27.886,5401169,1:26.978,219.489
23787,989,830,6,+28.945,5402228,1:26.880,219.737
23788,989,807,7,+32.671,5405954,1:27.081,219.230
23789,989,822,8,+34.339,5407622,1:27.019,219.386
23790,989,838,9,+34.921,5408204,1:26.958,219.540
23791,989,832,10,+45.722,5419005,1:27.944,217.079
23792,989,815,11,+46.817,5420100,1:27.633,217.849
23793,989,839,12,+1:00.278,5433561,1:27.600,217.931
23794,989,844,13,+1:15.759,5449042,1:28.759,215.085
23795,989,840,14,+1:18.288,5451571,1:28.511,215.688
23796,989,843,15,\N,\N,1:28.176,216.507
23797,989,154,\N,\N,\N,1:28.805,214.974
23798,989,825,\N,\N,\N,1:29.534,213.224
23799,989,842,\N,\N,\N,1:30.649,210.601
23800,989,828,\N,\N,\N,1:32.210,207.036
23801,989,845,\N,\N,\N,1:32.573,206.224
23802,990,20,1,1:32:01.940,5521940,1:34.453,206.274
23803,990,822,2,+0.699,5522639,1:33.740,207.842
23804,990,1,3,+6.512,5528452,1:33.953,207.371
23805,990,842,4,+1:02.234,5584174,1:34.863,205.382
23806,990,825,5,+1:15.046,5596986,1:34.327,206.549
23807,990,807,6,+1:39.024,5620964,1:34.667,205.807
23808,990,4,7,\N,\N,1:34.168,206.898
23809,990,838,8,\N,\N,1:35.131,204.803
23810,990,828,9,\N,\N,1:35.093,204.885
23811,990,839,10,\N,\N,1:35.043,204.993
23812,990,832,11,\N,\N,1:35.535,203.937
23813,990,844,12,\N,\N,1:35.075,204.924
23814,990,154,13,\N,\N,1:34.689,205.759
23815,990,840,14,\N,\N,1:35.058,204.961
23816,990,845,15,\N,\N,1:34.053,207.151
23817,990,815,16,\N,\N,1:35.266,204.513
23818,990,843,17,\N,\N,1:34.563,206.034
23819,990,8,\N,\N,\N,1:34.337,206.527
23820,990,830,\N,\N,\N,\N,\N
23821,990,817,\N,\N,\N,\N,\N
23822,991,817,1,1:35:36.380,5736380,1:35.785,204.871
23823,991,822,2,+8.894,5745274,1:36.987,202.332
23824,991,8,3,+9.637,5746017,1:36.456,203.446
23825,991,1,4,+16.985,5753365,1:36.878,202.559
23826,991,830,5,+20.436,5756816,1:36.206,203.974
23827,991,807,6,+21.052,5757432,1:36.881,202.553
23828,991,4,7,+30.639,5767019,1:37.234,201.818
23829,991,20,8,+35.286,5771666,1:37.479,201.311
23830,991,832,9,+35.763,5772143,1:37.754,200.744
23831,991,825,10,+39.594,5775974,1:38.152,199.930
23832,991,839,11,+44.050,5780430,1:37.985,200.271
23833,991,815,12,+44.725,5781105,1:37.673,200.911
23834,991,838,13,+49.373,5785753,1:38.137,199.961
23835,991,840,14,+55.490,5791870,1:38.500,199.224
23836,991,845,15,+58.241,5794621,1:38.624,198.973
23837,991,828,16,+1:02.604,5798984,1:38.386,199.455
23838,991,154,17,+1:05.296,5801676,1:37.410,201.453
23839,991,842,18,+1:06.330,5802710,1:38.367,199.493
23840,991,844,19,+1:22.575,5818955,1:38.808,198.603
23841,991,843,20,\N,\N,1:39.376,197.468
23842,992,1,1,1:43:44.291,6224291,1:45.412,205.012
23843,992,8,2,+2.460,6226751,1:46.523,202.874
23844,992,815,3,+4.024,6228315,1:46.206,203.480
23845,992,20,4,+5.329,6229620,1:45.530,204.783
23846,992,832,5,+7.515,6231806,1:46.856,202.242
23847,992,844,6,+9.158,6233449,1:47.403,201.212
23848,992,4,7,+10.931,6235222,1:47.449,201.126
23849,992,840,8,+12.546,6236837,1:46.815,202.319
23850,992,838,9,+14.152,6238443,1:47.666,200.720
23851,992,843,10,+18.030,6242321,1:48.288,199.567
23852,992,828,11,+18.512,6242803,1:47.925,200.239
23853,992,842,12,+24.720,6249011,1:48.035,200.035
23854,992,825,13,+40.663,6264954,1:48.155,199.813
23855,992,822,\N,\N,\N,1:45.149,205.525
23856,992,154,\N,\N,\N,1:46.880,202.196
23857,992,830,\N,\N,\N,1:45.771,204.316
23858,992,817,\N,\N,\N,1:45.419,204.999
23859,992,807,\N,\N,\N,1:48.867,198.506
23860,992,839,\N,\N,\N,\N,\N
23861,992,845,\N,\N,\N,\N,\N
23862,993,1,1,1:35:29.972,5729972,1:19.133,211.770
23863,993,822,2,+20.593,5750565,1:19.478,210.850
23864,993,830,3,+26.873,5756845,1:19.422,210.999
23865,993,20,4,+27.584,5757556,1:19.128,211.783
23866,993,817,5,+50.058,5780030,1:18.441,213.638
23867,993,825,6,\N,\N,1:20.246,208.832
23868,993,832,7,\N,\N,1:21.324,206.064
23869,993,4,8,\N,\N,1:20.727,207.588
23870,993,815,9,\N,\N,1:21.128,206.562
23871,993,844,10,\N,\N,1:22.122,204.062
23872,993,840,11,\N,\N,1:22.095,204.129
23873,993,843,12,\N,\N,1:21.439,205.773
23874,993,828,13,\N,\N,1:22.487,203.159
23875,993,845,14,\N,\N,1:22.680,202.685
23876,993,838,\N,\N,\N,1:22.594,202.896
23877,993,839,\N,\N,\N,1:22.117,204.074
23878,993,8,\N,\N,\N,1:21.531,205.541
23879,993,154,\N,\N,\N,\N,\N
23880,993,842,\N,\N,\N,\N,\N
23881,993,807,\N,\N,\N,\N,\N
23882,994,817,1,1:42:54.807,6174807,1:15.562,158.984
23883,994,20,2,+7.336,6182143,1:16.065,157.933
23884,994,1,3,+17.013,6191820,1:16.270,157.508
23885,994,8,4,+18.127,6192934,1:16.392,157.257
23886,994,822,5,+18.822,6193629,1:16.312,157.422
23887,994,839,6,+23.667,6198474,1:17.027,155.960
23888,994,842,7,+24.331,6199138,1:17.099,155.815
23889,994,807,8,+24.839,6199646,1:16.061,157.941
23890,994,830,9,+25.317,6200124,1:14.260,161.772
23891,994,832,10,+1:09.013,6243820,1:17.491,155.027
23892,994,828,11,+1:09.864,6244671,1:16.936,156.145
23893,994,815,12,+1:10.461,6245268,1:17.546,154.917
23894,994,825,13,+1:14.823,6249630,1:17.476,155.057
23895,994,838,14,\N,\N,1:16.864,156.291
23896,994,154,15,\N,\N,1:14.822,160.557
23897,994,845,16,\N,\N,1:15.325,159.484
23898,994,840,17,\N,\N,1:14.944,160.295
23899,994,844,\N,\N,\N,1:17.710,154.590
23900,994,843,\N,\N,\N,1:17.172,155.667
23901,994,4,\N,\N,\N,1:17.018,155.979
23902,995,20,1,1:28:31.377,5311377,1:13.964,212.260
23903,995,822,2,+7.376,5318753,1:13.992,212.179
23904,995,830,3,+8.360,5319737,1:13.864,212.547
23905,995,817,4,+20.892,5332269,1:14.159,211.701
23906,995,1,5,+21.559,5332936,1:14.183,211.633
23907,995,8,6,+27.184,5338561,1:14.075,211.941
23908,995,807,7,\N,\N,1:15.588,207.699
23909,995,832,8,\N,\N,1:15.666,207.485
23910,995,839,9,\N,\N,1:15.610,207.639
23911,995,844,10,\N,\N,1:15.480,207.996
23912,995,842,11,\N,\N,1:15.699,207.395
23913,995,154,12,\N,\N,1:15.470,208.024
23914,995,825,13,\N,\N,1:15.401,208.214
23915,995,815,14,\N,\N,1:15.100,209.049
23916,995,828,15,\N,\N,1:16.403,205.484
23917,995,838,16,\N,\N,1:15.765,207.214
23918,995,845,17,\N,\N,1:15.924,206.780
23919,995,4,\N,\N,\N,1:16.180,206.085
23920,995,843,\N,\N,\N,\N,\N
23921,995,840,\N,\N,\N,\N,\N
23922,996,1,1,1:30:11.385,5411385,1:34.509,222.531
23923,996,830,2,+7.090,5418475,1:34.275,223.083
23924,996,8,3,+25.888,5437273,1:34.398,222.792
23925,996,817,4,+34.736,5446121,1:35.382,220.494
23926,996,20,5,+1:01.935,5473320,1:34.485,222.587
23927,996,825,6,+1:19.364,5490749,1:35.425,220.395
23928,996,822,7,+1:20.632,5492017,1:34.225,223.201
23929,996,832,8,+1:27.184,5498569,1:35.638,219.904
23930,996,807,9,+1:31.989,5503374,1:35.873,219.365
23931,996,844,10,+1:33.873,5505258,1:35.977,219.127
23932,996,154,11,\N,\N,1:35.695,219.773
23933,996,838,12,\N,\N,1:36.675,217.545
23934,996,828,13,\N,\N,1:36.494,217.953
23935,996,843,14,\N,\N,1:36.839,217.176
23936,996,845,15,\N,\N,1:38.300,213.949
23937,996,4,16,\N,\N,1:35.133,221.071
23938,996,840,17,\N,\N,1:38.319,213.907
23939,996,815,\N,\N,\N,1:38.319,213.907
23940,996,839,\N,\N,\N,\N,\N
23941,996,842,\N,\N,\N,\N,\N
23942,997,830,1,1:21:56.024,4916024,1:07.442,230.491
23943,997,8,2,+1.504,4917528,1:06.957,232.160
23944,997,20,3,+3.181,4919205,1:07.082,231.728
23945,997,154,4,\N,\N,1:09.071,225.055
23946,997,825,5,\N,\N,1:08.476,227.010
23947,997,839,6,\N,\N,1:08.850,225.777
23948,997,815,7,\N,\N,1:08.504,226.918
23949,997,4,8,\N,\N,1:08.661,226.399
23950,997,844,9,\N,\N,1:09.006,225.267
23951,997,828,10,\N,\N,1:08.216,227.876
23952,997,842,11,\N,\N,1:09.295,224.327
23953,997,832,12,\N,\N,1:08.766,226.053
23954,997,845,13,\N,\N,1:08.971,225.381
23955,997,840,14,\N,\N,1:09.203,224.626
23956,997,838,15,\N,\N,1:08.894,225.633
23957,997,1,\N,\N,\N,1:07.241,231.180
23958,997,843,\N,\N,\N,1:09.171,224.730
23959,997,817,\N,\N,\N,1:07.591,229.983
23960,997,822,\N,\N,\N,1:09.044,225.143
23961,997,807,\N,\N,\N,1:10.380,220.869
23962,998,20,1,1:27:29.784,5249784,1:30.696,233.831
23963,998,1,2,+2.264,5252048,1:31.245,232.424
23964,998,8,3,+3.652,5253436,1:30.795,233.576
23965,998,822,4,+8.883,5258667,1:31.377,232.089
23966,998,817,5,+9.500,5259284,1:31.589,231.551
23967,998,807,6,+28.220,5278004,1:33.405,227.049
23968,998,839,7,+29.930,5279714,1:33.606,226.562
23969,998,4,8,+31.115,5280899,1:33.482,226.862
23970,998,825,9,+33.188,5282972,1:33.604,226.567
23971,998,815,10,+34.708,5284492,1:33.472,226.887
23972,998,838,11,+35.774,5285558,1:33.551,226.695
23973,998,840,12,+38.106,5287890,1:33.869,225.927
23974,998,842,13,+39.129,5288913,1:33.465,226.904
23975,998,845,14,+48.113,5297897,1:34.620,224.134
23982,998,843,\N,\N,\N,\N,\N
23977,998,830,\N,\N,\N,1:32.007,230.499
23978,998,154,\N,\N,\N,1:34.391,224.678
23979,998,832,\N,\N,\N,1:34.602,224.177
23980,998,828,\N,\N,\N,1:33.675,226.395
23981,998,844,\N,\N,\N,1:35.209,222.747
23983,999,1,1,1:32:29.845,5549845,1:15.545,217.968
23984,999,822,2,+4.535,5554380,1:15.721,217.461
23985,999,8,3,+6.732,5556577,1:15.990,216.691
23986,999,830,4,+7.654,5557499,1:15.852,217.085
23987,999,807,5,+26.609,5576454,1:17.910,211.351
23988,999,154,6,+28.871,5578716,1:16.716,214.641
23989,999,815,7,+30.556,5580401,1:17.867,211.468
23990,999,839,8,+31.750,5581595,1:17.941,211.267
23991,999,828,9,+32.362,5582207,1:17.745,211.800
23992,999,843,10,+34.197,5584042,1:17.681,211.974
23993,999,825,11,+34.919,5584764,1:17.697,211.930
23994,999,832,12,+43.069,5592914,1:17.430,212.661
23995,999,838,13,+46.617,5596462,1:17.537,212.368
23996,999,842,14,\N,\N,1:17.762,211.753
23997,999,844,15,\N,\N,1:17.852,211.509
23998,999,4,16,\N,\N,1:17.741,211.811
23999,999,840,\N,\N,\N,1:18.861,208.802
24000,999,20,\N,\N,\N,1:17.290,213.046
24001,999,845,\N,\N,\N,1:18.934,208.609
24002,999,817,\N,\N,\N,1:18.262,210.400
24003,1000,1,1,1:37:16.427,5836427,1:21.107,194.454
24004,1000,20,2,+17.123,5853550,1:20.056,197.007
24005,1000,8,3,+20.101,5856528,1:20.292,196.428
24006,1000,817,4,+46.419,5882846,1:20.012,197.115
24007,1000,822,5,+50.000,5886427,1:21.736,192.957
24008,1000,842,6,+1:13.273,5909700,1:21.685,193.078
24009,1000,825,7,\N,\N,1:21.302,193.987
24010,1000,4,8,\N,\N,1:22.090,192.125
24011,1000,832,9,\N,\N,1:22.774,190.538
24012,1000,154,10,\N,\N,1:22.606,190.925
24013,1000,843,11,\N,\N,1:22.612,190.911
24014,1000,807,12,\N,\N,1:21.261,194.085
24015,1000,839,13,\N,\N,1:22.876,190.303
24016,1000,815,14,\N,\N,1:23.263,189.419
24017,1000,828,15,\N,\N,1:23.671,188.495
24018,1000,845,16,\N,\N,1:23.708,188.412
24019,1000,840,17,\N,\N,1:22.660,190.800
24020,1000,838,\N,\N,\N,1:23.077,189.843
24021,1000,830,\N,\N,\N,1:23.985,187.790
24022,1000,844,\N,\N,\N,\N,\N
24023,1001,20,1,1:23:34.476,5014476,1:46.644,236.435
24024,1001,1,2,+11.061,5025537,1:46.721,236.264
24025,1001,830,3,+31.372,5045848,1:46.946,235.767
24026,1001,822,4,+1:03.605,5078081,1:46.286,237.231
24027,1001,815,5,+1:11.023,5085499,1:48.080,233.293
24028,1001,839,6,+1:19.520,5093996,1:48.078,233.298
24029,1001,154,7,+1:25.953,5100429,1:48.283,232.856
24030,1001,825,8,+1:27.639,5102115,1:47.937,233.602
24031,1001,842,9,+1:45.892,5120368,1:48.588,232.202
24032,1001,828,10,\N,\N,1:48.694,231.976
24033,1001,832,11,\N,\N,1:48.670,232.027
24034,1001,845,12,\N,\N,1:49.113,231.085
24035,1001,840,13,\N,\N,1:49.287,230.717
24036,1001,843,14,\N,\N,1:48.756,231.843
24037,1001,838,15,\N,\N,1:48.956,231.418
24038,1001,817,\N,\N,\N,1:49.242,230.812
24039,1001,8,\N,\N,\N,1:54.320,220.559
24040,1001,844,\N,\N,\N,\N,\N
24041,1001,4,\N,\N,\N,\N,\N
24042,1001,807,\N,\N,\N,\N,\N
24043,1002,1,1,1:16:54.484,4614484,1:22.497,252.794
24044,1002,8,2,+8.705,4623189,1:23.515,249.713
24045,1002,822,3,+14.066,4628550,1:22.907,251.544
24046,1002,20,4,+16.151,4630635,1:22.505,252.770
24047,1002,830,5,+18.208,4632692,1:23.609,249.432
24048,1002,839,6,+57.761,4672245,1:24.243,247.555
24049,1002,815,7,+58.678,4673162,1:24.179,247.743
24050,1002,832,8,+1:18.140,4692624,1:23.529,249.671
24051,1002,840,9,\N,\N,1:24.056,248.106
24052,1002,845,10,\N,\N,1:24.580,246.568
24053,1002,844,11,\N,\N,1:23.768,248.959
24054,1002,838,12,\N,\N,1:24.504,246.790
24055,1002,807,13,\N,\N,1:24.772,246.010
24056,1002,842,14,\N,\N,1:24.059,248.097
24057,1002,828,15,\N,\N,1:24.767,246.024
24058,1002,825,16,\N,\N,1:23.768,248.959
24059,1002,817,\N,\N,\N,1:25.692,243.369
24060,1002,4,\N,\N,\N,1:25.229,244.691
24061,1002,843,\N,\N,\N,1:27.009,239.685
24062,1002,154,\N,+56.320,4670804,\N,\N
24063,1003,1,1,1:51:11.611,6671611,1:42.913,177.108
24064,1003,830,2,+8.961,6680572,1:43.345,176.368
24065,1003,20,3,+39.984,6711595,1:44.669,174.137
24066,1003,822,4,+51.930,6723541,1:44.720,174.052
24067,1003,8,5,+53.001,6724612,1:44.715,174.061
24068,1003,817,6,+53.982,6725593,1:43.120,176.753
24069,1003,4,7,+1:43.001,6774612,1:43.164,176.677
24070,1003,832,8,\N,\N,1:45.211,173.240
24071,1003,844,9,\N,\N,1:45.203,173.253
24072,1003,807,10,\N,\N,1:46.093,171.800
24073,1003,828,11,\N,\N,1:45.169,173.309
24074,1003,838,12,\N,\N,1:45.555,172.675
24075,1003,842,13,\N,\N,1:46.063,171.848
24076,1003,840,14,\N,\N,1:46.033,171.897
24077,1003,154,15,\N,\N,1:45.904,172.106
24078,1003,815,16,\N,\N,1:45.389,172.947
24079,1003,843,17,\N,\N,1:44.889,173.772
24080,1003,825,18,\N,\N,1:41.905,178.860
24081,1003,845,19,\N,\N,1:45.902,172.110
24082,1003,839,\N,\N,\N,\N,\N
24083,1004,1,1,1:27:25.181,5245181,1:35.916,219.492
24084,1004,822,2,+2.545,5247726,1:35.861,219.617
24085,1004,20,3,+7.487,5252668,1:35.990,219.322
24086,1004,8,4,+16.543,5261724,1:36.611,217.913
24087,1004,830,5,+31.016,5276197,1:36.283,218.655
24088,1004,817,6,+1:20.451,5325632,1:36.345,218.514
24089,1004,844,7,+1:38.390,5343571,1:38.107,214.590
24090,1004,825,8,\N,\N,1:38.015,214.791
24091,1004,839,9,\N,\N,1:38.366,214.025
24092,1004,815,10,\N,\N,1:38.300,214.168
24093,1004,154,11,\N,\N,1:38.244,214.290
24094,1004,807,12,\N,\N,1:39.108,212.422
24095,1004,828,13,\N,\N,1:37.931,214.975
24096,1004,4,14,\N,\N,1:39.590,211.394
24097,1004,840,15,\N,\N,1:39.435,211.724
24098,1004,838,16,\N,\N,1:39.922,210.692
24099,1004,832,17,\N,\N,1:39.731,211.095
24100,1004,845,18,\N,\N,1:39.838,210.869
24101,1004,842,\N,\N,\N,1:44.071,202.292
24102,1004,843,\N,\N,\N,1:45.852,198.889
24103,1005,1,1,1:27:17.062,5237062,1:32.785,225.307
24104,1005,822,2,+12.919,5249981,1:33.110,224.521
24105,1005,830,3,+14.295,5251357,1:33.367,223.903
24106,1005,817,4,+19.495,5256557,1:33.187,224.336
24107,1005,8,5,+50.998,5288060,1:34.223,221.869
24108,1005,20,6,+1:09.873,5306935,1:32.318,226.447
24109,1005,815,7,+1:19.379,5316441,1:34.073,222.223
24110,1005,154,8,+1:27.198,5324260,1:34.786,220.551
24111,1005,839,9,+1:28.055,5325117,1:34.670,220.821
24112,1005,832,10,\N,\N,1:34.197,221.930
24113,1005,842,11,\N,\N,1:34.133,222.081
24114,1005,828,12,\N,\N,1:36.294,217.097
24115,1005,843,13,\N,\N,1:34.857,220.386
24116,1005,4,14,\N,\N,1:33.943,222.530
24117,1005,838,15,\N,\N,1:35.023,220.001
24118,1005,845,16,\N,\N,1:33.985,222.431
24119,1005,840,17,\N,\N,1:33.354,223.934
24120,1005,844,\N,\N,\N,1:34.515,221.183
24121,1005,807,\N,\N,\N,1:34.934,220.207
24122,1005,825,\N,\N,\N,1:39.908,209.244
24123,1006,8,1,1:34:18.643,5658643,1:38.482,201.527
24124,1006,830,2,+1.281,5659924,1:38.246,202.011
24125,1006,1,3,+2.342,5660985,1:37.392,203.782
24126,1006,20,4,+18.222,5676865,1:38.280,201.941
24127,1006,822,5,+24.744,5683387,1:38.470,201.551
24128,1006,807,6,+1:27.210,5745853,1:39.548,199.369
24129,1006,832,7,+1:34.994,5753637,1:39.858,198.750
24130,1006,815,8,+1:41.080,5759723,1:39.992,198.483
24131,1006,843,9,\N,\N,1:38.963,200.547
24132,1006,828,10,\N,\N,1:39.569,199.327
24133,1006,838,11,\N,\N,1:39.915,198.636
24134,1006,842,12,\N,\N,1:40.098,198.273
24135,1006,845,13,\N,\N,1:39.240,199.987
24136,1006,840,14,\N,\N,1:39.646,199.173
24137,1006,844,\N,\N,\N,1:40.522,197.437
24138,1006,817,\N,\N,\N,1:40.433,197.612
24139,1006,154,\N,\N,\N,1:41.982,194.610
24140,1006,4,\N,\N,\N,1:40.933,196.633
24141,1006,839,\N,\N,\N,\N,\N
24142,1006,825,\N,\N,\N,\N,\N
24143,1007,830,1,1:38:28.851,5908851,1:19.186,195.670
24144,1007,20,2,+17.316,5926167,1:19.522,194.844
24145,1007,8,3,+49.914,5958765,1:20.334,192.874
24146,1007,1,4,+1:18.738,5987589,1:20.728,191.933
24147,1007,822,5,\N,\N,1:18.741,196.776
24148,1007,807,6,\N,\N,1:20.637,192.150
24149,1007,844,7,\N,\N,1:20.537,192.388
24150,1007,838,8,\N,\N,1:21.921,189.138
24151,1007,828,9,\N,\N,1:22.440,187.947
24152,1007,842,10,\N,\N,1:22.755,187.232
24153,1007,839,11,\N,\N,1:22.629,187.517
24154,1007,840,12,\N,\N,1:22.983,186.717
24155,1007,845,13,\N,\N,1:22.640,187.492
24156,1007,843,14,\N,\N,1:22.438,187.952
24157,1007,825,15,\N,\N,1:21.874,189.246
24158,1007,154,16,\N,\N,1:21.370,190.419
24159,1007,817,\N,\N,\N,1:19.462,194.991
24160,1007,815,\N,\N,\N,1:23.545,185.461
24161,1007,832,\N,\N,\N,1:22.386,188.070
24162,1007,4,\N,\N,\N,1:24.197,184.025
24163,1008,1,1,1:27:09.066,5229066,1:11.795,216.065
24164,1008,830,2,+1.469,5230535,1:11.578,216.720
24165,1008,8,3,+4.764,5233830,1:11.769,216.143
24166,1008,817,4,+5.193,5234259,1:11.343,217.434
24167,1008,822,5,+22.943,5252009,1:10.540,219.909
24168,1008,20,6,+26.997,5256063,1:10.831,219.005
24169,1008,844,7,+44.199,5273265,1:12.082,215.204
24170,1008,154,8,+51.230,5280296,1:12.362,214.372
24171,1008,825,9,+52.857,5281923,1:12.206,214.835
24172,1008,815,10,\N,\N,1:12.472,214.046
24173,1008,843,11,\N,\N,1:12.949,212.647
24174,1008,832,12,\N,\N,1:12.169,214.945
24175,1008,842,13,\N,\N,1:13.822,210.132
24176,1008,838,14,\N,\N,1:12.968,212.591
24177,1008,839,15,\N,\N,1:12.352,214.401
24178,1008,845,16,\N,\N,1:14.262,208.887
24179,1008,4,17,\N,\N,1:12.643,213.542
24180,1008,840,18,\N,\N,1:11.751,216.197
24181,1008,807,\N,\N,\N,1:14.029,209.544
24182,1008,828,\N,\N,\N,1:15.281,206.059
24183,1009,1,1,1:39:40.382,5980382,1:41.357,197.267
24184,1009,20,2,+2.581,5982963,1:40.867,198.225
24185,1009,830,3,+12.706,5993088,1:41.909,196.198
24186,1009,817,4,+15.379,5995761,1:41.249,197.477
24187,1009,822,5,+47.957,6028339,1:40.953,198.056
24188,1009,832,6,+1:12.548,6052930,1:41.351,197.278
24189,1009,844,7,+1:30.789,6071171,1:42.876,194.354
24190,1009,815,8,+1:31.275,6071657,1:42.816,194.467
24191,1009,154,9,\N,\N,1:43.195,193.753
24192,1009,825,10,\N,\N,1:42.822,194.456
24193,1009,4,11,\N,\N,1:42.393,195.271
24194,1009,843,12,\N,\N,1:44.174,191.932
24195,1009,840,13,\N,\N,1:44.033,192.192
24196,1009,838,14,\N,\N,1:43.249,193.652
24197,1009,845,15,\N,\N,1:43.831,192.566
24198,1009,842,\N,\N,\N,1:43.988,192.276
24199,1009,839,\N,\N,\N,1:43.591,193.012
24200,1009,828,\N,\N,\N,1:46.077,188.489
24201,1009,8,\N,\N,\N,1:45.198,190.064
24202,1009,807,\N,\N,\N,\N,\N
24203,1010,822,1,1:25:27.325,5127325,1:25.580,223.075
24204,1010,1,2,+20.886,5148211,1:26.057,221.839
24205,1010,830,3,+22.520,5149845,1:26.256,221.327
24206,1010,20,4,+57.109,5184434,1:27.954,217.054
24207,1010,844,5,+58.203,5185528,1:26.926,219.621
24208,1010,825,6,+1:27.156,5214481,1:28.182,216.493
24209,1010,807,7,\N,\N,1:28.444,215.851
24210,1010,8,8,\N,\N,1:28.270,216.277
24211,1010,840,9,\N,\N,1:27.568,218.011
24212,1010,826,10,\N,\N,1:27.448,218.310
24213,1010,842,11,\N,\N,1:27.229,218.858
24214,1010,846,12,\N,\N,1:28.555,215.581
24215,1010,815,13,\N,\N,1:28.485,215.751
24216,1010,848,14,\N,\N,1:28.188,216.478
24217,1010,841,15,\N,\N,1:28.479,215.766
24218,1010,847,16,\N,\N,1:28.713,215.197
24219,1010,9,17,\N,\N,1:29.284,213.821
24220,1010,154,\N,\N,\N,1:28.462,215.807
24221,1010,817,\N,\N,\N,1:29.848,212.478
24222,1010,832,\N,\N,\N,1:30.899,210.022
24223,1011,1,1,1:34:21.295,5661295,1:33.528,208.314
24224,1011,822,2,+2.980,5664275,1:34.209,206.808
24225,1011,844,3,+6.131,5667426,1:33.411,208.575
24226,1011,830,4,+6.408,5667703,1:35.311,204.417
24227,1011,20,5,+36.068,5697363,1:34.895,205.313
24228,1011,846,6,+45.754,5707049,1:35.777,203.422
24229,1011,8,7,+47.470,5708765,1:35.589,203.822
24230,1011,842,8,+58.094,5719389,1:35.291,204.460
24231,1011,848,9,+1:02.697,5723992,1:36.752,201.372
24232,1011,815,10,+1:03.696,5724991,1:36.330,202.254
24233,1011,841,11,+1:04.599,5725894,1:35.237,204.575
24234,1011,826,12,\N,\N,1:34.934,205.228
24235,1011,825,13,\N,\N,1:35.892,203.178
24236,1011,840,14,\N,\N,1:37.037,200.781
24237,1011,847,15,\N,\N,1:37.313,200.211
24238,1011,9,16,\N,\N,1:37.903,199.005
24239,1011,807,\N,\N,\N,1:35.215,204.623
24240,1011,817,\N,\N,\N,1:36.697,201.487
24241,1011,832,\N,\N,\N,1:35.586,203.829
24242,1011,154,\N,\N,\N,1:37.262,200.316
24243,1012,1,1,1:32:06.350,5526350,1:35.892,204.642
24244,1012,822,2,+6.552,5532902,1:34.872,206.842
24245,1012,20,3,+13.774,5540124,1:34.836,206.921
24246,1012,830,4,+27.627,5553977,1:36.143,204.108
24247,1012,844,5,+31.276,5557626,1:34.860,206.869
24248,1012,842,6,+1:29.307,5615657,1:34.742,207.126
24249,1012,817,7,\N,\N,1:38.632,198.957
24250,1012,815,8,\N,\N,1:38.702,198.816
24251,1012,8,9,\N,\N,1:37.812,200.625
24252,1012,848,10,\N,\N,1:38.901,198.416
24253,1012,154,11,\N,\N,1:36.873,202.570
24254,1012,840,12,\N,\N,1:36.678,202.978
24255,1012,825,13,\N,\N,1:37.471,201.327
24256,1012,832,14,\N,\N,1:37.502,201.263
24257,1012,841,15,\N,\N,1:38.048,200.142
24258,1012,847,16,\N,\N,1:37.283,201.716
24259,1012,9,17,\N,\N,1:39.772,196.684
24260,1012,846,18,\N,\N,1:38.346,199.536
24261,1012,826,\N,\N,\N,1:37.975,200.291
24262,1012,807,\N,\N,\N,1:39.677,196.871
24263,1013,822,1,1:31:52.942,5512942,1:44.024,207.748
24264,1013,1,2,+1.524,5514466,1:44.166,207.465
24265,1013,20,3,+11.739,5524681,1:44.629,206.546
24266,1013,830,4,+17.493,5530435,1:44.794,206.221
24267,1013,844,5,+1:09.107,5582049,1:43.009,209.795
24268,1013,815,6,+1:16.416,5589358,1:45.524,204.795
24269,1013,832,7,+1:23.826,5596768,1:45.807,204.247
24270,1013,846,8,+1:40.268,5613210,1:45.394,205.047
24271,1013,840,9,+1:43.816,5616758,1:46.009,203.858
24272,1013,8,10,\N,\N,1:46.479,202.958
24273,1013,848,11,\N,\N,1:45.754,204.349
24274,1013,841,12,\N,\N,1:45.969,203.935
24275,1013,825,13,\N,\N,1:46.682,202.572
24276,1013,807,14,\N,\N,1:47.407,201.204
24277,1013,847,15,\N,\N,1:47.251,201.497
24278,1013,9,16,\N,\N,1:47.709,200.640
24279,1013,842,\N,\N,\N,1:45.712,204.430
24280,1013,154,\N,\N,\N,1:48.517,199.146
24281,1013,826,\N,\N,\N,1:47.681,200.692
24282,1013,817,\N,\N,\N,1:46.767,202.410
24283,1014,1,1,1:35:50.443,5750443,1:18.492,213.499
24284,1014,822,2,+4.074,5754517,1:18.737,212.835
24285,1014,830,3,+7.679,5758122,1:19.769,210.081
24286,1014,20,4,+9.167,5759610,1:19.820,209.947
24287,1014,844,5,+13.361,5763804,1:20.002,209.469
24288,1014,842,6,+19.576,5770019,1:20.536,208.080
24289,1014,825,7,+28.159,5778602,1:20.770,207.478
24290,1014,832,8,+32.342,5782785,1:20.859,207.249
24291,1014,826,9,+33.056,5783499,1:20.726,207.591
24292,1014,154,10,+34.641,5785084,1:21.057,206.743
24293,1014,848,11,+35.445,5785888,1:21.028,206.817
24294,1014,817,12,+36.758,5787201,1:20.615,207.876
24295,1014,807,13,+39.241,5789684,1:21.282,206.171
24296,1014,8,14,+41.803,5792246,1:21.382,205.917
24297,1014,815,15,+46.877,5797320,1:21.859,204.717
24298,1014,841,16,+47.691,5798134,1:21.833,204.782
24299,1014,847,17,\N,\N,1:22.382,203.418
24300,1014,9,18,\N,\N,1:23.202,201.413
24301,1014,840,\N,\N,\N,1:23.226,201.355
24302,1014,846,\N,\N,\N,1:22.561,202.977
24306,1015,1,1,1:43:28.437,6208437,1:16.167,157.721
24307,1015,20,2,+2.602,6211039,1:16.277,157.494
24308,1015,822,3,+3.162,6211599,1:15.163,159.828
24309,1015,830,4,+5.537,6213974,1:16.229,157.593
24310,1015,842,5,+9.946,6218383,1:14.279,161.730
24311,1015,832,6,+53.454,6261891,1:15.891,158.295
24312,1015,826,7,+54.574,6263011,1:16.288,157.471
24313,1015,848,8,+55.200,6263637,1:15.607,158.890
24314,1015,817,9,+1:00.894,6269331,1:15.697,158.701
24315,1015,154,10,+1:01.034,6269471,1:16.746,156.531
24316,1015,846,11,+1:06.801,6275238,1:16.413,157.214
24317,1015,825,14,\N,\N,1:16.992,156.031
24318,1015,815,12,\N,\N,1:16.613,156.803
24319,1015,807,13,\N,\N,1:16.276,157.496
24320,1015,847,15,\N,\N,1:17.038,155.938
24321,1015,840,16,\N,\N,1:16.379,157.284
24322,1015,8,17,\N,\N,1:16.436,157.166
24323,1015,9,18,\N,\N,1:17.388,155.233
24324,1015,841,19,\N,\N,1:16.299,157.448
24325,1015,844,\N,\N,\N,1:19.151,151.775
24326,1016,1,1,1:29:07.084,5347084,1:14.813,209.851
24327,1016,20,2,+3.658,5350742,1:14.875,209.677
24328,1016,844,3,+4.696,5351780,1:14.356,211.140
24329,1016,822,4,+51.043,5398127,1:13.078,214.833
24330,1016,830,5,+57.655,5404739,1:14.767,209.980
24331,1016,817,6,\N,\N,1:16.075,206.370
24332,1016,807,7,\N,\N,1:15.995,206.587
24333,1016,842,8,\N,\N,1:16.157,206.147
24334,1016,840,9,\N,\N,1:16.043,206.456
24335,1016,826,10,\N,\N,1:16.198,206.036
24336,1016,832,11,\N,\N,1:16.471,205.301
24337,1016,815,12,\N,\N,1:16.314,205.723
24338,1016,841,13,\N,\N,1:16.365,205.586
24339,1016,154,14,\N,\N,1:16.245,205.909
24340,1016,8,15,\N,\N,1:15.442,208.101
24341,1016,847,16,\N,\N,1:17.241,203.254
24342,1016,825,17,\N,\N,1:17.309,203.075
24343,1016,9,18,\N,\N,1:17.285,203.139
24344,1016,848,\N,\N,\N,1:17.151,203.491
24345,1016,846,\N,\N,\N,1:18.023,201.217
24346,1017,1,1,1:24:31.198,5071198,1:32.764,226.717
24347,1017,822,2,+18.056,5089254,1:33.586,224.725
24348,1017,844,3,+18.985,5090183,1:33.828,224.146
24349,1017,830,4,+34.905,5106103,1:34.162,223.351
24350,1017,20,5,+1:02.796,5133994,1:32.740,226.775
24351,1017,832,6,+1:35.462,5166660,1:34.561,222.408
24352,1017,8,7,\N,\N,1:34.873,221.677
24353,1017,807,8,\N,\N,1:34.950,221.497
24354,1017,846,9,\N,\N,1:34.754,221.955
24355,1017,842,10,\N,\N,1:35.197,220.922
24356,1017,817,11,\N,\N,1:35.150,221.032
24357,1017,815,12,\N,\N,1:35.014,221.348
24358,1017,840,13,\N,\N,1:34.924,221.558
24359,1017,826,14,\N,\N,1:35.225,220.857
24360,1017,848,15,\N,\N,1:35.029,221.313
24361,1017,841,16,\N,\N,1:35.115,221.113
24362,1017,825,17,\N,\N,1:35.692,219.780
24363,1017,9,18,\N,\N,1:36.608,217.696
24364,1017,847,19,\N,\N,1:35.830,219.463
24365,1017,154,20,\N,\N,1:35.691,219.782
24366,1018,830,1,1:22:01.822,4921822,1:07.475,230.378
24367,1018,844,2,+2.724,4924546,1:07.994,228.620
24368,1018,822,3,+18.960,4940782,1:08.565,226.716
24369,1018,20,4,+19.610,4941432,1:07.676,229.694
24370,1018,1,5,+22.805,4944627,1:08.050,228.432
24371,1018,846,6,\N,\N,1:08.699,226.274
24372,1018,842,7,\N,\N,1:08.790,225.974
24373,1018,832,8,\N,\N,1:08.117,228.207
24374,1018,8,9,\N,\N,1:09.126,224.876
24375,1018,841,10,\N,\N,1:09.051,225.120
24376,1018,815,11,\N,\N,1:09.061,225.087
24377,1018,817,12,\N,\N,1:08.019,228.536
24378,1018,807,13,\N,\N,1:09.248,224.480
24379,1018,840,14,\N,\N,1:09.288,224.350
24380,1018,848,15,\N,\N,1:08.946,225.463
24381,1018,154,16,\N,\N,1:08.987,225.329
24382,1018,826,17,\N,\N,1:09.498,223.672
24383,1018,847,18,\N,\N,1:09.926,222.303
24384,1018,825,19,\N,\N,1:08.903,225.604
24385,1018,9,20,\N,\N,1:10.964,219.051
24386,1019,1,1,1:21:08.452,4868452,1:27.369,242.735
24387,1019,822,2,+24.928,4893380,1:27.406,242.633
24388,1019,844,3,+30.117,4898569,1:29.313,237.452
24389,1019,842,4,+34.692,4903144,1:29.544,236.839
24390,1019,830,5,+39.458,4907910,1:29.272,237.561
24391,1019,832,6,+53.639,4922091,1:29.757,236.277
24392,1019,817,7,+54.401,4922853,1:29.624,236.628
24393,1019,8,8,+1:05.540,4933992,1:30.034,235.551
24394,1019,826,9,+1:06.720,4935172,1:29.910,235.875
24395,1019,807,10,+1:12.733,4941185,1:29.949,235.773
24396,1019,846,11,+1:14.281,4942733,1:29.636,236.596
24397,1019,848,12,+1:15.617,4944069,1:30.872,233.378
24398,1019,840,13,+1:21.086,4949538,1:29.390,237.248
24399,1019,847,14,\N,\N,1:31.013,233.017
24400,1019,9,15,\N,\N,1:31.509,231.754
24401,1019,20,16,\N,\N,1:28.733,239.004
24402,1019,815,17,\N,\N,1:29.456,237.072
24403,1019,841,\N,\N,\N,1:32.464,229.360
24404,1019,154,\N,\N,\N,1:34.350,224.775
24405,1019,825,\N,\N,\N,1:33.425,227.001
24406,1020,830,1,1:44:31.275,6271275,1:16.645,214.839
24407,1020,20,2,+7.333,6278608,1:16.794,214.423
24408,1020,826,3,+8.305,6279580,1:17.708,211.900
24409,1020,840,4,+8.966,6280241,1:17.831,211.566
24410,1020,832,5,+9.583,6280858,1:17.841,211.538
24411,1020,848,6,+10.052,6281327,1:17.850,211.514
24412,1020,154,7,+16.838,6288113,1:17.746,211.797
24413,1020,825,8,+18.765,6290040,1:17.507,212.450
24414,1020,1,9,+19.667,6290942,1:18.811,208.935
24415,1020,9,10,+24.987,6296262,1:19.062,208.271
24416,1020,847,11,+26.404,6297679,1:17.485,212.510
24417,1020,8,12,+42.214,6313489,1:19.563,206.960
24418,1020,841,13,+43.849,6315124,1:19.300,207.646
24419,1020,842,14,\N,\N,1:17.495,212.483
24420,1020,822,\N,\N,\N,1:18.272,210.374
24421,1020,807,\N,\N,\N,1:29.576,183.826
24422,1020,844,\N,\N,\N,1:27.697,187.764
24423,1020,846,\N,\N,\N,1:31.081,180.788
24424,1020,817,\N,\N,\N,1:32.654,177.719
24425,1020,815,\N,\N,\N,\N,\N
24426,1021,1,1,1:35:03.796,5703796,1:18.528,200.840
24427,1021,830,2,+17.796,5721592,1:17.103,204.552
24428,1021,20,3,+1:01.433,5765229,1:19.786,197.673
24429,1021,844,4,+1:05.250,5769046,1:20.493,195.937
24430,1021,832,5,\N,\N,1:21.002,194.706
24431,1021,842,6,\N,\N,1:21.045,194.602
24432,1021,8,7,\N,\N,1:20.880,195.000
24433,1021,822,8,\N,\N,1:19.331,198.807
24434,1021,846,9,\N,\N,1:21.188,194.260
24435,1021,848,10,\N,\N,1:20.621,195.626
24436,1021,815,11,\N,\N,1:21.734,192.962
24437,1021,807,12,\N,\N,1:21.650,193.161
24438,1021,825,13,\N,\N,1:21.008,194.691
24439,1021,817,14,\N,\N,1:20.839,195.098
24440,1021,826,15,\N,\N,1:21.932,192.496
24441,1021,847,16,\N,\N,1:22.386,191.435
24442,1021,840,17,\N,\N,1:20.603,195.670
24443,1021,841,18,\N,\N,1:23.134,189.712
24444,1021,9,19,\N,\N,1:23.436,189.026
24445,1021,154,\N,\N,\N,1:22.809,190.457
24446,1022,844,1,1:23:45.710,5025710,1:46.664,236.390
24447,1022,1,2,+0.981,5026691,1:46.580,236.577
24448,1022,822,3,+12.585,5038295,1:46.465,236.832
24449,1022,20,4,+26.422,5052132,1:46.409,236.957
24450,1022,848,5,+1:21.325,5107035,1:47.507,234.537
24451,1022,815,6,+1:24.448,5110158,1:48.781,231.790
24452,1022,826,7,+1:29.657,5115367,1:48.143,233.157
24453,1022,807,8,+1:46.639,5132349,1:48.349,232.714
24454,1022,842,9,+1:49.168,5134878,1:49.700,229.848
24455,1022,840,10,+1:49.838,5135548,1:48.357,232.697
24456,1022,846,11,\N,\N,1:48.321,232.774
24457,1022,825,12,\N,\N,1:48.677,232.012
24458,1022,154,13,\N,\N,1:49.274,230.744
24459,1022,817,14,\N,\N,1:50.451,228.285
24460,1022,847,15,\N,\N,1:48.860,231.622
24461,1022,8,16,\N,\N,1:48.753,231.850
24462,1022,9,17,\N,\N,1:49.220,230.858
24463,1022,841,18,\N,\N,1:47.560,234.421
24464,1022,832,\N,\N,\N,\N,\N
24465,1022,830,\N,\N,\N,\N,\N
24466,1023,844,1,1:15:26.665,4526665,1:23.009,251.235
24467,1023,822,2,+0.835,4527500,1:22.859,251.690
24468,1023,1,3,+35.199,4561864,1:21.779,255.014
24469,1023,817,4,+45.515,4572180,1:23.466,249.859
24470,1023,807,5,+58.165,4584830,1:23.641,249.337
24471,1023,848,6,+59.315,4585980,1:23.364,250.165
24472,1023,815,7,+1:13.802,4600467,1:23.770,248.953
24473,1023,830,8,+1:14.492,4601157,1:23.143,250.830
24474,1023,841,9,\N,\N,1:24.503,246.793
24475,1023,846,10,\N,\N,1:24.044,248.141
24476,1023,842,11,\N,\N,1:23.885,248.611
24477,1023,840,12,\N,\N,1:24.165,247.784
24478,1023,20,13,\N,\N,1:22.799,251.872
24479,1023,847,14,\N,\N,1:24.842,245.807
24480,1023,8,15,\N,\N,1:24.419,247.039
24481,1023,154,16,\N,\N,1:24.985,245.393
24482,1023,9,17,\N,\N,1:24.989,245.382
24483,1023,825,\N,\N,\N,1:24.443,246.968
24484,1023,826,\N,\N,\N,1:25.772,243.142
24485,1023,832,\N,\N,\N,1:25.637,243.525
24486,1024,20,1,1:58:33.667,7113667,1:44.802,173.916
24487,1024,844,2,+2.641,7116308,1:44.723,174.047
24488,1024,830,3,+3.821,7117488,1:45.176,173.298
24489,1024,1,4,+4.608,7118275,1:44.914,173.730
24490,1024,822,5,+6.119,7119786,1:43.534,176.046
24491,1024,848,6,+11.663,7125330,1:45.260,173.159
24492,1024,846,7,+14.769,7128436,1:45.716,172.412
24493,1024,842,8,+15.547,7129214,1:45.769,172.326
24494,1024,807,9,+16.718,7130385,1:45.765,172.333
24495,1024,841,10,+27.855,7141522,1:45.630,172.553
24496,1024,154,11,+35.436,7149103,1:46.274,171.507
24497,1024,832,12,+35.974,7149641,1:45.969,172.001
24498,1024,840,13,+36.419,7150086,1:44.896,173.760
24499,1024,817,14,+37.660,7151327,1:45.915,172.088
24500,1024,826,15,+38.178,7151845,1:44.371,174.634
24501,1024,9,16,+47.024,7160691,1:46.793,170.674
24502,1024,825,17,+1:26.522,7200189,1:42.301,178.168
24503,1024,8,\N,\N,\N,1:47.062,170.245
24504,1024,815,\N,\N,\N,1:46.683,170.850
24505,1024,847,\N,\N,\N,1:48.285,168.322
24506,1025,1,1,1:33:38.992,5618992,1:35.761,219.847
24507,1025,822,2,+3.829,5622821,1:36.316,218.580
24508,1025,844,3,+5.212,5624204,1:36.193,218.860
24509,1025,830,4,+14.210,5633202,1:36.937,217.180
24510,1025,848,5,+38.348,5657340,1:36.762,217.573
24511,1025,832,6,+45.889,5664881,1:38.020,214.780
24512,1025,815,7,+48.728,5667720,1:38.043,214.730
24513,1025,846,8,+57.749,5676741,1:38.301,214.166
24514,1025,825,9,+58.779,5677771,1:38.130,214.539
24515,1025,807,10,+59.841,5678833,1:38.519,213.692
24516,1025,840,11,+1:00.821,5679813,1:38.611,213.493
24517,1025,826,12,+1:02.496,5681488,1:38.228,214.325
24518,1025,8,13,+1:08.910,5687902,1:38.589,213.541
24519,1025,842,14,+1:10.076,5689068,1:38.606,213.504
24520,1025,841,15,+1:13.346,5692338,1:38.696,213.309
24521,1025,9,\N,\N,\N,1:42.327,205.740
24522,1025,847,\N,\N,\N,1:41.705,206.998
24523,1025,20,\N,\N,\N,1:38.245,214.288
24524,1025,817,\N,\N,\N,1:41.284,207.859
24525,1025,154,\N,\N,\N,\N,\N
24526,1026,822,1,1:21:46.755,4906755,1:31.862,227.571
24527,1026,20,2,+13.343,4920098,1:32.122,226.929
24528,1026,1,3,+13.858,4920613,1:30.983,229.770
24529,1026,848,4,+59.537,4966292,1:32.775,225.332
24530,1026,832,5,+1:09.101,4975856,1:33.563,223.434
24531,1026,844,6,\N,\N,1:31.611,228.195
24532,1026,842,7,\N,\N,1:35.321,219.313
24533,1026,815,8,\N,\N,1:32.621,225.706
24534,1026,840,9,\N,\N,1:34.713,220.721
24535,1026,826,10,\N,\N,1:33.239,224.210
24536,1026,846,11,\N,\N,1:34.116,222.121
24537,1026,8,12,\N,\N,1:33.190,224.328
24538,1026,154,13,\N,\N,1:34.988,220.082
24539,1026,841,14,\N,\N,1:32.369,226.322
24540,1026,825,15,\N,\N,1:31.732,227.894
24541,1026,847,16,\N,\N,1:35.458,218.998
24542,1026,9,17,\N,\N,1:36.332,217.012
24543,1026,830,\N,\N,\N,1:37.249,214.965
24544,1026,817,\N,\N,\N,1:33.481,223.630
24545,1026,807,\N,\N,\N,1:34.921,220.237
24546,1027,1,1,1:36:48.904,5808904,1:19.461,194.993
24547,1027,20,2,+1.766,5810670,1:19.381,195.190
24548,1027,822,3,+3.553,5812457,1:19.494,194.912
24549,1027,844,4,+6.368,5815272,1:19.232,195.557
24550,1027,848,5,+21.399,5830303,1:19.325,195.328
24551,1027,830,6,+1:08.807,5877711,1:20.406,192.702
24552,1027,815,7,+1:13.819,5882723,1:20.485,192.512
24553,1027,817,8,+1:14.924,5883828,1:20.146,193.327
24554,1027,842,9,\N,\N,1:19.530,194.824
24555,1027,807,10,\N,\N,1:20.791,191.783
24556,1027,826,11,\N,\N,1:19.905,193.910
24557,1027,840,12,\N,\N,1:20.922,191.473
24558,1027,832,13,\N,\N,1:20.311,192.929
24559,1027,841,14,\N,\N,1:21.014,191.255
24560,1027,825,15,\N,\N,1:21.682,189.691
24561,1027,847,16,\N,\N,1:21.286,190.615
24562,1027,154,17,\N,\N,1:21.581,189.926
24563,1027,9,18,\N,\N,1:20.696,192.009
24564,1027,8,\N,\N,\N,1:20.082,193.481
24565,1027,846,\N,\N,\N,1:21.643,189.782
24626,1031,822,1,1:30:55.739,5455739,1:07.657,229.758
24566,1028,822,1,1:33:55.653,5635653,1:36.957,204.696
24567,1028,1,2,+4.148,5639801,1:38.446,201.600
24568,1028,830,3,+5.002,5640655,1:38.214,202.077
24569,1028,844,4,+52.239,5687892,1:36.169,206.374
24570,1028,848,5,+1:18.038,5713691,1:38.029,202.458
24571,1028,817,6,+1:30.366,5726019,1:40.564,197.354
24572,1028,846,7,+1:30.764,5726417,1:38.074,202.365
24573,1028,832,8,\N,\N,1:40.844,196.806
24574,1028,807,9,\N,\N,1:38.437,201.619
24575,1028,815,10,\N,\N,1:40.165,198.141
24576,1028,8,11,\N,\N,1:39.608,199.249
24577,1028,826,12,\N,\N,1:38.969,200.535
24578,1028,840,13,\N,\N,1:40.380,197.716
24579,1028,841,14,\N,\N,1:39.964,198.539
24580,1028,154,15,\N,\N,1:41.270,195.979
24581,1028,842,16,\N,\N,1:40.850,196.795
24582,1028,847,17,\N,\N,1:41.239,196.039
24583,1028,825,18,\N,\N,1:40.347,197.781
24584,1028,9,\N,\N,\N,1:43.830,191.147
24585,1028,20,\N,\N,\N,1:42.165,194.262
24586,1029,830,1,1:33:14.678,5594678,1:10.862,218.909
24587,1029,842,2,+6.077,5600755,1:12.425,214.185
24588,1029,832,3,+8.896,5603574,1:13.158,212.039
24589,1029,8,4,+9.452,5604130,1:13.135,212.106
24590,1029,841,5,+10.201,5604879,1:13.020,212.440
24591,1029,817,6,+10.541,5605219,1:12.733,213.278
24592,1029,1,7,+11.139,5605817,1:11.082,218.232
24593,1029,846,8,+11.204,5605882,1:12.328,214.472
24594,1029,815,9,+11.529,5606207,1:12.840,212.965
24595,1029,826,10,+11.931,5606609,1:12.385,214.304
24596,1029,825,11,+12.732,5607410,1:13.262,211.738
24597,1029,847,12,+13.599,5608277,1:13.752,210.331
24598,1029,154,13,+14.247,5608925,1:13.619,210.711
24599,1029,848,14,+14.927,5609605,1:11.087,218.217
24600,1029,807,15,+18.059,5612737,1:12.934,212.690
24601,1029,9,16,\N,\N,1:14.553,208.072
24602,1029,20,17,\N,\N,1:11.384,217.309
24603,1029,844,18,\N,\N,1:11.423,217.190
24604,1029,840,19,\N,\N,1:12.603,213.660
24605,1029,822,\N,\N,\N,1:10.698,219.417
24606,1030,1,1,1:34:05.715,5645715,1:39.283,201.387
24607,1030,830,2,+16.772,5662487,1:41.119,197.731
24608,1030,844,3,+43.435,5689150,1:40.442,199.064
24609,1030,822,4,+44.379,5690094,1:39.715,200.515
24610,1030,20,5,+1:04.357,5710072,1:40.128,199.688
24611,1030,848,6,+1:09.205,5714920,1:42.219,195.603
24612,1030,815,7,\N,\N,1:42.639,194.803
24613,1030,846,8,\N,\N,1:43.026,194.071
24614,1030,826,9,\N,\N,1:42.222,195.597
24615,1030,832,10,\N,\N,1:41.294,197.389
24616,1030,817,11,\N,\N,1:41.190,197.592
24617,1030,807,12,\N,\N,1:43.274,193.605
24618,1030,8,13,\N,\N,1:43.142,193.853
24619,1030,825,14,\N,\N,1:43.790,192.642
24620,1030,154,15,\N,\N,1:43.666,192.873
24621,1030,841,16,\N,\N,1:43.256,193.639
24622,1030,847,17,\N,\N,1:43.074,193.981
24623,1030,842,18,\N,\N,1:42.414,195.231
24624,1030,9,19,\N,\N,1:44.500,191.333
24625,1030,840,\N,\N,\N,1:43.326,193.507
24627,1031,844,2,+2.700,5458439,1:07.901,228.933
24628,1031,846,3,+5.491,5461230,1:07.475,230.378
24629,1031,1,4,+5.689,5461428,1:07.712,229.572
24630,1031,832,5,+8.903,5464642,1:07.974,228.687
24631,1031,815,6,+15.092,5470831,1:08.305,227.579
24632,1031,842,7,+16.682,5472421,1:09.025,225.205
24633,1031,839,8,+17.456,5473195,1:08.932,225.509
24634,1031,841,9,+21.146,5476885,1:08.796,225.954
24635,1031,20,10,+24.545,5480284,1:08.623,226.524
24636,1031,849,11,+31.650,5487389,1:09.662,223.146
24637,1031,826,12,\N,\N,1:09.135,224.847
24638,1031,848,13,\N,\N,1:08.432,227.156
24639,1031,8,\N,\N,\N,1:09.031,225.185
24640,1031,847,\N,\N,\N,1:09.317,224.256
24641,1031,154,\N,\N,\N,1:10.228,221.347
24642,1031,825,\N,\N,\N,1:10.720,219.807
24643,1031,840,\N,\N,\N,1:10.326,221.039
24644,1031,817,\N,\N,\N,1:10.610,220.150
24645,1031,830,\N,\N,\N,1:09.351,224.146
24646,1032,1,1,1:22:50.683,4970683,1:06.719,232.989
24647,1032,822,2,+13.719,4984402,1:07.534,230.177
24648,1032,830,3,+33.698,5004381,1:06.145,235.010
24649,1032,848,4,+44.400,5015083,1:07.299,230.981
24650,1032,846,5,+1:01.470,5032153,1:07.193,231.345
24651,1032,815,6,+1:02.387,5033070,1:07.188,231.362
24652,1032,840,7,+1:02.453,5033136,1:07.833,229.162
24653,1032,817,8,+1:02.591,5033274,1:07.832,229.166
24654,1032,832,9,\N,\N,1:05.619,236.894
24655,1032,826,10,\N,\N,1:08.378,227.336
24656,1032,8,11,\N,\N,1:08.382,227.322
24657,1032,825,12,\N,\N,1:08.009,228.569
24658,1032,154,13,\N,\N,1:08.047,228.442
24659,1032,841,14,\N,\N,1:08.512,226.891
24660,1032,842,15,\N,\N,1:07.827,229.183
24661,1032,847,16,\N,\N,1:08.601,226.597
24662,1032,849,17,\N,\N,1:08.806,225.922
24663,1032,839,\N,\N,\N,1:09.321,224.243
24664,1032,844,\N,\N,\N,1:35.379,162.979
24665,1032,20,\N,\N,\N,\N,\N
24666,1033,1,1,1:36:12.473,5772473,1:16.627,205.823
24667,1033,830,2,+8.702,5781175,1:19.184,199.176
24668,1033,822,3,+9.452,5781925,1:17.665,203.072
24669,1033,840,4,+57.579,5830052,1:18.973,199.708
24670,1033,848,5,+1:18.316,5850789,1:19.440,198.534
24671,1033,20,6,\N,\N,1:20.363,196.254
24672,1033,815,7,\N,\N,1:20.090,196.923
24673,1033,817,8,\N,\N,1:19.532,198.305
24674,1033,832,9,\N,\N,1:20.477,195.976
24675,1033,825,10,\N,\N,1:19.457,198.492
24676,1033,844,11,\N,\N,1:20.821,195.142
24677,1033,826,12,\N,\N,1:20.946,194.841
24678,1033,846,13,\N,\N,1:19.945,197.280
24679,1033,839,14,\N,\N,1:20.261,196.503
24680,1033,8,15,\N,\N,1:20.889,194.978
24681,1033,154,16,\N,\N,1:20.232,196.574
24682,1033,841,17,\N,\N,1:20.096,196.908
24683,1033,847,18,\N,\N,1:19.984,197.184
24684,1033,849,19,\N,\N,1:21.198,194.236
24685,1033,842,\N,\N,\N,1:23.939,187.893
24686,1034,1,1,1:28:01.283,5281283,1:29.238,237.652
24687,1034,830,2,+5.856,5287139,1:27.097,243.494
24688,1034,844,3,+18.474,5299757,1:29.813,236.130
24689,1034,817,4,+19.650,5300933,1:29.482,237.004
24690,1034,846,5,+22.277,5303560,1:30.058,235.488
24691,1034,839,6,+26.937,5308220,1:29.491,236.980
24692,1034,842,7,+31.188,5312471,1:29.603,236.684
24693,1034,848,8,+32.670,5313953,1:28.689,239.123
24694,1034,840,9,+37.311,5318594,1:30.475,234.402
24695,1034,20,10,+41.857,5323140,1:30.537,234.242
24696,1034,822,11,+42.167,5323450,1:29.265,237.580
24697,1034,847,12,+52.004,5333287,1:30.862,233.404
24698,1034,832,13,+53.370,5334653,1:29.948,235.776
24699,1034,841,14,+54.205,5335488,1:30.977,233.109
24700,1034,849,15,+54.549,5335832,1:30.501,234.335
24701,1034,154,16,+55.050,5336333,1:29.782,236.212
24702,1034,8,17,\N,\N,1:29.973,235.710
24703,1034,826,\N,\N,\N,1:32.443,229.412
24704,1034,825,\N,\N,\N,\N,\N
24705,1034,807,\N,\N,\N,\N,\N
24706,1035,830,1,1:19:41.993,4781993,1:29.465,237.049
24707,1035,1,2,+11.326,4793319,1:28.451,239.766
24708,1035,822,3,+19.231,4801224,1:29.765,236.256
24709,1035,844,4,+29.289,4811282,1:30.552,234.203
24710,1035,848,5,+39.146,4821139,1:29.477,237.017
24711,1035,840,6,+42.538,4824531,1:30.877,233.365
24712,1035,807,7,+55.951,4837944,1:30.087,235.412
24713,1035,839,8,+1:04.773,4846766,1:30.575,234.144
24714,1035,846,9,+1:05.544,4847537,1:30.698,233.826
24715,1035,826,10,+1:09.669,4851662,1:30.738,233.723
24716,1035,842,11,+1:10.642,4852635,1:30.092,235.399
24717,1035,20,12,+1:13.370,4855363,1:30.785,233.602
24718,1035,832,13,+1:14.070,4856063,1:30.556,234.193
24719,1035,817,14,\N,\N,1:31.168,232.621
24720,1035,8,15,\N,\N,1:31.756,231.130
24721,1035,154,16,\N,\N,1:30.793,233.581
24722,1035,841,17,\N,\N,1:31.826,230.954
24723,1035,847,18,\N,\N,1:31.408,232.010
24724,1035,849,19,\N,\N,1:29.950,235.770
24725,1035,825,\N,\N,\N,1:31.830,230.944
24726,1036,1,1,1:31:45.279,5505279,1:19.822,209.942
24727,1036,830,2,+24.177,5529456,1:21.477,205.677
24728,1036,822,3,+44.752,5550031,1:18.183,214.343
24729,1036,840,4,\N,\N,1:22.024,204.306
24730,1036,815,5,\N,\N,1:22.515,203.090
24731,1036,832,6,\N,\N,1:21.771,204.938
24732,1036,20,7,\N,\N,1:22.707,202.618
24733,1036,848,8,\N,\N,1:22.194,203.883
24734,1036,842,9,\N,\N,1:22.543,203.021
24735,1036,846,10,\N,\N,1:22.392,203.393
24736,1036,817,11,\N,\N,1:22.464,203.215
24737,1036,826,12,\N,\N,1:22.336,203.531
24738,1036,839,13,\N,\N,1:22.174,203.933
24739,1036,8,14,\N,\N,1:21.888,204.645
24740,1036,825,15,\N,\N,1:23.474,200.757
24741,1036,841,16,\N,\N,1:21.801,204.863
24742,1036,847,17,\N,\N,1:22.503,203.119
24743,1036,849,18,\N,\N,1:22.030,204.291
24744,1036,154,19,\N,\N,1:20.409,208.409
24745,1036,844,\N,\N,\N,1:23.968,199.576
24746,1037,1,1,1:24:08.761,5048761,1:47.758,233.990
24747,1037,822,2,+8.448,5057209,1:47.983,233.503
24748,1037,830,3,+15.455,5064216,1:48.305,232.809
24749,1037,817,4,+18.877,5067638,1:47.483,234.589
24750,1037,839,5,+40.650,5089411,1:48.540,232.305
24751,1037,848,6,+42.712,5091473,1:48.736,231.886
24752,1037,846,7,+43.774,5092535,1:48.552,232.279
24753,1037,842,8,+47.371,5096132,1:47.839,233.815
24754,1037,840,9,+52.603,5101364,1:49.136,231.036
24755,1037,815,10,+53.179,5101940,1:48.389,232.628
24756,1037,826,11,+1:10.200,5118961,1:49.832,229.572
24757,1037,8,12,+1:11.504,5120265,1:49.822,229.593
24758,1037,20,13,+1:12.894,5121655,1:49.958,229.309
24759,1037,844,14,+1:14.920,5123681,1:47.840,233.813
24760,1037,154,15,+1:16.793,5125554,1:50.018,229.184
24761,1037,849,16,+1:17.795,5126556,1:48.048,233.362
24762,1037,825,17,+1:25.540,5134301,1:48.083,233.287
24763,1037,841,\N,\N,\N,1:51.793,225.545
24764,1037,847,\N,\N,\N,1:51.754,225.624
24765,1037,832,\N,\N,\N,\N,\N
24766,1038,842,1,1:47:06.056,6426056,1:24.037,248.162
24767,1038,832,2,+0.415,6426471,1:23.882,248.620
24768,1038,840,3,+3.358,6429414,1:23.897,248.576
24769,1038,846,4,+6.000,6432056,1:24.232,247.587
24770,1038,822,5,+7.108,6433164,1:23.961,248.386
24771,1038,817,6,+8.391,6434447,1:23.898,248.573
24772,1038,1,7,+17.245,6443301,1:22.746,252.033
24773,1038,839,8,+18.691,6444747,1:24.490,246.831
24774,1038,826,9,+22.208,6448264,1:24.479,246.863
24775,1038,815,10,+23.224,6449280,1:24.336,247.282
24776,1038,849,11,+32.876,6458932,1:24.999,245.353
24777,1038,154,12,+35.164,6461220,1:24.785,245.972
24778,1038,8,13,+36.312,6462368,1:24.835,245.827
24779,1038,847,14,+36.593,6462649,1:24.421,247.033
24780,1038,848,15,+37.533,6463589,1:24.926,245.564
24781,1038,841,16,+55.199,6481255,1:24.856,245.766
24782,1038,830,\N,\N,\N,1:25.539,243.804
24783,1038,844,\N,\N,\N,1:26.026,242.424
24784,1038,825,\N,\N,\N,1:25.787,243.099
24785,1038,20,\N,\N,\N,1:27.107,239.415
24786,1039,1,1,2:19:35.060,8375060,1:18.833,239.518
24787,1039,822,2,+4.880,8379940,1:19.432,237.712
24788,1039,848,3,+8.064,8383124,1:20.039,235.909
24789,1039,817,4,+10.417,8385477,1:20.426,234.774
24790,1039,815,5,+15.650,8390710,1:20.632,234.175
24791,1039,846,6,+18.883,8393943,1:21.198,232.542
24792,1039,826,7,+21.756,8396816,1:21.458,231.800
24793,1039,844,8,+28.345,8403405,1:21.229,232.453
24794,1039,8,9,+29.770,8404830,1:21.164,232.640
24795,1039,20,10,+29.983,8405043,1:21.202,232.531
24796,1039,847,11,+32.404,8407464,1:21.645,231.269
24797,1039,154,12,+42.036,8417096,1:22.263,229.532
24798,1039,840,\N,\N,\N,1:22.068,230.077
24799,1039,839,\N,\N,\N,2:11.793,143.270
24800,1039,849,\N,\N,\N,2:11.365,143.736
24801,1039,825,\N,\N,\N,2:13.812,141.108
24802,1039,841,\N,\N,\N,2:13.809,141.111
24803,1039,832,\N,\N,\N,2:14.103,140.802
24804,1039,830,\N,\N,\N,\N,\N
24805,1039,842,\N,\N,\N,\N,\N
24806,1040,822,1,1:34:00.364,5640364,1:37.030,216.972
24807,1040,830,2,+7.729,5648093,1:37.332,216.298
24808,1040,1,3,+22.729,5663093,1:38.075,214.660
24809,1040,815,4,+30.558,5670922,1:38.141,214.515
24810,1040,817,5,+52.065,5692429,1:37.886,215.074
24811,1040,844,6,+1:02.186,5702550,1:39.053,212.540
24812,1040,839,7,+1:08.006,5708370,1:39.216,212.191
24813,1040,826,8,+1:08.740,5709104,1:39.133,212.369
24814,1040,842,9,+1:29.766,5730130,1:37.231,216.523
24815,1040,848,10,+1:37.860,5738224,1:38.377,214.001
24816,1040,841,11,\N,\N,1:39.766,211.021
24817,1040,825,12,\N,\N,1:40.380,209.731
24818,1040,20,13,\N,\N,1:39.588,211.398
24819,1040,8,14,\N,\N,1:38.858,212.960
24820,1040,846,15,\N,\N,1:37.377,216.198
24821,1040,849,16,\N,\N,1:41.044,208.352
24822,1040,154,17,\N,\N,1:39.614,211.343
24823,1040,847,18,\N,\N,1:37.352,216.254
24824,1040,832,\N,\N,\N,\N,\N
24825,1040,840,\N,\N,\N,\N,\N
24826,1041,1,1,1:35:49.641,5749641,1:28.145,210.253
24827,1041,830,2,+4.470,5754111,1:28.139,210.267
24828,1041,817,3,+14.613,5764254,1:29.584,206.876
24829,1041,815,4,+16.070,5765711,1:29.700,206.608
24830,1041,832,5,+21.905,5771546,1:30.129,205.625
24831,1041,842,6,+22.766,5772407,1:30.110,205.668
24832,1041,844,7,+30.814,5780455,1:30.712,204.303
24833,1041,807,8,+32.596,5782237,1:30.733,204.256
24834,1041,154,9,+39.081,5788722,1:31.562,202.407
24835,1041,841,10,+40.035,5789676,1:30.909,203.861
24836,1041,20,11,+40.810,5790451,1:30.408,204.990
24837,1041,8,12,+41.476,5791117,1:30.512,204.755
24838,1041,825,13,+49.585,5799226,1:30.456,204.881
24839,1041,849,14,+54.449,5804090,1:31.377,202.816
24840,1041,826,15,+55.588,5805229,1:32.214,200.975
24841,1041,846,\N,\N,\N,1:32.328,200.727
24842,1041,848,\N,\N,\N,1:32.330,200.723
24843,1041,839,\N,\N,\N,1:33.189,198.873
24844,1041,822,\N,\N,\N,1:31.884,201.697
24845,1041,847,\N,\N,\N,1:34.526,196.060
24846,1042,1,1,1:29:56.828,5396828,1:18.750,212.708
24847,1042,822,2,+25.592,5422420,1:19.345,211.113
24848,1042,830,3,+34.508,5431336,1:19.854,209.767
24849,1042,844,4,+1:05.312,5462140,1:20.408,208.322
24850,1042,842,5,\N,\N,1:20.551,207.952
24851,1042,832,6,\N,\N,1:20.268,208.685
24852,1042,815,7,\N,\N,1:20.802,207.306
24853,1042,839,8,\N,\N,1:20.859,207.160
24854,1042,817,9,\N,\N,1:20.906,207.040
24855,1042,20,10,\N,\N,1:20.731,207.489
24856,1042,8,11,\N,\N,1:21.058,206.652
24857,1042,848,12,\N,\N,1:19.890,209.673
24858,1042,846,13,\N,\N,1:19.360,211.073
24859,1042,847,14,\N,\N,1:20.882,207.101
24860,1042,841,15,\N,\N,1:21.893,204.544
24861,1042,825,16,\N,\N,1:21.460,205.632
24862,1042,154,17,\N,\N,1:21.664,205.118
24863,1042,849,18,\N,\N,1:21.859,204.629
24864,1042,826,19,\N,\N,1:20.449,208.216
24865,1042,840,\N,\N,\N,1:21.694,205.043
24866,1043,1,1,1:28:32.430,5312430,1:15.484,234.121
24867,1043,822,2,+5.783,5318213,1:15.902,232.831
24868,1043,817,3,+14.320,5326750,1:17.552,227.878
24869,1043,826,4,+15.141,5327571,1:17.666,227.543
24870,1043,844,5,+19.111,5331541,1:18.173,226.067
24871,1043,815,6,+19.652,5332082,1:18.084,226.325
24872,1043,832,7,+20.230,5332660,1:18.118,226.226
24873,1043,846,8,+21.131,5333561,1:18.069,226.368
24874,1043,8,9,+22.224,5334654,1:18.088,226.313
24875,1043,841,10,+26.398,5338828,1:18.794,224.286
24876,1043,849,11,+27.135,5339565,1:18.719,224.499
24877,1043,20,12,+28.453,5340883,1:17.767,227.248
24878,1043,840,13,+29.163,5341593,1:18.360,225.528
24879,1043,154,14,+32.935,5345365,1:18.822,224.206
24880,1043,848,15,+57.284,5369714,1:16.177,231.991
24881,1043,847,\N,\N,\N,1:18.811,224.237
24882,1043,830,\N,\N,\N,1:17.637,227.628
24883,1043,825,\N,\N,\N,1:19.273,222.930
24884,1043,839,\N,\N,\N,1:19.606,221.998
24885,1043,842,\N,\N,\N,1:20.403,219.797
24886,1044,1,1,1:42:19.313,6139313,1:39.413,193.302
24887,1044,815,2,+31.633,6170946,1:40.392,191.417
24888,1044,20,3,+31.960,6171273,1:39.662,192.819
24889,1044,844,4,+33.858,6173171,1:39.961,192.242
24890,1044,832,5,+34.363,6173676,1:38.754,194.592
24891,1044,830,6,+44.873,6184186,1:38.431,195.231
24892,1044,848,7,+46.484,6185797,1:39.099,193.915
24893,1044,846,8,+1:01.259,6200572,1:36.806,198.508
24894,1044,840,9,+1:12.353,6211666,1:39.921,192.319
24895,1044,817,10,+1:35.460,6234773,1:40.677,190.875
24896,1044,839,11,\N,\N,1:41.006,190.254
24897,1044,826,12,\N,\N,1:41.019,190.229
24898,1044,842,13,\N,\N,1:39.586,192.966
24899,1044,822,14,\N,\N,1:38.193,195.704
24900,1044,8,15,\N,\N,1:39.743,192.663
24901,1044,847,16,\N,\N,1:40.814,190.616
24902,1044,825,17,\N,\N,1:40.948,190.363
24903,1044,154,\N,\N,\N,1:43.281,186.063
24904,1044,849,\N,\N,\N,1:43.495,185.678
24905,1044,841,\N,\N,\N,1:51.122,172.934
24906,1045,1,1,2:59:47.515,10787515,1:32.864,209.803
24907,1045,830,2,+1.254,10788769,1:32.014,211.741
24908,1045,848,3,+8.005,10795520,1:33.684,207.967
24909,1045,846,4,+11.337,10798852,1:33.588,208.180
24910,1045,832,5,+11.787,10799302,1:33.411,208.575
24911,1045,842,6,+11.942,10799457,1:34.817,205.482
24912,1045,817,7,+19.368,10806883,1:32.827,209.887
24913,1045,822,8,+19.680,10807195,1:33.352,208.706
24914,1045,839,9,+22.803,10810318,1:34.354,206.490
24915,1045,844,10,\N,\N,1:33.625,208.098
24916,1045,826,11,\N,\N,1:34.141,206.957
24917,1045,847,12,\N,\N,1:35.042,204.995
24918,1045,20,13,\N,\N,1:33.861,207.575
24919,1045,849,14,\N,\N,1:34.591,205.973
24920,1045,8,15,\N,\N,1:33.573,208.213
24921,1045,841,16,\N,\N,1:34.536,206.092
24922,1045,825,17,\N,\N,1:35.241,204.567
24923,1045,815,18,\N,\N,1:33.629,208.089
24924,1045,840,\N,\N,\N,\N,\N
24925,1045,154,\N,\N,\N,\N,\N
24926,1046,815,1,1:31:15.114,5475114,0:56.789,224.599
24927,1046,839,2,+10.518,5485632,0:57.350,222.402
24928,1046,840,3,+11.869,5486983,0:57.388,222.255
24929,1046,832,4,+12.580,5487694,0:57.165,223.122
24930,1046,817,5,+13.330,5488444,0:56.979,223.850
24931,1046,848,6,+13.842,5488956,0:57.056,223.548
24932,1046,826,7,+14.534,5489648,0:57.001,223.764
24933,1046,822,8,+15.389,5490503,0:56.563,225.497
24934,1046,847,9,+18.556,5493670,0:55.404,230.214
24935,1046,846,10,+19.541,5494655,0:57.270,222.713
24936,1046,842,11,+20.527,5495641,0:57.220,222.908
24937,1046,20,12,+22.611,5497725,0:56.905,224.141
24938,1046,841,13,+24.111,5499225,0:56.887,224.212
24939,1046,8,14,+26.153,5501267,0:57.375,222.305
24940,1046,825,15,+32.370,5507484,0:57.516,221.760
24941,1046,851,16,+33.674,5508788,0:57.392,222.240
24942,1046,850,17,+36.858,5511972,0:57.742,220.892
24943,1046,849,\N,\N,\N,0:58.206,219.132
24944,1046,830,\N,\N,\N,\N,\N
24945,1046,844,\N,\N,\N,\N,\N
24946,1047,830,1,1:36:28.645,5788645,1:40.958,198.046
24947,1047,822,2,+15.976,5804621,1:41.131,197.707
24948,1047,1,3,+18.415,5807060,1:41.420,197.144
24949,1047,848,4,+19.987,5808632,1:41.227,197.520
24950,1047,846,5,+1:00.729,5849374,1:41.964,196.092
24951,1047,832,6,+1:05.662,5854307,1:41.947,196.125
24952,1047,817,7,+1:13.748,5862393,1:40.926,198.109
24953,1047,842,8,+1:29.718,5878363,1:42.474,195.116
24954,1047,839,9,+1:41.069,5799996,1:42.894,194.320
24955,1047,840,10,+1:42.738,5790314,1:41.866,196.281
24956,1047,826,11,\N,\N,1:42.704,194.679
24957,1047,8,12,\N,\N,1:42.148,195.739
24958,1047,844,13,\N,\N,1:41.908,196.200
24959,1047,20,14,\N,\N,1:41.475,197.037
24960,1047,847,15,\N,\N,1:43.328,193.504
24961,1047,841,16,\N,\N,1:41.675,196.650
24962,1047,849,17,\N,\N,1:42.497,195.073
24963,1047,825,18,\N,\N,1:41.999,196.025
24964,1047,850,19,\N,\N,1:41.707,196.588
24965,1047,815,\N,\N,\N,1:43.263,193.625
24966,1052,1,1,1:32:03.897,5523897,1:34.015,207.235
24967,1052,830,2,+0.745,5524642,1:33.228,208.984
24968,1052,822,3,+37.383,5561280,1:32.090,211.566
24969,1052,846,4,+46.466,5570363,1:34.396,206.398
24970,1052,815,5,+52.047,5575944,1:33.970,207.334
24971,1052,844,6,+59.090,5582987,1:34.988,205.112
24972,1052,817,7,+66.004,5589901,1:34.932,205.233
24973,1052,832,8,+67.100,5590997,1:34.509,206.151
24974,1052,852,9,+85.692,5609589,1:34.761,205.603
24975,1052,840,10,+86.713,5610610,1:34.865,205.378
24976,1052,8,11,+88.864,5612761,1:35.192,204.672
24977,1052,841,12,\N,\N,1:35.122,204.823
24978,1052,839,13,\N,\N,1:35.250,204.548
24979,1052,847,14,\N,\N,1:35.036,205.008
24980,1052,20,15,\N,\N,1:35.566,203.871
24981,1052,854,16,\N,\N,1:36.134,202.667
24982,1052,842,17,\N,\N,1:34.090,207.069
24983,1052,849,18,\N,\N,1:36.602,201.685
24984,1052,4,\N,\N,\N,1:36.063,202.816
24985,1052,853,\N,\N,\N,\N,\N
24986,1053,830,1,2:02:34.598,7354598,1:17.524,227.960
24987,1053,1,2,+22.000,7376598,1:16.702,230.403
24988,1053,846,3,+23.702,7378300,1:18.259,225.819
24989,1053,844,4,+25.579,7380177,1:18.379,225.473
24990,1053,832,5,+27.036,7381634,1:18.490,225.154
24991,1053,817,6,+51.220,7405818,1:19.341,222.739
24992,1053,842,7,+52.818,7407416,1:18.994,223.718
24993,1053,840,8,+56.909,7411507,1:18.782,224.320
24994,1053,839,9,+65.704,7420302,1:19.422,222.512
24995,1053,4,10,+66.561,7421159,1:19.417,222.526
24996,1053,815,11,+67.151,7421749,1:19.396,222.585
24997,1053,852,12,+73.184,7427782,1:18.334,225.603
24998,1053,8,13,+94.773,7449371,1:18.353,225.548
24999,1053,841,14,\N,\N,1:19.470,222.378
25000,1053,20,15,\N,\N,1:19.074,223.491
25001,1053,854,16,\N,\N,1:19.193,223.156
25002,1053,853,17,\N,\N,1:20.402,219.800
25003,1053,822,\N,\N,\N,1:28.485,199.721
25004,1053,847,\N,\N,\N,1:26.543,204.203
25005,1053,849,\N,\N,\N,\N,\N
25006,1054,1,1,1:34:31.421,5671421,1:20.933,206.971
25007,1054,830,2,+29.148,5700569,1:20.695,207.581
25008,1054,822,3,+33.530,5704951,1:19.865,209.738
25009,1054,815,4,+39.735,5711156,1:20.643,207.715
25010,1054,846,5,+51.369,5722790,1:21.696,205.038
25011,1054,844,6,+55.781,5727202,1:21.496,205.541
25012,1054,839,7,+1:03.749,5735170,1:21.886,204.562
25013,1054,4,8,+1:04.808,5673229,1:21.032,206.718
25014,1054,817,9,+1:15.369,5746790,1:21.987,204.310
25015,1054,842,10,+1:16.463,5747884,1:22.014,204.243
25016,1054,832,11,+1:18.955,5750376,1:22.325,203.471
25017,1054,841,12,\N,\N,1:22.167,203.862
25018,1054,20,13,\N,\N,1:22.416,203.246
25019,1054,840,14,\N,\N,1:21.970,204.352
25020,1054,852,15,\N,\N,1:22.058,204.133
25021,1054,847,16,\N,\N,1:22.654,202.661
25022,1054,854,17,\N,\N,1:22.755,202.414
25023,1054,849,18,\N,\N,1:23.155,201.440
25024,1054,853,19,\N,\N,1:23.641,200.270
25025,1054,8,\N,\N,\N,\N,\N
25026,1055,1,1,1:33:07.680,5587680,1:20.665,208.640
25027,1055,830,2,+15.841,5603521,1:18.149,215.357
25028,1055,822,3,+26.610,5614290,1:19.430,211.884
25029,1055,844,4,+54.616,5642296,1:20.459,209.174
25030,1055,815,5,+1:03.671,5651351,1:19.483,211.743
25031,1055,817,6,+1:13.768,5661448,1:21.853,205.612
25032,1055,832,7,+1:14.670,5662350,1:21.568,206.330
25033,1055,846,8,\N,\N,1:21.279,207.064
25034,1055,839,9,\N,\N,1:23.311,202.014
25035,1055,842,10,\N,\N,1:21.375,206.820
25036,1055,840,11,\N,\N,1:22.607,203.735
25037,1055,8,12,\N,\N,1:22.868,203.094
25038,1055,20,13,\N,\N,1:22.820,203.211
25039,1055,847,14,\N,\N,1:23.208,202.264
25040,1055,841,15,\N,\N,1:22.802,203.255
25041,1055,849,16,\N,\N,1:22.905,203.003
25042,1055,4,17,\N,\N,1:21.182,207.311
25043,1055,854,18,\N,\N,1:22.637,203.661
25044,1055,853,19,\N,\N,1:24.040,200.261
25045,1055,852,\N,\N,\N,1:24.825,198.408
25047,1056,832,2,+8.968,5945788,1:14.621,160.989
25046,1056,830,1,1:38:56.820,5936820,1:14.649,160.929
25048,1056,846,3,+19.427,5956247,1:14.670,160.883
25049,1056,815,4,+20.490,5957310,1:14.552,161.138
25050,1056,20,5,+52.591,5989411,1:15.316,159.503
25051,1056,842,6,+53.896,5990716,1:15.412,159.300
25052,1056,1,7,+1:08.231,6005051,1:12.909,164.769
25053,1056,840,8,\N,\N,1:14.674,160.875
25054,1056,839,9,\N,\N,1:15.316,159.503
25055,1056,841,10,\N,\N,1:15.331,159.472
25056,1056,8,11,\N,\N,1:14.971,160.237
25057,1056,817,12,\N,\N,1:14.578,161.082
25058,1056,4,13,\N,\N,1:15.026,160.120
25059,1056,847,14,\N,\N,1:15.539,159.033
25060,1056,849,15,\N,\N,1:15.573,158.961
25061,1056,852,16,\N,\N,1:14.037,162.259
25062,1056,853,17,\N,\N,1:16.866,156.287
25063,1056,854,18,\N,\N,1:16.425,157.189
25064,1056,822,\N,\N,\N,1:15.706,158.682
25065,1056,844,\N,\N,\N,\N,\N
25066,1057,815,1,2:13:36.410,8016410,1:44.687,206.432
25067,1057,20,2,+1.385,8017795,1:44.890,206.032
25068,1057,842,3,+2.762,8019172,1:45.220,205.386
25069,1057,844,4,+3.828,8020238,1:45.382,205.071
25070,1057,846,5,+4.754,8021164,1:45.326,205.180
25071,1057,4,6,+6.382,8022792,1:45.624,204.601
25072,1057,852,7,+6.624,8023034,1:44.939,205.936
25073,1057,832,8,+7.709,8024119,1:45.700,204.454
25074,1057,817,9,+8.874,8025284,1:45.713,204.428
25075,1057,8,10,+9.576,8025986,1:45.601,204.645
25076,1057,841,11,+10.254,8026664,1:45.575,204.696
25077,1057,822,12,+11.264,8027674,1:45.665,204.521
25078,1057,854,13,+14.241,8030651,1:47.624,200.799
25079,1057,853,14,+14.315,8030725,1:47.747,200.569
25080,1057,1,15,+17.668,8034078,1:44.769,206.270
25081,1057,849,16,+43.379,8059789,1:46.608,202.712
25082,1057,847,\N,\N,\N,1:45.959,203.954
25083,1057,830,\N,\N,\N,1:44.481,206.839
25084,1057,840,\N,\N,\N,1:46.207,203.478
25085,1057,839,\N,\N,\N,1:50.850,194.955
25086,1059,830,1,1:27:25.770,5245770,1:36.404,218.156
25087,1059,1,2,+2.904,5248674,1:37.410,215.903
25088,1059,815,3,+8.811,5254581,1:36.693,217.504
25089,1059,822,4,+14.618,5260388,1:36.960,216.905
25090,1059,846,5,+1:04.032,5309802,1:37.425,215.870
25091,1059,817,6,+1:15.857,5321627,1:38.324,213.896
25092,1059,842,7,+1:16.596,5322366,1:38.103,214.378
25093,1059,4,8,+1:17.695,5323465,1:37.646,215.382
25094,1059,20,9,+1:19.666,5325436,1:37.138,216.508
25095,1059,840,10,+1:31.946,5337716,1:37.828,214.981
25096,1059,832,11,+1:39.337,5345107,1:38.931,212.584
25097,1059,847,12,\N,\N,1:38.314,213.918
25098,1059,852,13,\N,\N,1:38.980,212.479
25099,1059,839,14,\N,\N,1:38.645,213.200
25100,1059,841,15,\N,\N,1:38.702,213.077
25101,1059,844,16,\N,\N,1:37.681,215.304
25102,1059,8,17,\N,\N,1:37.992,214.621
25103,1059,849,18,\N,\N,1:38.313,213.920
25104,1059,854,19,\N,\N,1:38.847,212.765
25105,1059,853,20,\N,\N,1:39.317,211.758
25106,1058,830,1,1:22:18.925,4938925,1:08.017,228.542
25107,1058,1,2,+35.743,4974668,1:07.058,231.811
25108,1058,822,3,+46.907,4985832,1:08.619,226.537
25109,1058,815,4,+47.434,4986359,1:07.894,228.956
25110,1058,846,5,\N,\N,1:08.903,225.604
25111,1058,832,6,\N,\N,1:08.609,226.570
25112,1058,844,7,\N,\N,1:08.738,226.145
25113,1058,840,8,\N,\N,1:09.787,222.746
25114,1058,4,9,\N,\N,1:09.749,222.867
25115,1058,852,10,\N,\N,1:09.650,223.184
25116,1058,8,11,\N,\N,1:09.128,224.869
25117,1058,20,12,\N,\N,1:09.821,222.637
25118,1058,817,13,\N,\N,1:09.305,224.295
25119,1058,839,14,\N,\N,1:09.576,223.421
25120,1058,841,15,\N,\N,1:09.723,222.950
25121,1058,854,16,\N,\N,1:10.005,222.052
25122,1058,849,17,\N,\N,1:10.104,221.739
25123,1058,853,18,\N,\N,1:10.951,219.092
25124,1058,847,\N,\N,\N,1:10.499,220.496
25125,1058,842,\N,\N,\N,\N,\N
25126,1060,830,1,1:23:54.543,5034543,1:06.200,234.815
25127,1060,822,2,+17.973,5052516,1:08.374,227.349
25128,1060,846,3,+20.019,5054562,1:08.471,227.027
25129,1060,1,4,+46.452,5080995,1:08.126,228.177
25130,1060,832,5,+57.144,5091687,1:07.762,229.402
25131,1060,815,6,+57.915,5092458,1:08.192,227.956
25132,1060,817,7,+1:00.395,5094938,1:08.820,225.876
25133,1060,844,8,+1:01.195,5095738,1:08.698,226.277
25134,1060,842,9,+1:01.844,5096387,1:08.146,228.110
25135,1060,4,10,\N,\N,1:08.405,227.246
25136,1060,847,11,\N,\N,1:08.900,225.613
25137,1060,852,12,\N,\N,1:08.455,227.080
25138,1060,840,13,\N,\N,1:08.659,226.405
25139,1060,841,14,\N,\N,1:09.042,225.149
25140,1060,8,15,\N,\N,1:08.874,225.699
25141,1060,849,16,\N,\N,1:08.520,226.865
25142,1060,20,17,\N,\N,1:08.420,227.196
25143,1060,854,18,\N,\N,1:09.394,224.007
25144,1060,853,19,\N,\N,1:09.757,222.842
25145,1060,839,\N,\N,\N,\N,\N
25146,1061,1,1,1:58:23.284,7103284,1:29.699,236.430
25147,1061,844,2,+3.871,7107155,1:30.569,234.159
25148,1061,822,3,+11.125,7114409,1:30.524,234.275
25149,1061,846,4,+28.573,7131857,1:31.420,231.979
25150,1061,817,5,+42.624,7145908,1:31.284,232.325
25151,1061,832,6,+43.454,7146738,1:31.223,232.480
25152,1061,4,7,+1:12.093,7175377,1:31.698,231.276
25153,1061,840,8,+1:14.289,7177573,1:31.992,230.537
25154,1061,839,9,+1:16.162,7179446,1:32.210,229.992
25155,1061,852,10,+1:22.065,7185349,1:30.826,233.497
25156,1061,842,11,+1:25.327,7188611,1:30.266,234.945
25157,1061,847,12,\N,\N,1:32.049,230.394
25158,1061,841,13,\N,\N,1:32.346,229.653
25159,1061,849,14,\N,\N,1:32.477,229.328
25160,1061,8,15,\N,\N,1:31.895,230.780
25161,1061,815,16,\N,\N,1:28.617,239.317
25162,1061,853,17,\N,\N,1:32.909,228.262
25163,1061,854,18,\N,\N,1:32.862,228.377
25164,1061,20,\N,\N,\N,1:33.059,227.894
25165,1061,830,\N,\N,\N,\N,\N
25166,1062,839,1,2:04:43.199,7483199,1:21.421,193.704
25167,1062,1,2,+2.736,7485935,1:18.715,200.363
25168,1062,832,3,+15.018,7498217,1:21.423,193.699
25169,1062,4,4,+15.651,7498850,1:20.359,196.264
25170,1062,842,5,+1:03.614,7546813,1:18.394,201.183
25171,1062,852,6,+1:15.803,7559002,1:22.450,191.286
25172,1062,849,7,+1:17.910,7561109,1:22.831,190.406
25173,1062,847,8,+1:19.094,7562293,1:22.112,192.074
25174,1062,830,9,+1:20.244,7563443,1:20.945,194.843
25175,1062,8,10,\N,\N,1:21.518,193.473
25176,1062,817,11,\N,\N,1:22.802,190.473
25177,1062,854,12,\N,\N,1:22.711,190.683
25178,1062,841,13,\N,\N,1:22.736,190.625
25179,1062,853,\N,\N,\N,\N,\N
25180,1062,846,\N,\N,\N,\N,\N
25181,1062,822,\N,\N,\N,\N,\N
25182,1062,815,\N,\N,\N,\N,\N
25183,1062,844,\N,\N,\N,\N,\N
25184,1062,840,\N,\N,\N,\N,\N
25185,1062,20,\N,\N,\N,1:21.459,193.613
25186,1063,830,1,3:27.071,207071,\N,\N
25187,1063,847,2,+1.995,209066,\N,\N
25188,1063,1,3,+2.601,209672,\N,\N
25189,1063,817,4,+4.496,211567,\N,\N
25190,1063,20,5,+7.479,214550,\N,\N
25191,1063,842,6,+10.177,217248,\N,\N
25192,1063,839,7,+11.579,218650,\N,\N
25193,1063,844,8,+12.608,219679,\N,\N
25194,1063,849,9,+15.485,222556,\N,\N
25195,1063,832,10,+16.166,223237,\N,\N
25196,1063,4,11,+20.590,227661,\N,\N
25197,1063,822,12,+22.414,229485,\N,\N
25198,1063,841,13,+24.163,231234,\N,\N
25199,1063,846,14,+27.110,234181,\N,\N
25200,1063,852,15,+28.329,235400,\N,\N
25201,1063,854,16,+29.507,236578,\N,\N
25202,1063,853,17,+31.993,239064,\N,\N
25203,1063,8,18,+36.054,243125,\N,\N
25204,1063,815,19,+38.205,245276,\N,\N
25205,1063,840,20,+44.108,251179,\N,\N
25206,1064,830,1,1:30:05.395,5405395,1:13.275,209.244
25207,1064,1,2,+20.932,5426327,1:11.097,215.654
25208,1064,822,3,+56.460,5461855,1:12.549,211.338
25209,1064,842,4,\N,\N,1:14.818,204.929
25210,1064,844,5,\N,\N,1:14.780,205.033
25211,1064,4,6,\N,\N,1:14.323,206.294
25212,1064,832,7,\N,\N,1:15.260,203.725
25213,1064,815,8,\N,\N,1:13.461,208.714
25214,1064,839,9,\N,\N,1:14.675,205.321
25215,1064,846,10,\N,\N,1:14.236,206.535
25216,1064,817,11,\N,\N,1:14.920,204.650
25217,1064,840,12,\N,\N,1:15.611,202.780
25218,1064,20,13,\N,\N,1:13.958,207.312
25219,1064,841,14,\N,\N,1:15.125,204.091
25220,1064,9,15,\N,\N,1:15.442,203.234
25221,1064,849,16,\N,\N,1:15.790,202.301
25222,1064,847,17,\N,\N,1:15.628,202.734
25223,1064,854,18,\N,\N,1:15.927,201.936
25224,1064,852,\N,\N,\N,1:15.783,202.319
25225,1064,853,\N,\N,\N,1:16.066,201.567
25226,1065,817,1,1:21:54.365,4914365,1:24.812,245.894
25227,1065,846,2,+1.747,4916112,1:24.971,245.434
25228,1065,822,3,+4.921,4919286,1:24.827,245.850
25229,1065,844,4,+7.309,4921674,1:25.319,244.433
25230,1065,815,5,+8.723,4923088,1:25.156,244.901
25231,1065,832,6,+10.535,4924900,1:25.559,243.747
25232,1065,840,7,+15.804,4930169,1:25.853,242.912
25233,1065,4,8,+17.201,4931566,1:25.472,243.995
25234,1065,847,9,+19.742,4934107,1:25.835,242.963
25235,1065,839,10,+20.868,4935233,1:25.566,243.727
25236,1065,849,11,+23.743,4938108,1:25.953,242.630
25237,1065,20,12,+24.621,4938986,1:25.938,242.672
25238,1065,841,13,+27.216,4941581,1:25.718,243.295
25239,1065,9,14,+29.769,4944134,1:25.849,242.924
25240,1065,854,15,+51.088,4965453,1:26.707,240.520
25241,1065,853,\N,\N,\N,1:27.202,239.155
25242,1065,1,\N,\N,\N,1:25.870,242.864
25243,1065,830,\N,\N,\N,1:25.173,244.852
25244,1065,842,\N,\N,\N,1:29.005,234.310
25245,1065,852,\N,\N,\N,\N,\N
25246,1066,1,1,1:30:41.001,5441001,1:37.575,215.760
25247,1066,830,2,+53.271,5494272,1:38.396,213.959
25248,1066,832,3,+1:02.475,5503476,1:39.294,212.024
25249,1066,817,4,+1:05.607,5506608,1:39.124,212.388
25250,1066,822,5,+1:07.533,5508534,1:38.216,214.352
25251,1066,4,6,+1:21.321,5522322,1:38.686,213.331
25252,1066,846,7,+1:27.224,5528225,1:37.423,216.096
25253,1066,8,8,+1:28.955,5529956,1:40.289,209.921
25254,1066,815,9,+1:30.076,5531077,1:39.215,212.193
25255,1066,847,10,+1:40.551,5541552,1:40.596,209.280
25256,1066,840,11,+1:46.198,5547199,1:40.464,209.555
25257,1066,20,12,\N,\N,1:39.251,212.116
25258,1066,842,13,\N,\N,1:38.279,214.214
25259,1066,839,14,\N,\N,1:40.598,209.276
25260,1066,844,15,\N,\N,1:38.994,212.667
25261,1066,841,16,\N,\N,1:39.058,212.530
25262,1066,852,17,\N,\N,1:39.960,210.612
25263,1066,853,18,\N,\N,1:41.713,206.982
25264,1066,849,19,\N,\N,1:40.000,210.528
25265,1066,854,\N,\N,\N,1:40.276,209.948
25266,1067,822,1,1:31:04.103,5464103,1:30.432,212.500
25267,1067,830,2,+14.584,5478687,1:32.759,207.169
25268,1067,815,3,+33.471,5497574,1:32.459,207.841
25269,1067,844,4,+37.814,5501917,1:32.737,207.218
25270,1067,1,5,+41.812,5505915,1:32.763,207.160
25271,1067,842,6,+44.292,5508395,1:32.814,207.046
25272,1067,846,7,+47.213,5511316,1:32.446,207.870
25273,1067,832,8,+51.526,5515629,1:31.921,209.057
25274,1067,840,9,+1:22.018,5546121,1:32.608,207.506
25275,1067,839,10,\N,\N,1:34.584,203.171
25276,1067,841,11,\N,\N,1:32.904,206.845
25277,1067,8,12,\N,\N,1:32.586,207.556
25278,1067,817,13,\N,\N,1:33.255,206.067
25279,1067,852,14,\N,\N,1:32.844,206.979
25280,1067,847,15,\N,\N,1:33.399,205.749
25281,1067,4,16,\N,\N,1:33.252,206.073
25282,1067,849,17,\N,\N,1:33.672,205.149
25283,1067,20,18,\N,\N,1:32.730,207.233
25284,1067,854,19,\N,\N,1:34.209,203.980
25285,1067,853,20,\N,\N,1:35.438,201.353
25286,1069,830,1,1:34:36.552,5676552,1:39.096,200.278
25287,1069,1,2,+1.333,5677885,1:38.485,201.521
25288,1069,815,3,+42.223,5718775,1:39.566,199.333
25289,1069,844,4,+52.246,5728798,1:39.303,199.861
25290,1069,817,5,+1:16.854,5753406,1:40.345,197.785
25291,1069,822,6,+1:20.128,5756680,1:40.147,198.176
25292,1069,832,7,+1:23.545,5760097,1:40.377,197.722
25293,1069,846,8,+1:24.395,5760947,1:40.228,198.016
25294,1069,852,9,\N,\N,1:41.151,196.209
25295,1069,20,10,\N,\N,1:40.481,197.517
25296,1069,841,11,\N,\N,1:41.145,196.221
25297,1069,840,12,\N,\N,1:41.189,196.135
25298,1069,8,13,\N,\N,1:41.340,195.843
25299,1069,847,14,\N,\N,1:41.120,196.269
25300,1069,849,15,\N,\N,1:41.818,194.924
25301,1069,854,16,\N,\N,1:41.395,195.737
25302,1069,853,17,\N,\N,1:42.886,192.900
25303,1069,4,\N,\N,\N,1:40.067,198.335
25304,1069,839,\N,\N,\N,1:42.194,194.207
25305,1069,842,\N,\N,\N,1:42.015,194.547
25306,1070,830,1,1:38:39.086,5919086,1:18.999,196.134
25307,1070,1,2,+16.555,5935641,1:19.820,194.116
25308,1070,815,3,+17.752,5936838,1:19.468,194.976
25309,1070,842,4,+1:03.845,5982931,1:20.510,192.453
25310,1070,844,5,+1:21.037,6000123,1:20.665,192.083
25311,1070,832,6,\N,\N,1:20.081,193.484
25312,1070,20,7,\N,\N,1:20.460,192.572
25313,1070,8,8,\N,\N,1:20.713,191.969
25314,1070,4,9,\N,\N,1:20.711,191.973
25315,1070,846,10,\N,\N,1:20.617,192.197
25316,1070,841,11,\N,\N,1:21.523,190.061
25317,1070,817,12,\N,\N,1:21.069,191.126
25318,1070,839,13,\N,\N,1:21.348,190.470
25319,1070,840,14,\N,\N,1:20.930,191.454
25320,1070,822,15,\N,\N,1:17.774,199.223
25321,1070,847,16,\N,\N,1:22.016,188.919
25322,1070,849,17,\N,\N,1:21.546,190.008
25323,1070,853,18,\N,\N,1:21.402,190.344
25324,1070,854,\N,\N,\N,\N,\N
25325,1070,852,\N,\N,\N,\N,\N
25326,1071,1,1,1:32:22.851,5542851,1:11.982,215.503
25327,1071,830,2,+10.496,5553347,1:12.486,214.005
25328,1071,822,3,+13.576,5556427,1:12.526,213.887
25329,1071,815,4,+39.940,5582791,1:11.010,218.453
25330,1071,844,5,+49.517,5592368,1:12.822,213.018
25331,1071,832,6,+51.820,5594671,1:12.710,213.346
25332,1071,842,7,\N,\N,1:13.227,211.839
25333,1071,839,8,\N,\N,1:14.430,208.415
25334,1071,4,9,\N,\N,1:13.922,209.848
25335,1071,846,10,\N,\N,1:13.761,210.306
25336,1071,20,11,\N,\N,1:13.634,210.668
25337,1071,8,12,\N,\N,1:12.621,213.607
25338,1071,847,13,\N,\N,1:14.355,208.626
25339,1071,841,14,\N,\N,1:14.227,208.985
25340,1071,852,15,\N,\N,1:14.204,209.050
25341,1071,849,16,\N,\N,1:14.616,207.896
25342,1071,853,17,\N,\N,1:14.954,206.958
25343,1071,854,18,\N,\N,1:13.793,210.215
25344,1071,817,\N,\N,\N,1:14.443,208.379
25345,1071,840,\N,\N,\N,1:15.344,205.887
25346,1051,1,1,1:24:28.471,5068471,1:25.084,227.633
25347,1051,830,2,+25.743,5094214,1:23.196,232.799
25348,1051,4,3,+59.457,5127928,1:26.682,223.437
25349,1051,815,4,+1:02.306,5130777,1:25.613,226.227
25350,1051,839,5,+1:20.570,5149041,1:27.061,222.464
25351,1051,840,6,+1:21.274,5149745,1:27.356,221.713
25352,1051,832,7,+1:21.911,5150382,1:26.570,223.726
25353,1051,844,8,+1:23.126,5151597,1:26.555,223.765
25354,1051,846,9,\N,\N,1:25.746,225.876
25355,1051,20,10,\N,\N,1:26.434,224.078
25356,1051,842,11,\N,\N,1:27.019,222.572
25357,1051,817,12,\N,\N,1:27.198,222.115
25358,1051,852,13,\N,\N,1:27.043,222.510
25359,1051,8,14,\N,\N,1:26.358,224.275
25360,1051,841,15,\N,\N,1:27.823,220.534
25361,1051,854,16,\N,\N,1:28.412,219.065
25362,1051,847,17,\N,\N,1:25.768,225.818
25363,1051,853,18,\N,\N,1:27.340,221.754
25364,1051,849,\N,\N,\N,1:28.732,218.275
25365,1051,822,\N,\N,\N,1:27.246,221.992
25366,1072,1,1,2:06:15.118,7575118,1:30.734,244.962
25367,1072,830,2,+11.825,7586943,1:31.488,242.943
25368,1072,822,3,+27.531,7602649,1:31.408,243.155
25369,1072,839,4,+27.633,7602751,1:31.797,242.125
25370,1072,817,5,+40.121,7615239,1:32.716,239.725
25371,1072,842,6,+41.613,7616731,1:32.297,240.813
25372,1072,844,7,+44.475,7619593,1:31.601,242.643
25373,1072,832,8,+46.606,7621724,1:31.851,241.983
25374,1072,841,9,+58.505,7633623,1:32.865,239.340
25375,1072,846,10,+1:01.358,7636476,1:31.914,241.817
25376,1072,840,11,+1:17.212,7652330,1:32.804,239.498
25377,1072,849,12,+1:23.249,7658367,1:32.751,239.635
25378,1072,4,13,\N,\N,1:31.633,242.558
25379,1072,852,14,\N,\N,1:32.506,240.269
25380,1072,8,15,\N,\N,1:32.778,239.565
25381,1072,20,\N,\N,\N,1:34.030,236.375
25382,1072,815,\N,\N,\N,1:34.138,236.104
25383,1072,853,\N,\N,\N,1:37.043,229.036
25384,1072,847,\N,\N,\N,1:36.130,231.211
25385,1072,854,\N,\N,\N,1:36.043,231.421
25386,1073,830,1,1:30:17.345,5417345,1:26.103,220.800
25387,1073,1,2,+2.256,5419601,1:26.615,219.495
25388,1073,832,3,+5.173,5422518,1:27.618,216.982
25389,1073,852,4,+5.692,5423037,1:27.496,217.285
25390,1073,842,5,+6.531,5423876,1:27.342,217.668
25391,1073,822,6,+7.463,5424808,1:26.862,218.871
25392,1073,846,7,+59.200,5476545,1:26.762,219.123
25393,1073,4,8,+1:01.708,5479053,1:27.607,217.010
25394,1073,839,9,+1:04.026,5481371,1:28.249,215.431
25395,1073,844,10,+1:06.057,5483402,1:28.433,214.983
25396,1073,20,11,+1:07.527,5484872,1:28.303,215.299
25397,1073,817,12,\N,\N,1:28.723,214.280
25398,1073,840,13,\N,\N,1:28.567,214.657
25399,1073,854,14,\N,\N,1:29.457,212.522
25400,1073,815,15,\N,\N,1:26.419,219.993
25401,1073,849,\N,\N,\N,1:29.293,212.912
25402,1073,841,\N,\N,\N,1:29.442,212.557
25403,1073,847,\N,\N,\N,1:30.647,209.732
25404,1073,8,\N,\N,\N,1:29.698,211.951
25405,1073,853,\N,\N,\N,\N,\N
25406,1074,844,1,1:37:33.584,5853584,1:34.570,206.018
25407,1074,832,2,+5.598,5859182,1:35.740,203.501
25408,1074,1,3,+9.675,5863259,1:36.228,202.469
25409,1074,847,4,+11.211,5864795,1:36.302,202.313
25410,1074,825,5,+14.754,5868338,1:36.623,201.641
25411,1074,822,6,+16.119,5869703,1:36.599,201.691
25412,1074,839,7,+19.423,5873007,1:37.110,200.630
25413,1074,852,8,+20.386,5873970,1:37.104,200.642
25414,1074,4,9,+22.390,5875974,1:36.733,201.412
25415,1074,855,10,+23.064,5876648,1:36.685,201.512
25416,1074,854,11,+32.574,5886158,1:36.956,200.948
25417,1074,840,12,+45.873,5899457,1:37.146,200.555
25418,1074,848,13,+53.932,5907516,1:37.355,200.125
25419,1074,817,14,+54.975,5908559,1:37.261,200.318
25420,1074,846,15,+56.335,5909919,1:36.988,200.882
25421,1074,849,16,+1:01.795,5915379,1:38.251,198.300
25422,1074,807,17,+1:03.829,5917413,1:38.201,198.401
25423,1074,815,18,\N,\N,1:36.089,202.762
25424,1074,830,19,\N,\N,1:35.440,204.140
25425,1074,842,\N,\N,\N,1:37.324,200.189
25426,1075,830,1,1:24:19.293,5059293,1:31.772,242.191
25427,1075,844,2,+0.549,5059842,1:31.634,242.556
25428,1075,832,3,+8.097,5067390,1:31.905,241.841
25429,1075,815,4,+10.800,5070093,1:32.042,241.481
25430,1075,847,5,+32.732,5092025,1:32.821,239.454
25431,1075,839,6,+56.017,5115310,1:33.103,238.729
25432,1075,846,7,+56.124,5115417,1:32.753,239.629
25433,1075,842,8,+1:02.946,5122239,1:33.468,237.796
25434,1075,825,9,+1:04.308,5123601,1:32.779,239.562
25435,1075,1,10,+1:13.948,5133241,1:32.997,239.001
25436,1075,855,11,+1:22.215,5141508,1:33.924,236.642
25437,1075,807,12,+1:31.742,5151035,1:33.651,237.332
25438,1075,840,13,\N,\N,1:34.446,235.334
25439,1075,848,14,\N,\N,1:34.368,235.528
25440,1075,822,\N,\N,\N,1:33.979,236.503
25441,1075,4,\N,\N,\N,1:33.831,236.876
25442,1075,817,\N,\N,\N,1:34.487,235.232
25443,1075,849,\N,\N,\N,1:37.530,227.892
25444,1075,852,\N,\N,\N,\N,\N
25445,1075,854,\N,\N,\N,\N,\N
25446,1076,844,1,1:27:46.548,5266548,1:20.260,236.740
25447,1076,815,2,+20.524,5287072,1:21.094,234.305
25448,1076,847,3,+25.593,5292141,1:21.495,233.152
25449,1076,1,4,+28.543,5295091,1:21.886,232.039
25450,1076,846,5,+53.303,5319851,1:22.248,231.018
25451,1076,817,6,+53.737,5320285,1:22.451,230.449
25452,1076,839,7,+1:01.683,5328231,1:22.469,230.399
25453,1076,822,8,+1:08.439,5334987,1:21.651,232.707
25454,1076,842,9,+1:16.221,5342769,1:22.731,229.669
25455,1076,848,10,+1:19.382,5345930,1:22.589,230.064
25456,1076,855,11,+1:21.695,5348243,1:22.541,230.198
25457,1076,840,12,+1:28.598,5355146,1:23.592,227.304
25458,1076,854,13,\N,\N,1:23.006,228.908
25459,1076,825,14,\N,\N,1:23.071,228.729
25460,1076,852,15,\N,\N,1:23.342,227.985
25461,1076,849,16,\N,\N,1:23.882,226.518
25462,1076,4,17,\N,\N,1:20.846,235.024
25463,1076,830,\N,\N,\N,1:21.677,232.633
25464,1076,20,\N,\N,\N,1:25.189,223.042
25465,1076,832,\N,\N,\N,\N,\N
25466,1077,830,1,1:32:07.986,5527986,1:18.446,225.281
25467,1077,815,2,+16.527,5544513,1:18.949,223.845
25468,1077,846,3,+34.834,5562820,1:20.903,218.439
25469,1077,847,4,+42.506,5570492,1:20.962,218.280
25470,1077,822,5,+43.181,5571167,1:20.758,218.831
25471,1077,844,6,+56.072,5584058,1:18.574,224.914
25472,1077,852,7,+1:01.110,5589096,1:20.544,219.412
25473,1077,20,8,+1:10.892,5598878,1:21.211,217.610
25474,1077,825,9,+1:15.260,5603246,1:21.238,217.538
25475,1077,840,10,\N,\N,1:21.750,216.176
25476,1077,848,11,\N,\N,1:21.757,216.157
25477,1077,842,12,\N,\N,1:21.713,216.274
25478,1077,1,13,\N,\N,1:21.419,217.054
25479,1077,839,14,\N,\N,1:21.887,215.814
25480,1077,855,15,\N,\N,1:21.286,217.410
25481,1077,849,16,\N,\N,1:21.338,217.271
25482,1077,854,17,\N,\N,1:18.999,223.704
25483,1077,817,18,\N,\N,1:21.577,216.634
25484,1077,4,\N,\N,\N,1:39.685,177.282
25485,1077,832,\N,\N,\N,\N,\N
25486,1078,830,1,1:34:24.258,5664258,1:31.361,213.255
25487,1078,844,2,+3.786,5668044,1:31.488,212.959
25488,1078,832,3,+8.229,5672487,1:31.790,212.258
25489,1078,815,4,+10.638,5674896,1:31.819,212.191
25490,1078,847,5,+18.582,5682840,1:32.195,211.325
25491,1078,1,6,+21.368,5685626,1:32.941,209.629
25492,1078,822,7,+25.073,5689331,1:33.184,209.083
25493,1078,839,8,+28.386,5692644,1:33.163,209.130
25494,1078,848,9,+32.365,5696623,1:33.447,208.494
25495,1078,840,10,+37.026,5701284,1:33.312,208.796
25496,1078,4,11,+37.128,5701386,1:33.331,208.753
25497,1078,852,12,+40.146,5704404,1:33.035,209.417
25498,1078,817,13,+40.902,5705160,1:33.265,208.901
25499,1078,849,14,+49.936,5714194,1:34.169,206.896
25500,1078,854,15,+1:13.305,5737563,1:32.528,210.565
25501,1078,825,16,\N,\N,1:33.511,208.351
25502,1078,20,17,\N,\N,1:33.479,208.423
25503,1078,842,\N,\N,\N,1:34.487,206.199
25504,1078,846,\N,\N,\N,1:33.411,208.575
25505,1078,855,\N,\N,\N,1:35.731,203.520
25506,1079,830,1,1:37:20.475,5840475,1:25.456,196.943
25507,1079,815,2,+13.072,5853547,1:24.108,200.099
25508,1079,847,3,+32.927,5873402,1:24.636,198.851
25509,1079,832,4,+45.208,5885683,1:25.985,195.731
25510,1079,1,5,+54.534,5895009,1:24.253,199.755
25511,1079,822,6,+59.976,5900451,1:26.395,194.802
25512,1079,839,7,+1:15.397,5915872,1:25.935,195.845
25513,1079,846,8,+1:23.235,5923710,1:25.619,196.568
25514,1079,4,9,\N,\N,1:26.599,194.344
25515,1079,852,10,\N,\N,1:26.828,193.831
25516,1079,20,11,\N,\N,1:27.629,192.059
25517,1079,817,12,\N,\N,1:27.285,192.816
25518,1079,842,13,\N,\N,1:26.987,193.477
25519,1079,854,14,\N,\N,1:27.447,192.459
25520,1079,840,15,\N,\N,1:26.876,193.724
25521,1079,849,16,\N,\N,1:27.246,192.902
25522,1079,825,17,\N,\N,1:27.537,192.261
25523,1079,848,18,\N,\N,1:28.281,190.641
25524,1079,855,\N,\N,\N,1:28.415,190.352
25525,1079,844,\N,\N,\N,1:27.030,193.381
25526,1080,815,1,1:56:30.265,6990265,1:16.028,158.010
25527,1080,832,2,+1.154,6991419,1:16.421,157.197
25528,1080,830,3,+1.491,6991756,1:16.052,157.960
25529,1080,844,4,+2.922,6993187,1:16.249,157.552
25530,1080,847,5,+11.968,7002233,1:16.830,156.360
25531,1080,846,6,+12.231,7002496,1:14.693,160.834
25532,1080,4,7,+46.358,7036623,1:15.882,158.314
25533,1080,1,8,+50.388,7040653,1:17.203,155.605
25534,1080,822,9,+52.525,7042790,1:17.600,154.809
25535,1080,20,10,+53.536,7043801,1:17.558,154.893
25536,1080,842,11,+54.289,7044554,1:17.344,155.321
25537,1080,839,12,+55.644,7045909,1:17.571,154.867
25538,1080,817,13,+57.635,7047900,1:17.532,154.945
25539,1080,840,14,+1:00.802,7051067,1:17.672,154.665
25540,1080,849,15,\N,\N,1:18.579,152.880
25541,1080,855,16,\N,\N,1:18.200,153.621
25542,1080,852,17,\N,\N,1:15.334,159.465
25543,1080,848,\N,\N,\N,1:18.023,153.969
25544,1080,854,\N,\N,\N,1:24.778,141.701
25545,1080,825,\N,\N,\N,1:33.754,128.135
25546,1081,830,1,1:34:05.941,5645941,1:46.050,203.779
25547,1081,815,2,+20.823,5666764,1:46.046,203.787
25548,1081,847,3,+45.995,5691936,1:47.177,201.636
25549,1081,1,4,+1:11.679,5717620,1:47.044,201.887
25550,1081,842,5,+1:17.299,5723240,1:48.519,199.143
25551,1081,20,6,+1:24.099,5730040,1:48.206,199.719
25552,1081,4,7,+1:28.596,5734537,1:47.989,200.120
25553,1081,817,8,+1:32.207,5738148,1:48.276,199.589
25554,1081,846,9,+1:32.556,5738497,1:47.997,200.105
25555,1081,839,10,+1:48.184,5754125,1:48.297,199.551
25556,1081,822,11,\N,\N,1:48.179,199.768
25557,1081,848,12,\N,\N,1:47.966,200.163
25558,1081,852,13,\N,\N,1:47.523,200.987
25559,1081,854,14,\N,\N,1:48.410,199.343
25560,1081,849,15,\N,\N,1:49.583,197.209
25561,1081,840,16,\N,\N,1:48.038,200.029
25562,1081,825,\N,\N,\N,1:48.789,198.648
25563,1081,855,\N,\N,\N,1:48.723,198.769
25564,1081,844,\N,\N,\N,1:47.531,200.972
25565,1081,832,\N,\N,\N,1:48.978,198.304
25566,1082,830,1,1:36:21.757,5781757,1:15.839,207.012
25567,1082,832,2,+0.993,5782750,1:15.749,207.258
25568,1082,1,3,+7.006,5788763,1:16.167,206.120
25569,1082,847,4,+12.313,5794070,1:16.418,205.443
25570,1082,844,5,+15.168,5796925,1:15.901,206.843
25571,1082,839,6,+23.890,5805647,1:17.110,203.600
25572,1082,822,7,+25.247,5807004,1:17.010,203.864
25573,1082,855,8,+26.952,5808709,1:16.927,204.084
25574,1082,4,9,+29.945,5811702,1:16.578,205.014
25575,1082,840,10,+38.222,5819979,1:17.421,202.782
25576,1082,817,11,+43.047,5824804,1:17.932,201.452
25577,1082,20,12,+44.245,5826002,1:17.956,201.390
25578,1082,848,13,+44.893,5826650,1:17.951,201.403
25579,1082,842,14,+45.183,5826940,1:17.810,201.768
25580,1082,846,15,+52.145,5833902,1:17.495,202.588
25581,1082,849,16,+59.978,5841735,1:18.540,199.893
25582,1082,825,17,+1:08.180,5849937,1:18.046,201.158
25583,1082,852,\N,\N,\N,1:18.309,200.482
25584,1082,854,\N,\N,\N,1:18.967,198.812
25585,1082,815,\N,\N,\N,1:18.844,199.122
25586,1083,832,1,2:17:50.311,8270311,1:30.813,233.530
25587,1083,815,2,+3.779,8274090,1:30.937,233.212
25588,1083,1,3,+6.225,8276536,1:30.510,234.312
25589,1083,844,4,+8.546,8278857,1:31.282,232.330
25590,1083,4,5,+9.571,8279882,1:31.609,231.501
25591,1083,846,6,+11.943,8282254,1:31.645,231.410
25592,1083,830,7,+18.777,8289088,1:32.354,229.633
25593,1083,854,8,+18.995,8289306,1:32.109,230.244
25594,1083,20,9,+22.356,8292667,1:32.471,229.343
25595,1083,825,10,+24.590,8294901,1:32.661,228.872
25596,1083,840,11,+26.147,8296458,1:32.379,229.571
25597,1083,849,12,+32.511,8302822,1:33.286,227.339
25598,1083,817,13,+32.817,8303128,1:32.644,228.914
25599,1083,852,14,+40.910,8311221,1:33.832,226.016
25600,1083,839,\N,\N,\N,1:33.537,226.729
25601,1083,842,\N,\N,\N,1:34.614,224.148
25602,1083,822,\N,\N,\N,1:35.103,222.996
25603,1083,847,\N,\N,\N,\N,\N
25604,1083,855,\N,\N,\N,\N,\N
25605,1083,848,\N,\N,\N,\N,\N
25606,1084,844,1,1:24:24.312,5064312,1:07.583,230.010
25607,1084,830,2,+1.532,5065844,1:07.275,231.063
25608,1084,1,3,+41.217,5105529,1:09.000,225.286
25609,1084,847,4,+58.972,5123284,1:09.075,225.042
25610,1084,839,5,+1:08.436,5132748,1:09.559,223.476
25611,1084,854,6,\N,\N,1:09.625,223.264
25612,1084,846,7,\N,\N,1:09.304,224.298
25613,1084,825,8,\N,\N,1:09.938,222.265
25614,1084,817,9,\N,\N,1:09.924,222.309
25615,1084,4,10,\N,\N,1:08.558,226.739
25616,1084,822,11,\N,\N,1:09.266,224.421
25617,1084,848,12,\N,\N,1:09.669,223.123
25618,1084,840,13,\N,\N,1:10.048,221.916
25619,1084,855,14,\N,\N,1:09.380,224.053
25620,1084,842,15,\N,\N,1:10.104,221.739
25621,1084,852,16,\N,\N,1:10.023,221.995
25622,1084,20,17,\N,\N,1:10.001,222.065
25623,1084,832,\N,\N,\N,1:08.649,226.438
25624,1084,849,\N,\N,\N,1:10.890,219.280
25625,1084,815,\N,\N,\N,1:11.843,216.371
25626,1085,830,1,1:30:02.112,5402112,1:37.491,215.724
25627,1085,1,2,+10.587,5412699,1:37.668,215.333
25628,1085,847,3,+16.495,5418607,1:37.548,215.598
25629,1085,815,4,+17.310,5419422,1:37.780,215.086
25630,1085,832,5,+28.872,5430984,1:35.781,219.575
25631,1085,4,6,+42.879,5444991,1:38.160,214.254
25632,1085,846,7,+52.026,5454138,1:39.037,212.356
25633,1085,839,8,+56.959,5459071,1:38.684,213.116
25634,1085,817,9,+1:00.372,5462484,1:39.133,212.151
25635,1085,840,10,+1:02.549,5464661,1:39.185,212.040
25636,1085,20,11,+1:04.494,5466606,1:39.044,212.341
25637,1085,842,12,+1:05.448,5467560,1:38.786,212.896
25638,1085,848,13,+1:08.565,5470677,1:39.199,212.010
25639,1085,822,14,+1:16.666,5478778,1:37.963,214.685
25640,1085,854,15,+1:20.394,5482506,1:39.068,212.290
25641,1085,855,16,\N,\N,1:39.368,211.649
25642,1085,849,\N,\N,\N,1:39.650,211.050
25643,1085,825,\N,\N,\N,1:39.265,211.869
25644,1085,844,\N,\N,\N,1:38.088,214.411
25645,1085,852,\N,\N,\N,1:40.216,209.858
25646,1086,830,1,1:39:35.912,5975912,1:22.126,192.041
25647,1086,1,2,+7.834,5983746,1:21.386,193.787
25648,1086,847,3,+12.337,5988249,1:22.766,190.556
25649,1086,832,4,+14.579,5990491,1:22.000,192.336
25650,1086,815,5,+15.688,5991600,1:21.940,192.477
25651,1086,844,6,+16.047,5991959,1:21.622,193.227
25652,1086,846,7,+1:18.300,6054212,1:23.043,189.920
25653,1086,4,8,\N,\N,1:23.979,187.804
25654,1086,839,9,\N,\N,1:24.149,187.424
25655,1086,20,10,\N,\N,1:22.824,190.423
25656,1086,840,11,\N,\N,1:22.437,191.317
25657,1086,842,12,\N,\N,1:23.199,189.564
25658,1086,855,13,\N,\N,1:22.029,192.268
25659,1086,854,14,\N,\N,1:23.151,189.674
25660,1086,817,15,\N,\N,1:23.654,188.533
25661,1086,825,16,\N,\N,1:23.511,188.856
25662,1086,848,17,\N,\N,1:23.047,189.911
25663,1086,849,18,\N,\N,1:22.478,191.221
25664,1086,852,19,\N,\N,1:23.538,188.795
25665,1086,822,20,\N,\N,1:24.002,187.752
25666,1087,830,1,1:25:52.894,5152894,1:49.354,230.575
25667,1087,815,2,+17.841,5170735,1:50.764,227.640
25668,1087,832,3,+26.886,5179780,1:51.977,225.174
25669,1087,847,4,+29.140,5182034,1:50.793,227.581
25670,1087,4,5,+1:13.256,5226150,1:52.868,223.397
25671,1087,844,6,+1:14.936,5227830,1:49.984,229.255
25672,1087,839,7,+1:15.640,5228534,1:51.717,225.698
25673,1087,20,8,+1:18.107,5231001,1:52.515,224.098
25674,1087,842,9,+1:32.181,5245075,1:53.002,223.132
25675,1087,848,10,+1:41.900,5254794,1:53.055,223.027
25676,1087,840,11,+1:43.078,5255972,1:52.880,223.373
25677,1087,846,12,+1:44.739,5257633,1:51.678,225.777
25678,1087,852,13,+1:45.217,5258111,1:52.436,224.255
25679,1087,855,14,+1:46.252,5259146,1:52.317,224.493
25680,1087,817,15,+1:47.163,5260057,1:53.080,222.978
25681,1087,825,16,\N,\N,1:53.332,222.482
25682,1087,854,17,\N,\N,1:52.646,223.837
25683,1087,849,18,\N,\N,1:52.256,224.615
25684,1087,822,\N,\N,\N,\N,\N
25685,1087,1,\N,\N,\N,\N,\N
25686,1088,830,1,1:36:42.773,5802773,1:13.652,208.173
25687,1088,847,2,+4.071,5806844,1:13.671,208.119
25688,1088,844,3,+10.929,5813702,1:14.413,206.044
25689,1088,1,4,+13.016,5815789,1:13.854,207.604
25690,1088,815,5,+18.168,5820941,1:14.404,206.069
25691,1088,4,6,+18.754,5821527,1:14.144,206.792
25692,1088,846,7,+19.306,5822079,1:14.706,205.236
25693,1088,832,8,+20.916,5823689,1:14.643,205.409
25694,1088,839,9,+21.117,5823890,1:15.084,204.203
25695,1088,840,10,+22.459,5825232,1:15.043,204.314
25696,1088,842,11,+27.009,5829782,1:15.165,203.983
25697,1088,848,12,+30.390,5833163,1:15.534,202.986
25698,1088,854,13,+32.995,5835768,1:15.233,203.798
25699,1088,20,14,+36.007,5838780,1:14.862,204.808
25700,1088,825,15,+36.869,5839642,1:15.369,203.431
25701,1088,855,16,+37.320,5840093,1:15.940,201.901
25702,1088,817,17,+37.764,5840537,1:15.577,202.871
25703,1088,849,18,\N,\N,1:16.066,201.567
25704,1088,822,\N,\N,\N,1:16.844,199.526
25705,1088,852,\N,\N,\N,1:17.138,198.765
25706,1089,830,1,1:20:27.511,4827511,1:24.745,246.088
25707,1089,844,2,+2.446,4829957,1:24.336,247.282
25708,1089,847,3,+3.405,4830916,1:25.288,244.522
25709,1089,832,4,+5.061,4832572,1:24.446,246.960
25710,1089,1,5,+5.380,4832891,1:24.434,246.995
25711,1089,815,6,+6.091,4833602,1:24.030,248.182
25712,1089,846,7,+6.207,4833718,1:24.718,246.167
25713,1089,842,8,+6.396,4833907,1:26.718,240.489
25714,1089,856,9,+7.122,4834633,1:26.624,240.750
25715,1089,855,10,+7.910,4835421,1:26.361,241.484
25716,1089,839,11,+8.323,4835834,1:26.593,240.837
25717,1089,854,12,+8.549,4836060,1:25.298,244.493
25718,1089,822,13,\N,\N,1:25.706,243.329
25719,1089,852,14,\N,\N,1:26.857,240.105
25720,1089,849,15,\N,\N,1:26.798,240.268
25721,1089,825,16,\N,\N,1:26.798,240.268
25722,1089,817,\N,\N,\N,1:26.603,240.809
25723,1089,840,\N,\N,\N,1:27.467,238.430
25724,1089,4,\N,\N,\N,1:27.203,239.152
25725,1089,20,\N,\N,\N,1:27.501,238.337
25726,1091,815,1,2:02:20.238,7340238,1:48.165,168.509
25727,1091,844,2,+2.595,7342833,1:48.753,167.598
25728,1091,832,3,+10.305,7350543,1:48.414,168.122
25729,1091,846,4,+21.133,7361371,1:49.212,166.893
25730,1091,817,5,+53.282,7393520,1:51.006,164.196
25731,1091,840,6,+56.330,7396568,1:50.283,165.272
25732,1091,830,7,+58.825,7399063,1:49.142,167.000
25733,1091,20,8,+1:00.032,7400270,1:50.669,164.696
25734,1091,1,9,+1:01.515,7401753,1:50.622,164.766
25735,1091,842,10,+1:09.576,7409814,1:50.569,164.845
25736,1091,822,11,+1:28.844,7429082,1:51.864,162.937
25737,1091,825,12,+1:32.610,7432848,1:52.067,162.641
25738,1091,854,13,\N,\N,1:50.290,165.262
25739,1091,847,14,\N,\N,1:46.458,171.211
25740,1091,852,\N,\N,\N,1:58.716,153.532
25741,1091,839,\N,\N,\N,2:01.105,150.504
25742,1091,848,\N,\N,\N,2:02.121,149.251
25743,1091,4,\N,\N,\N,2:00.463,151.306
25744,1091,849,\N,\N,\N,2:05.585,145.135
25745,1091,855,\N,\N,\N,2:05.556,145.168
25746,1092,830,1,3:01:44.004,10904004,1:44.911,199.266
25747,1092,815,2,+27.066,10931070,1:46.120,196.995
25748,1092,844,3,+31.763,10935767,1:44.489,200.070
25749,1092,839,4,+39.685,10943689,1:46.559,196.184
25750,1092,1,5,+40.326,10944330,1:45.530,198.097
25751,1092,20,6,+46.358,10950362,1:46.964,195.441
25752,1092,4,7,+46.369,10950373,1:44.412,200.218
25753,1092,847,8,+47.661,10951665,1:47.004,195.368
25754,1092,849,9,+1:10.143,10974147,1:48.371,192.904
25755,1092,846,10,+1:10.782,10974786,1:48.175,193.253
25756,1092,817,11,+1:12.877,10976881,1:47.843,193.848
25757,1092,840,12,+1:13.904,10977908,1:45.205,198.709
25758,1092,852,13,+1:15.599,10979603,1:45.893,197.418
25759,1092,825,14,+1:26.016,10990020,1:48.072,193.437
25760,1092,822,15,+1:26.496,10990500,1:47.820,193.889
25761,1092,855,16,+1:27.043,10991047,1:44.411,200.220
25762,1092,854,17,+1:32.523,10996527,1:45.387,198.366
25763,1092,842,18,+1:48.091,11012095,1:46.545,196.210
25764,1092,832,\N,\N,\N,\N,\N
25765,1092,848,\N,\N,\N,\N,\N
25766,1093,830,1,1:42:11.687,6131687,1:39.541,199.383
25767,1093,1,2,+5.023,6136710,1:39.830,198.805
25768,1093,844,3,+7.501,6139188,1:39.731,199.003
25769,1093,815,4,+8.293,6139980,1:39.563,199.339
25770,1093,847,5,+44.815,6176502,1:38.788,200.902
25771,1093,846,6,+53.785,6185472,1:41.322,195.878
25772,1093,4,7,+55.078,6186765,1:41.538,195.461
25773,1093,20,8,+1:05.354,6197041,1:42.546,193.540
25774,1093,825,9,+1:05.834,6197521,1:42.206,194.184
25775,1093,852,10,+1:10.919,6202606,1:41.243,196.031
25776,1093,839,11,+1:12.875,6204562,1:42.394,193.827
25777,1093,855,12,+1:16.164,6207851,1:42.471,193.682
25778,1093,848,13,+1:20.057,6211744,1:41.674,195.200
25779,1093,842,14,+1:21.763,6213450,1:42.320,193.967
25780,1093,854,15,+1:24.490,6216177,1:41.804,194.951
25781,1093,817,16,+1:30.487,6222174,1:42.420,193.778
25782,1093,849,17,+1:43.588,6235275,1:43.485,191.784
25783,1093,840,\N,\N,\N,1:43.080,192.537
25784,1093,822,\N,\N,\N,1:43.391,191.958
25785,1093,832,\N,\N,\N,\N,\N
25786,1094,830,1,1:38:36.729,5916729,1:22.046,188.850
25787,1094,1,2,+15.186,5931915,1:22.062,188.813
25788,1094,815,3,+18.097,5934826,1:21.775,189.476
25789,1094,847,4,+49.431,5966160,1:20.153,193.310
25790,1094,832,5,+58.123,5974852,1:22.199,188.498
25791,1094,844,6,+1:08.774,5985503,1:22.603,187.576
25792,1094,817,7,\N,\N,1:22.022,188.905
25793,1094,839,8,\N,\N,1:23.279,186.054
25794,1094,846,9,\N,\N,1:23.402,185.779
25795,1094,822,10,\N,\N,1:23.363,185.866
25796,1094,842,11,\N,\N,1:22.277,188.319
25797,1094,848,12,\N,\N,1:22.914,186.873
25798,1094,855,13,\N,\N,1:22.260,188.358
25799,1094,20,14,\N,\N,1:23.086,186.486
25800,1094,840,15,\N,\N,1:22.463,187.895
25801,1094,854,16,\N,\N,1:23.641,185.248
25802,1094,825,17,\N,\N,1:23.300,186.007
25803,1094,849,18,\N,\N,1:23.709,185.098
25804,1094,4,19,\N,\N,1:22.866,186.981
25805,1094,852,\N,\N,\N,1:23.403,185.777
25806,1095,847,1,1:38:34.044,5914044,1:13.785,210.237
25807,1095,1,2,+1.529,5915573,1:13.942,209.791
25808,1095,832,3,+4.051,5918095,1:13.953,209.760
25809,1095,844,4,+8.441,5922485,1:14.253,208.912
25810,1095,4,5,+9.561,5923605,1:14.164,209.163
25811,1095,830,6,+10.056,5924100,1:14.195,209.076
25812,1095,815,7,+14.080,5928124,1:14.283,208.828
25813,1095,839,8,+18.690,5932734,1:15.093,206.575
25814,1095,822,9,+22.552,5936596,1:15.511,205.432
25815,1095,840,10,+23.552,5937596,1:14.831,207.299
25816,1095,20,11,+26.183,5940227,1:15.549,205.328
25817,1095,855,12,+29.325,5943369,1:15.802,204.643
25818,1095,854,13,+29.899,5943943,1:15.251,206.142
25819,1095,842,14,+31.867,5945911,1:15.327,205.934
25820,1095,848,15,+36.016,5950060,1:15.613,205.155
25821,1095,849,16,+37.038,5951082,1:15.327,205.934
25822,1095,852,17,\N,\N,1:15.508,205.440
25823,1095,846,\N,\N,\N,1:15.855,204.500
25824,1095,825,\N,\N,\N,\N,\N
25825,1095,817,\N,\N,\N,\N,\N
25826,1096,830,1,1:27:45.914,5265914,1:29.392,212.676
25827,1096,844,2,+8.771,5274685,1:29.719,211.901
25828,1096,815,3,+10.093,5276007,1:28.972,213.680
25829,1096,832,4,+24.892,5290806,1:28.879,213.904
25830,1096,847,5,+35.888,5301802,1:28.836,214.007
25831,1096,846,6,+56.234,5322148,1:28.391,215.085
25832,1096,839,7,+57.240,5323154,1:29.333,212.817
25833,1096,840,8,+1:16.931,5342845,1:29.620,212.135
25834,1096,817,9,+1:23.268,5349182,1:30.785,209.413
25835,1096,20,10,+1:23.898,5349812,1:30.312,210.510
25836,1096,852,11,+1:29.371,5355285,1:29.489,212.446
25837,1096,855,12,\N,\N,1:29.600,212.183
25838,1096,848,13,\N,\N,1:29.939,211.383
25839,1096,842,14,\N,\N,1:31.081,208.732
25840,1096,822,15,\N,\N,1:30.352,210.417
25841,1096,854,16,\N,\N,1:29.833,211.632
25842,1096,825,17,\N,\N,1:31.158,208.556
25843,1096,1,18,\N,\N,1:29.788,211.738
25844,1096,849,19,\N,\N,1:30.309,210.517
25845,1096,4,\N,\N,\N,1:30.579,209.889
25846,1098,830,1,1:33:56.736,5636736,1:36.236,202.452
25847,1098,815,2,+11.987,5648723,1:36.344,202.225
25848,1098,4,3,+38.637,5675373,1:36.156,202.620
25849,1098,832,4,+48.052,5684788,1:37.130,200.588
25850,1098,1,5,+50.977,5687713,1:36.546,201.802
25851,1098,840,6,+54.502,5691238,1:36.546,201.802
25852,1098,847,7,+55.873,5692609,1:37.221,200.401
25853,1098,822,8,+1:12.647,5709383,1:37.379,200.075
25854,1098,842,9,+1:13.753,5710489,1:35.068,204.939
25855,1098,848,10,+1:29.774,5726510,1:37.144,200.559
25856,1098,852,11,+1:30.870,5727606,1:36.637,201.612
25857,1098,858,12,\N,\N,1:36.037,202.871
25858,1098,825,13,\N,\N,1:36.471,201.959
25859,1098,856,14,\N,\N,1:37.709,199.400
25860,1098,807,15,\N,\N,1:36.616,201.656
25861,1098,855,16,\N,\N,1:33.996,207.276
25862,1098,846,17,\N,\N,1:35.822,203.327
25863,1098,839,\N,\N,\N,1:36.797,201.278
25864,1098,844,\N,\N,\N,1:37.170,200.506
25865,1098,857,\N,\N,\N,1:40.691,193.494
25866,1099,815,1,1:21:14.894,4874894,1:32.188,241.098
25867,1099,830,2,+5.355,4880249,1:31.906,241.838
25868,1099,4,3,+20.728,4895622,1:32.240,240.962
25869,1099,847,4,+25.866,4900760,1:32.433,240.459
25870,1099,1,5,+31.065,4905959,1:32.941,239.145
25871,1099,832,6,+35.876,4910770,1:32.822,239.451
25872,1099,844,7,+43.162,4918056,1:33.056,238.849
25873,1099,839,8,+52.832,4927726,1:33.222,238.424
25874,1099,842,9,+54.747,4929641,1:33.392,237.990
25875,1099,825,10,+1:04.826,4939720,1:33.374,238.036
25876,1099,852,11,+1:07.494,4942388,1:33.931,236.624
25877,1099,807,12,+1:10.588,4945482,1:33.780,237.005
25878,1099,855,13,+1:16.060,4950954,1:33.894,236.718
25879,1099,856,14,+1:17.478,4952372,1:33.609,237.438
25880,1099,857,15,+1:25.021,4959915,1:34.287,235.731
25881,1099,858,16,+1:26.293,4961187,1:34.469,235.277
25882,1099,846,17,+1:26.445,4961339,1:34.122,236.144
25883,1099,822,18,\N,\N,1:34.384,235.489
25884,1099,848,\N,\N,\N,1:35.567,232.574
25885,1099,840,\N,\N,\N,1:35.140,233.617
25886,1100,830,1,2:32:38.371,9158371,1:20.342,236.498
25887,1100,1,2,+0.179,9158550,1:20.613,235.703
25888,1100,4,3,+0.769,9159140,1:20.476,236.105
25889,1100,840,4,+3.082,9161453,1:20.934,234.769
25890,1100,815,5,+3.320,9161691,1:20.235,236.814
25891,1100,846,6,+3.701,9162072,1:21.173,234.077
25892,1100,807,7,+4.939,9163310,1:21.124,234.219
25893,1100,857,8,+5.382,9163753,1:21.335,233.611
25894,1100,855,9,+5.713,9164084,1:21.819,232.229
25895,1100,852,10,+6.052,9164423,1:21.789,232.314
25896,1100,822,11,+6.513,9164884,1:22.233,231.060
25897,1100,832,12,+6.594,9164965,1:20.467,236.131
25898,1100,842,13,\N,\N,1:20.995,234.592
25899,1100,839,14,\N,\N,1:21.203,233.991
25900,1100,856,15,\N,\N,1:21.183,234.049
25901,1100,858,16,\N,\N,1:21.456,233.264
25902,1100,825,17,\N,\N,1:21.685,232.610
25903,1100,847,\N,\N,\N,1:22.680,229.811
25904,1100,848,\N,\N,\N,1:23.349,227.966
25905,1100,844,\N,\N,\N,\N,\N
25906,1101,815,1,1:32:42.436,5562436,1:44.589,206.625
25907,1101,830,2,+2.137,5564573,1:44.232,207.333
25908,1101,844,3,+21.217,5583653,1:44.561,206.681
25909,1101,4,4,+22.024,5584460,1:44.241,207.315
25910,1101,832,5,+45.491,5607927,1:45.175,205.474
25911,1101,1,6,+46.145,5608581,1:45.346,205.141
25912,1101,840,7,+51.617,5614053,1:45.627,204.595
25913,1101,847,8,+1:14.240,5636676,1:43.370,209.062
25914,1101,846,9,+1:20.376,5642812,1:45.738,204.380
25915,1101,852,10,+1:23.862,5646298,1:45.727,204.401
25916,1101,857,11,+1:26.501,5648937,1:45.631,204.587
25917,1101,848,12,+1:28.623,5651059,1:45.925,204.019
25918,1101,825,13,+1:29.729,5652165,1:45.850,204.164
25919,1101,842,14,+1:31.332,5653768,1:45.540,204.764
25920,1101,839,15,+1:37.794,5660230,1:45.908,204.052
25921,1101,858,16,+1:40.943,5663379,1:46.501,202.916
25922,1101,807,17,\N,\N,1:46.731,202.479
25923,1101,822,18,\N,\N,1:46.304,203.292
25924,1101,855,\N,\N,\N,1:47.553,200.931
25925,1101,856,\N,\N,\N,1:48.781,198.663
25926,1102,830,1,1:27:38.241,5258241,1:29.708,217.184
25927,1102,815,2,+5.384,5263625,1:30.560,215.141
25928,1102,4,3,+26.305,5284546,1:30.519,215.238
25929,1102,847,4,+33.229,5291470,1:31.015,214.065
25930,1102,832,5,+42.511,5300752,1:31.362,213.252
25931,1102,1,6,+51.249,5309490,1:30.669,214.882
25932,1102,844,7,+52.988,5311229,1:31.434,213.084
25933,1102,842,8,+55.670,5313911,1:31.971,211.840
25934,1102,839,9,+58.123,5316364,1:31.143,213.765
25935,1102,825,10,+1:02.945,5321186,1:31.691,212.487
25936,1102,852,11,+1:04.309,5322550,1:31.038,214.011
25937,1102,840,12,+1:04.754,5322995,1:30.862,214.426
25938,1102,822,13,+1:11.637,5329878,1:31.838,212.147
25939,1102,848,14,+1:12.861,5331102,1:31.852,212.115
25940,1102,807,15,+1:14.950,5333191,1:30.901,214.334
25941,1102,855,16,+1:18.440,5336681,1:31.736,212.383
25942,1102,846,17,+1:27.717,5345958,1:32.401,210.854
25943,1102,856,18,+1:28.949,5347190,1:31.562,212.786
25944,1102,857,19,\N,\N,1:32.006,211.760
25945,1102,858,20,\N,\N,1:32.384,210.893
25946,1104,830,1,1:48:51.980,6531980,1:16.604,156.822
25947,1104,4,2,+27.921,6559901,1:16.674,156.678
25948,1104,839,3,+36.990,6568970,1:16.528,156.977
25949,1104,1,4,+39.062,6571042,1:15.650,158.799
25950,1104,847,5,+56.284,6588264,1:16.798,156.425
25951,1104,844,6,+1:01.890,6593870,1:15.773,158.541
25952,1104,842,7,+1:02.362,6594342,1:15.831,158.420
25953,1104,832,8,+1:03.391,6595371,1:16.449,157.140
25954,1104,846,9,\N,\N,1:17.844,154.324
25955,1104,857,10,\N,\N,1:17.513,154.983
25956,1104,822,11,\N,\N,1:17.824,154.363
25957,1104,856,12,\N,\N,1:17.561,154.887
25958,1104,855,13,\N,\N,1:16.926,156.165
25959,1104,848,14,\N,\N,1:16.672,156.683
25960,1104,852,15,\N,\N,1:17.680,154.649
25961,1104,815,16,\N,\N,1:16.269,157.510
25962,1104,807,17,\N,\N,1:16.991,156.033
25963,1104,858,18,\N,\N,1:17.302,155.406
25964,1104,825,\N,\N,\N,1:18.351,153.325
25965,1104,840,\N,\N,\N,1:17.769,154.472
25966,1105,830,1,1:27:57.940,5277940,1:16.330,219.641
25967,1105,1,2,+24.090,5302030,1:16.676,218.649
25968,1105,847,3,+32.389,5310329,1:17.875,215.283
25969,1105,815,4,+35.812,5313752,1:16.666,218.678
25970,1105,832,5,+45.698,5323638,1:18.403,213.833
25971,1105,840,6,+1:03.320,5341260,1:18.722,212.967
25972,1105,4,7,+1:04.127,5342067,1:18.083,214.709
25973,1105,839,8,+1:09.242,5347182,1:18.946,212.362
25974,1105,855,9,+1:11.878,5349818,1:18.753,212.883
25975,1105,842,10,+1:13.530,5351470,1:18.375,213.910
25976,1105,844,11,+1:14.419,5352359,1:18.357,213.959
25977,1105,852,12,+1:15.416,5353356,1:18.904,212.475
25978,1105,857,13,\N,\N,1:18.679,213.083
25979,1105,856,14,\N,\N,1:18.594,213.313
25980,1105,807,15,\N,\N,1:18.776,212.821
25981,1105,848,16,\N,\N,1:19.133,211.861
25982,1105,846,17,\N,\N,1:17.182,217.216
25983,1105,825,18,\N,\N,1:18.069,214.748
25984,1105,822,19,\N,\N,1:18.242,214.273
25985,1105,858,20,\N,\N,1:19.247,211.556
25986,1106,830,1,1:33:58.348,5638348,1:15.594,207.683
25987,1106,4,2,+9.570,5647918,1:15.779,207.176
25988,1106,1,3,+4.598,5642946,1:15.396,208.228
25989,1106,844,4,+18.648,5656996,1:15.907,206.826
25990,1106,832,5,+21.540,5659888,1:15.911,206.815
25991,1106,815,6,+51.028,5689376,1:14.481,210.786
25992,1106,848,7,+1:00.813,5699161,1:16.917,204.110
25993,1106,839,8,+1:01.692,5700040,1:16.782,204.469
25994,1106,840,9,+1:04.402,5702750,1:16.564,205.051
25995,1106,822,10,+1:04.432,5702780,1:16.625,204.888
25996,1106,857,11,+1:05.101,5703449,1:16.598,204.960
25997,1106,842,12,+1:05.249,5703597,1:16.425,205.424
25998,1106,846,13,+1:08.363,5706711,1:16.374,205.562
25999,1106,852,14,+1:13.423,5711771,1:16.666,204.779
26000,1106,807,15,\N,\N,1:17.232,203.278
26001,1106,855,16,\N,\N,1:17.090,203.652
26002,1106,825,17,\N,\N,1:16.126,206.231
26003,1106,856,18,\N,\N,1:16.656,204.805
26004,1106,847,\N,\N,\N,1:17.097,203.634
26005,1106,858,\N,\N,\N,1:18.437,200.155
26006,1107,830,1,1:25:33.607,5133607,1:07.012,231.970
26007,1107,844,2,+5.155,5138762,1:08.820,225.876
26008,1107,815,3,+17.188,5150795,1:08.111,228.227
26009,1107,846,4,+26.327,5159934,1:08.739,226.142
26010,1107,4,5,+30.317,5163924,1:09.108,224.934
26011,1107,832,6,+31.377,5164984,1:08.880,225.679
26012,1107,847,7,+48.403,5182010,1:09.283,224.366
26013,1107,1,8,+49.196,5182803,1:09.160,224.765
26014,1107,840,9,+59.043,5192650,1:08.463,227.054
26015,1107,842,10,+1:07.667,5201274,1:09.046,225.136
26016,1107,848,11,+1:19.767,5213374,1:09.560,223.473
26017,1107,855,12,\N,\N,1:09.786,222.749
26018,1107,858,13,\N,\N,1:09.611,223.309
26019,1107,839,14,\N,\N,1:09.797,222.714
26020,1107,822,15,\N,\N,1:09.940,222.259
26021,1107,857,16,\N,\N,1:09.862,222.507
26022,1107,856,17,\N,\N,1:09.852,222.539
26023,1107,825,18,\N,\N,1:10.176,221.511
26024,1107,852,19,\N,\N,1:09.620,223.280
26025,1107,807,\N,\N,\N,1:11.066,218.737
26026,1108,830,1,1:25:16.938,5116938,1:30.275,234.922
26027,1108,846,2,+3.798,5120736,1:30.543,234.226
26028,1108,1,3,+6.783,5123721,1:30.545,234.221
26029,1108,857,4,+7.776,5124714,1:30.850,233.435
26030,1108,847,5,+11.206,5128144,1:31.124,232.733
26031,1108,815,6,+12.882,5129820,1:30.914,233.271
26032,1108,4,7,+17.193,5134131,1:31.338,232.188
26033,1108,848,8,+17.878,5134816,1:31.273,232.353
26034,1108,844,9,+18.689,5135627,1:31.255,232.399
26035,1108,832,10,+19.448,5136386,1:31.366,232.116
26036,1108,858,11,+23.632,5140570,1:31.699,231.274
26037,1108,822,12,+25.830,5142768,1:31.852,230.888
26038,1108,807,13,+26.663,5143601,1:31.776,231.080
26039,1108,840,14,+27.483,5144421,1:31.508,231.756
26040,1108,855,15,+29.820,5146758,1:31.769,231.097
26041,1108,852,16,+31.225,5148163,1:32.084,230.307
26042,1108,856,17,+33.128,5150066,1:32.353,229.636
26043,1108,842,18,\N,\N,1:31.539,231.678
26044,1108,825,\N,\N,\N,1:33.356,227.169
26045,1108,839,\N,\N,\N,1:33.941,225.754
26046,1109,830,1,1:38:08.634,5888634,1:20.504,195.910
26047,1109,846,2,+33.731,5922365,1:22.178,191.919
26048,1109,815,3,+37.603,5926237,1:22.295,191.647
26049,1109,1,4,+39.134,5927768,1:21.601,193.277
26050,1109,857,5,+1:02.572,5951206,1:22.736,190.625
26051,1109,847,6,+1:05.825,5954459,1:22.158,191.966
26052,1109,844,7,+1:10.317,5958951,1:22.469,191.242
26053,1109,832,8,+1:11.073,5959707,1:22.584,190.976
26054,1109,4,9,+1:15.709,5964343,1:22.745,190.604
26055,1109,840,10,\N,\N,1:23.425,189.051
26056,1109,848,11,\N,\N,1:24.051,187.643
26057,1109,822,12,\N,\N,1:23.651,188.540
26058,1109,817,13,\N,\N,1:23.934,187.904
26059,1109,807,14,\N,\N,1:23.573,188.716
26060,1109,852,15,\N,\N,1:23.269,189.405
26061,1109,855,16,\N,\N,1:23.743,188.333
26062,1109,825,17,\N,\N,1:23.864,188.061
26063,1109,858,\N,\N,\N,1:23.496,188.890
26064,1109,839,\N,\N,\N,\N,\N
26065,1109,842,\N,\N,\N,\N,\N
26066,1110,830,1,1:22:30.450,4950450,1:48.922,231.490
26067,1110,815,2,+22.305,4972755,1:50.308,228.581
26068,1110,844,3,+32.259,4982709,1:50.436,228.316
26069,1110,1,4,+49.671,5000121,1:47.305,234.978
26070,1110,4,5,+56.184,5006634,1:50.938,227.283
26071,1110,847,6,+1:03.101,5013551,1:50.603,227.972
26072,1110,846,7,+1:13.719,5024169,1:51.682,225.769
26073,1110,839,8,+1:14.719,5025169,1:50.439,228.310
26074,1110,840,9,+1:19.340,5029790,1:51.297,226.550
26075,1110,852,10,+1:20.221,5030671,1:51.394,226.353
26076,1110,842,11,+1:23.084,5033534,1:50.911,227.339
26077,1110,822,12,+1:25.191,5035641,1:50.515,228.153
26078,1110,855,13,+1:35.441,5045891,1:50.188,228.830
26079,1110,848,14,+1:36.184,5046634,1:49.841,229.553
26080,1110,825,15,+1:41.754,5052204,1:50.993,227.171
26081,1110,817,16,+1:43.071,5053521,1:50.994,227.169
26082,1110,858,17,+1:44.476,5054926,1:50.486,228.213
26083,1110,807,18,+1:50.450,5060900,1:49.907,229.415
26084,1110,832,\N,\N,\N,1:53.138,222.864
26085,1110,857,\N,\N,\N,\N,\N
26086,1111,830,1,2:24:04.411,8644411,1:13.889,207.505
26087,1111,4,2,+3.744,8648155,1:13.837,207.651
26088,1111,842,3,+7.058,8651469,1:14.441,205.967
26089,1111,815,4,+10.068,8655093,1:14.231,206.549
26090,1111,832,5,+12.541,8656952,1:14.934,204.612
26091,1111,1,6,+13.209,8657620,1:13.904,207.463
26092,1111,846,7,+13.232,8657643,1:14.390,206.108
26093,1111,848,8,+15.155,8659566,1:14.468,205.892
26094,1111,857,9,+16.580,8660991,1:14.299,206.360
26095,1111,839,10,+18.346,8662757,1:14.570,205.610
26096,1111,840,11,+20.087,8664498,1:15.171,203.966
26097,1111,807,12,+20.840,8665251,1:14.472,205.881
26098,1111,859,13,+26.147,8670558,1:14.820,204.923
26099,1111,822,14,+27.388,8671799,1:14.698,205.258
26100,1111,852,15,+29.893,8682344,1:16.253,201.072
26101,1111,825,16,+31.410,8679515,1:15.489,203.107
26102,1111,847,17,+55.754,8700165,1:15.124,204.094
26103,1111,855,\N,\N,\N,1:15.417,203.301
26104,1111,844,\N,\N,\N,1:17.277,198.408
26105,1111,858,\N,\N,\N,1:17.399,198.095
26106,1112,830,1,1:13:41.143,4421143,1:25.240,244.659
26107,1112,815,2,+6.064,4427207,1:25.522,243.853
26108,1112,832,3,+11.193,4432336,1:25.501,243.912
26109,1112,844,4,+11.377,4432520,1:25.580,243.687
26110,1112,847,5,+23.028,4444171,1:25.847,242.929
26111,1112,1,6,+42.679,4463822,1:25.582,243.682
26112,1112,848,7,+45.106,4466249,1:26.389,241.405
26113,1112,846,8,+45.449,4466592,1:26.144,242.092
26114,1112,4,9,+46.294,4467437,1:26.105,242.201
26115,1112,822,10,+1:04.056,4485199,1:25.988,242.531
26116,1112,859,11,+1:10.638,4491781,1:25.842,242.944
26117,1112,857,12,+1:13.074,4494217,1:25.072,245.142
26118,1112,858,13,+1:18.557,4499700,1:26.840,240.152
26119,1112,855,14,+1:20.164,4501307,1:25.983,242.545
26120,1112,842,15,+1:22.510,4503653,1:25.758,243.181
26121,1112,840,16,+1:27.266,4508409,1:26.617,240.770
26122,1112,807,17,\N,\N,1:25.894,242.796
26123,1112,825,18,\N,\N,1:26.278,241.716
26124,1112,839,\N,\N,\N,1:26.963,239.812
26125,1112,852,\N,\N,\N,\N,\N
26126,1113,832,1,1:46:37.418,6397418,1:37.666,182.089
26127,1113,846,2,+0.812,6398230,1:38.046,181.384
26128,1113,1,3,+1.269,6398687,1:35.867,185.507
26129,1113,844,4,+21.177,6418595,1:38.275,180.961
26130,1113,830,5,+21.441,6418859,1:36.575,184.147
26131,1113,842,6,+38.441,6435859,1:38.277,180.957
26132,1113,857,7,+41.479,6438897,1:38.492,180.562
26133,1113,815,8,+59.534,6456952,1:37.108,183.136
26134,1113,859,9,+1:05.918,6463336,1:39.028,179.585
26135,1113,825,10,+1:12.116,6469534,1:38.107,181.271
26136,1113,848,11,+1:13.417,6470835,1:37.342,182.696
26137,1113,855,12,+1:23.649,6481067,1:39.316,179.064
26138,1113,807,13,+1:26.201,6483619,1:39.923,177.977
26139,1113,858,14,+1:26.889,6484307,1:38.531,180.491
26140,1113,4,15,+1:27.603,6485021,1:36.456,184.374
26141,1113,847,16,\N,\N,1:36.273,184.724
26142,1113,822,\N,\N,\N,1:38.075,181.330
26143,1113,839,\N,\N,\N,1:39.930,177.964
26144,1113,852,\N,\N,\N,\N,\N
26145,1113,840,\N,\N,\N,\N,\N
26146,1114,830,1,1:30:58.421,5458421,1:34.183,221.963
26147,1114,846,2,+19.387,5477808,1:35.247,219.484
26148,1114,857,3,+36.494,5494915,1:36.328,217.021
26149,1114,844,4,+43.998,5502419,1:36.362,216.944
26150,1114,1,5,+49.376,5507797,1:35.611,218.648
26151,1114,832,6,+50.221,5508642,1:36.187,217.339
26152,1114,847,7,+57.659,5516080,1:37.653,214.076
26153,1114,4,8,+1:14.725,5533146,1:37.203,215.067
26154,1114,839,9,+1:19.678,5538099,1:37.398,214.636
26155,1114,842,10,+1:23.155,5541576,1:36.371,216.924
26156,1114,859,11,\N,\N,1:38.267,212.738
26157,1114,852,12,\N,\N,1:37.768,213.824
26158,1114,855,13,\N,\N,1:37.791,213.774
26159,1114,807,14,\N,\N,1:37.250,214.963
26160,1114,825,15,\N,\N,1:37.842,213.662
26161,1114,848,\N,\N,\N,1:39.185,210.769
26162,1114,858,\N,\N,\N,1:38.848,211.488
26163,1114,840,\N,\N,\N,1:39.050,211.057
26164,1114,815,\N,\N,\N,1:39.704,209.672
26165,1114,822,\N,\N,\N,2:02.755,170.300
26166,1115,830,1,1:27:39.168,5259168,1:24.319,231.364
26167,1115,857,2,+4.833,5264001,1:24.921,229.724
26168,1115,846,3,+5.969,5265137,1:24.842,229.938
26169,1115,847,4,+34.119,5293287,1:25.770,227.450
26170,1115,844,5,+38.976,5298144,1:24.992,229.532
26171,1115,4,6,+49.032,5308200,1:26.045,226.723
26172,1115,839,7,+1:02.390,5321558,1:26.450,225.661
26173,1115,822,8,+1:06.563,5325731,1:26.652,225.135
26174,1115,855,9,+1:16.127,5335295,1:26.323,225.993
26175,1115,815,10,+1:20.181,5339349,1:26.220,226.263
26176,1115,840,11,+1:21.652,5340820,1:26.352,225.917
26177,1115,842,12,+1:22.300,5341468,1:26.310,226.027
26178,1115,848,13,+1:31.014,5350182,1:26.666,225.098
26179,1115,825,14,\N,\N,1:27.067,224.061
26180,1115,852,15,\N,\N,1:27.174,223.786
26181,1115,807,16,\N,\N,1:26.489,225.559
26182,1115,859,17,\N,\N,1:27.113,223.943
26183,1115,858,\N,\N,\N,1:27.983,221.729
26184,1115,1,\N,\N,\N,\N,\N
26185,1115,832,\N,\N,\N,\N,\N
26186,1116,830,1,1:35:21.362,5721362,1:40.028,198.412
26187,1116,846,2,+10.730,5732092,1:39.985,198.497
26188,1116,832,3,+15.134,5736496,1:40.034,198.400
26189,1116,815,4,+18.460,5739822,1:39.737,198.991
26190,1116,847,5,+24.999,5746361,1:39.393,199.680
26191,1116,842,6,+47.996,5769358,1:40.412,197.653
26192,1116,840,7,+48.696,5770058,1:39.908,198.650
26193,1116,852,8,+1:14.385,5795747,1:38.139,202.231
26194,1116,848,9,+1:26.714,5808076,1:41.371,195.783
26195,1116,858,10,+1:27.998,5809360,1:41.238,196.041
26196,1116,807,11,+1:29.904,5811266,1:40.925,196.648
26197,1116,822,12,+1:38.601,5819963,1:41.972,194.629
26198,1116,855,13,\N,\N,1:41.879,194.807
26199,1116,825,14,\N,\N,1:41.506,195.523
26200,1116,817,15,\N,\N,1:39.366,199.734
26201,1116,4,\N,\N,\N,1:39.954,198.559
26202,1116,857,\N,\N,\N,1:42.705,193.240
26203,1116,839,\N,\N,\N,1:44.789,189.397
26204,1116,1,\N,\N,\N,1:39.582,199.301
26205,1116,844,\N,\N,\N,\N,\N
26206,1117,830,1,2:02:30.814,7350814,1:21.644,189.780
26207,1117,1,2,+13.875,7364689,1:21.334,190.503
26208,1117,844,3,+23.124,7373938,1:22.332,188.194
26209,1117,832,4,+27.154,7377968,1:22.539,187.722
26210,1117,846,5,+33.266,7384080,1:21.944,189.085
26211,1117,847,6,+41.020,7391834,1:22.780,187.175
26212,1117,817,7,+41.570,7392384,1:22.679,187.404
26213,1117,857,8,+43.104,7393918,1:22.760,187.220
26214,1117,848,9,+48.573,7399387,1:22.773,187.191
26215,1117,839,10,+1:02.879,7413693,1:22.976,186.733
26216,1117,842,11,+1:06.208,7417022,1:23.230,186.163
26217,1117,852,12,+1:18.982,7429796,1:22.501,187.808
26218,1117,807,13,+1:20.309,7431123,1:23.222,186.181
26219,1117,855,14,+1:21.676,7432490,1:23.567,185.412
26220,1117,822,15,+1:25.597,7436411,1:23.166,186.306
26221,1117,858,16,\N,\N,1:23.003,186.672
26222,1117,840,17,\N,\N,1:23.257,186.103
26223,1117,4,\N,\N,\N,1:23.531,185.492
26224,1117,825,\N,\N,\N,1:23.146,186.351
26225,1117,815,\N,\N,\N,\N,\N
26226,1118,830,1,1:56:48.894,7008894,1:13.422,211.277
26227,1118,846,2,+8.277,7017171,1:12.486,214.005
26228,1118,4,3,+34.155,7043049,1:14.442,208.382
26229,1118,815,4,+34.208,7043102,1:14.124,209.276
26230,1118,840,5,+40.845,7049739,1:14.007,209.607
26231,1118,832,6,+50.188,7059082,1:14.406,208.483
26232,1118,842,7,+56.093,7064987,1:14.521,208.161
26233,1118,1,8,+1:02.859,7071753,1:14.739,207.554
26234,1118,852,9,+1:09.880,7078774,1:14.231,208.974
26235,1118,839,10,\N,\N,1:14.206,209.045
26236,1118,858,11,\N,\N,1:15.738,204.816
26237,1118,807,12,\N,\N,1:15.036,206.732
26238,1118,817,13,\N,\N,1:13.866,210.007
26239,1118,857,14,\N,\N,1:14.310,208.752
26240,1118,847,\N,\N,\N,1:14.934,207.014
26241,1118,822,\N,\N,\N,1:15.731,204.835
26242,1118,855,\N,\N,\N,1:16.232,203.489
26243,1118,825,\N,\N,\N,\N,\N
26244,1118,848,\N,\N,\N,\N,\N
26245,1118,844,\N,\N,\N,\N,\N
26246,1119,830,1,1:29:08.289,5348289,1:35.614,233.476
26247,1119,844,2,+2.070,5350359,1:35.669,233.342
26248,1119,815,3,+2.241,5350530,1:35.939,232.685
26249,1119,839,4,+18.665,5366954,1:36.637,231.004
26250,1119,840,5,+20.067,5368356,1:36.584,231.131
26251,1119,832,6,+20.834,5369123,1:35.984,232.576
26252,1119,1,7,+21.755,5370044,1:35.716,233.227
26253,1119,847,8,+23.091,5371380,1:36.071,232.365
26254,1119,4,9,+25.964,5374253,1:36.559,231.191
26255,1119,857,10,+29.496,5377785,1:35.490,233.779
26256,1119,842,11,+34.270,5382559,1:36.913,230.346
26257,1119,848,12,+43.398,5391687,1:37.357,229.296
26258,1119,825,13,+44.825,5393114,1:37.455,229.065
26259,1119,817,14,+48.525,5396814,1:37.108,229.884
26260,1119,855,15,+50.162,5398451,1:37.375,229.253
26261,1119,858,16,+50.882,5399171,1:37.740,228.397
26262,1119,822,17,+1:25.350,5433639,1:37.562,228.814
26263,1119,852,18,\N,\N,1:37.587,228.755
26264,1119,807,19,\N,\N,1:37.565,228.807
26265,1119,846,\N,\N,\N,1:59.327,187.079
26266,1120,830,1,1:27:02.624,5222624,1:26.993,218.541
26267,1120,844,2,+17.993,5240617,1:28.199,215.553
26268,1120,847,3,+20.328,5242952,1:28.187,215.582
26269,1120,815,4,+21.453,5244077,1:27.493,217.292
26270,1120,846,5,+24.284,5246908,1:28.164,215.639
26271,1120,857,6,+31.487,5254111,1:28.138,215.702
26272,1120,4,7,+39.512,5262136,1:28.256,215.414
26273,1120,852,8,+43.088,5265712,1:29.256,213.000
26274,1120,1,9,+44.424,5267048,1:28.372,215.131
26275,1120,840,10,+55.632,5278256,1:28.050,215.918
26276,1120,817,11,+56.229,5278853,1:28.571,214.648
26277,1120,839,12,+1:06.373,5288997,1:30.033,211.162
26278,1120,842,13,+1:10.360,5292984,1:29.016,213.575
26279,1120,848,14,+1:13.184,5295808,1:27.845,216.422
26280,1120,807,15,+1:23.696,5306320,1:29.217,213.093
26281,1120,858,16,+1:27.791,5310415,1:28.580,214.626
26282,1120,855,17,+1:29.422,5312046,1:28.746,214.224
26283,1120,832,18,\N,\N,1:29.452,212.534
26284,1120,822,19,\N,\N,1:29.863,211.562
26285,1120,825,20,\N,\N,1:29.934,211.395
26286,1121,830,1,1:31:44.742,5504742,1:32.608,210.383
26287,1121,815,2,+22.457,5527199,1:34.364,206.468
26288,1121,832,3,+25.110,5529852,1:34.507,206.156
26289,1121,844,4,+39.669,5544411,1:34.090,207.069
26290,1121,847,5,+46.788,5551530,1:35.065,204.946
26291,1121,846,6,+48.458,5553200,1:34.476,206.223
26292,1121,1,7,+50.324,5555066,1:34.722,205.688
26293,1121,857,8,+56.082,5560824,1:34.983,205.123
26294,1121,4,9,+1:14.887,5579629,1:34.199,206.830
26295,1121,840,10,+1:33.216,5597958,1:35.632,203.730
26296,1121,855,11,\N,\N,1:35.458,204.102
26297,1121,825,12,\N,\N,1:35.570,203.863
26298,1121,817,13,\N,\N,1:35.163,204.735
26299,1121,852,14,\N,\N,1:35.833,203.303
26300,1121,848,15,\N,\N,1:35.723,203.537
26301,1121,807,16,\N,\N,1:34.834,205.445
26302,1121,839,17,\N,\N,1:36.226,202.473
26303,1121,842,18,\N,\N,1:34.805,205.508
26304,1121,822,19,\N,\N,1:36.202,202.523
26305,1121,858,20,\N,\N,1:34.735,205.659
26306,1122,830,1,1:20:43.273,4843273,1:31.773,242.188
26307,1122,815,2,+13.6431,4862704,1:32.273,240.876
26308,1122,844,3,+18.639,4861912,1:31.632,242.561
26309,1122,857,4,+32.007,4875280,1:32.310,240.779
26310,1122,4,5,+35.759,4879032,1:32.387,240.579
26311,1122,847,6,+39.936,4883209,1:32.254,240.926
26312,1122,860,7,+42.679,4885952,1:32.186,241.103
26313,1122,846,8,+45.708,4888981,1:31.944,241.738
26314,1122,1,9,+47.391,4890664,1:31.746,242.260
26315,1122,807,10,+1:16.996,4920269,1:32.366,240.633
26316,1122,848,11,+1:28.354,4931627,1:32.307,240.787
26317,1122,825,12,+1:45.7373,4955646,1:32.338,240.706
26318,1122,839,13,\N,\N,1:33.481,237.763
26319,1122,858,14,\N,\N,1:33.523,237.657
26320,1122,852,15,\N,\N,1:33.026,238.926
26321,1122,817,16,\N,\N,1:33.323,238.166
26322,1122,822,17,\N,\N,1:32.706,239.751
26323,1122,855,18,\N,\N,1:32.208,241.046
26324,1122,840,\N,\N,\N,1:35.560,232.591
26325,1122,842,\N,\N,\N,\N,\N
26326,1123,832,1,1:20:26.843,4826843,1:20.031,237.418
26327,1123,844,2,+2.366,4829209,1:19.813,238.066
26328,1123,846,3,+5.904,4832747,1:19.915,237.762
26329,1123,857,4,+35.770,4862613,1:20.199,236.920
26330,1123,815,5,+56.309,4883152,1:20.388,236.363
26331,1123,840,6,+1:33.222,4920065,1:20.930,234.780
26332,1123,852,7,+1:35.601,4922444,1:21.134,234.190
26333,1123,4,8,+1:40.992,4927835,1:20.493,236.055
26334,1123,807,9,+1:44.553,4931396,1:21.145,234.158
26335,1123,825,10,\N,\N,1:21.082,234.340
26336,1123,848,11,\N,\N,1:21.618,232.801
26337,1123,817,12,\N,\N,1:21.239,233.887
26338,1123,842,13,\N,\N,1:21.090,234.317
26339,1123,822,14,\N,\N,1:21.422,233.361
26340,1123,855,15,\N,\N,1:21.327,233.634
26341,1123,839,16,\N,\N,1:21.354,233.557
26342,1123,847,17,\N,\N,1:20.284,236.669
26343,1123,1,\N,\N,\N,1:22.444,230.469
26344,1123,830,\N,\N,\N,1:23.115,228.608
26345,1124,830,1,1:54:23.566,6863566,1:33.706,223.093
26346,1124,815,2,+12.535,6876101,1:33.945,222.525
26347,1124,832,3,+20.866,6884432,1:33.841,222.772
26348,1124,844,4,+26.522,6890088,1:35.044,219.952
26349,1124,846,5,+29.700,6893266,1:35.186,219.624
26350,1124,4,6,+44.272,6907838,1:34.726,220.691
26351,1124,847,7,+45.951,6909517,1:34.404,221.444
26352,1124,857,8,+47.525,6911091,1:34.802,220.514
26353,1124,1,9,+48.626,6912192,1:33.952,222.509
26354,1124,852,10,\N,\N,1:36.342,216.989
26355,1124,807,11,\N,\N,1:35.325,219.304
26356,1124,840,12,\N,\N,1:35.798,218.221
26357,1124,825,13,\N,\N,1:36.654,216.289
26358,1124,822,14,\N,\N,1:36.608,216.392
26359,1124,839,15,\N,\N,1:36.232,217.237
26360,1124,842,16,\N,\N,1:36.642,216.315
26361,1124,858,17,\N,\N,1:34.900,220.286
26362,1124,855,\N,\N,\N,1:37.160,215.162
26363,1124,817,\N,\N,\N,\N,\N
26364,1124,848,\N,\N,\N,\N,\N
26365,1125,830,1,1:40:52.554,6052554,1:38.406,199.414
26366,1125,846,2,+13.773,6066327,1:38.751,198.717
26367,1125,815,3,+19.160,6071714,1:39.388,197.444
26368,1125,844,4,+23.623,6076177,1:39.384,197.452
26369,1125,832,5,+33.983,6086537,1:39.764,196.700
26370,1125,847,6,+38.724,6091278,1:40.112,196.016
26371,1125,4,7,+43.414,6095968,1:37.810,200.629
26372,1125,857,8,+56.198,6108752,1:39.739,196.749
26373,1125,1,9,+57.986,6110540,1:40.835,194.610
26374,1125,807,10,+1:00.476,6113030,1:40.815,194.649
26375,1125,839,11,+1:02.812,6115366,1:40.937,194.414
26376,1125,848,12,+1:05.506,6118060,1:40.790,194.697
26377,1125,842,13,+1:09.223,6121777,1:39.198,197.822
26378,1125,855,14,+1:11.689,6124243,1:38.633,198.955
26379,1125,840,15,+1:22.786,6135340,1:39.444,197.333
26380,1125,825,16,+1:27.533,6140087,1:41.077,194.145
26381,1125,858,17,+1:35.110,6147664,1:41.000,194.293
26382,1125,817,\N,\N,\N,1:40.994,194.304
26383,1125,852,\N,\N,\N,1:41.593,193.158
26384,1125,822,\N,\N,\N,1:41.276,193.763
26385,1126,846,1,1:30:49.876,5449876,1:30.980,214.148
26386,1126,830,2,+7.612,5457488,1:31.261,213.488
26387,1126,844,3,+9.920,5459796,1:31.084,213.903
26388,1126,815,4,+14.650,5464526,1:30.855,214.442
26389,1126,832,5,+16.407,5466283,1:30.928,214.270
26390,1126,1,6,+16.585,5466461,1:31.233,213.554
26391,1126,852,7,+26.185,5476061,1:31.682,212.508
26392,1126,847,8,+34.789,5484665,1:31.921,211.955
26393,1126,4,9,+37.107,5486983,1:31.727,212.404
26394,1126,839,10,+39.746,5489622,1:32.037,211.688
26395,1126,807,11,+40.789,5490665,1:31.941,211.909
26396,1126,842,12,+44.958,5494834,1:32.055,211.647
26397,1126,857,13,+49.756,5499632,1:30.634,214.965
26398,1126,855,14,+49.979,5499855,1:31.991,211.794
26399,1126,817,15,+50.956,5500832,1:32.122,211.493
26400,1126,822,16,+52.356,5502232,1:32.098,211.548
26401,1126,840,17,+55.173,5505049,1:31.588,212.726
26402,1126,848,18,+1:16.091,5525967,1:30.849,214.456
26403,1126,825,19,+1:24.683,5534559,1:31.774,212.295
26404,1126,858,\N,\N,\N,1:33.452,208.483
26405,1127,830,1,1:25:25.252,5125252,1:20.366,219.898
26406,1127,846,2,+0.725,5125977,1:19.994,220.921
26407,1127,844,3,+7.916,5133168,1:19.935,221.084
26408,1127,857,4,+14.132,5139384,1:19.907,221.162
26409,1127,832,5,+22.325,5147577,1:20.220,220.299
26410,1127,1,6,+35.104,5160356,1:20.331,219.994
26411,1127,847,7,+47.154,5172406,1:18.589,224.871
26412,1127,815,8,+54.776,5180028,1:19.686,221.775
26413,1127,840,9,+1:19.556,5204808,1:20.570,219.342
26414,1127,852,10,\N,\N,1:20.936,218.350
26415,1127,807,11,\N,\N,1:21.700,216.308
26416,1127,825,12,\N,\N,1:21.009,218.153
26417,1127,817,13,\N,\N,1:21.569,216.655
26418,1127,839,14,\N,\N,1:21.304,217.361
26419,1127,855,15,\N,\N,1:21.016,218.134
26420,1127,842,16,\N,\N,1:21.371,217.183
26421,1127,858,17,\N,\N,1:21.229,217.562
26422,1127,822,18,\N,\N,1:21.455,216.959
26423,1127,4,19,\N,\N,1:19.004,223.689
26424,1127,848,\N,\N,\N,1:21.274,217.442
26425,1128,844,1,2:23:15.554,8595554,\N,\N
26426,1128,857,2,+7.152,8602706,\N,\N
26427,1128,832,3,+7.585,8603139,\N,\N
26428,1128,846,4,+8.650,8604204,\N,\N
26429,1128,847,5,+13.309,8608863,\N,\N
26430,1128,830,6,+13.853,8609407,\N,\N
26431,1128,1,7,+14.908,8610462,\N,\N
26432,1128,852,8,\N,\N,\N,\N
26433,1128,848,9,\N,\N,\N,\N
26434,1128,842,10,\N,\N,\N,\N
26435,1128,4,11,\N,\N,\N,\N
26436,1128,817,12,\N,\N,\N,\N
26437,1128,822,13,\N,\N,\N,\N
26438,1128,840,14,\N,\N,\N,\N
26439,1128,858,15,\N,\N,\N,\N
26440,1128,855,16,\N,\N,\N,\N
26441,1128,839,\N,\N,\N,\N,\N
26442,1128,815,\N,\N,\N,\N,\N
26443,1128,807,\N,\N,\N,\N,\N
26444,1128,825,\N,\N,\N,\N,\N
26445,1129,830,1,1:45:47.927,6347927,1:15.569,207.751
26446,1129,846,2,+3.879,6351806,1:15.558,207.782
26447,1129,847,3,+4.317,6352244,1:14.895,209.621
26448,1129,1,4,+4.915,6352842,1:14.856,209.730
26449,1129,857,5,+10.199,6358126,1:16.247,205.904
26450,1129,4,6,+17.510,6365437,1:16.303,205.753
26451,1129,840,7,+23.625,6371552,1:16.762,204.523
26452,1129,817,8,+28.672,6376599,1:17.076,203.689
26453,1129,842,9,+30.021,6377948,1:17.013,203.856
26454,1129,839,10,+30.313,6378240,1:17.012,203.859
26455,1129,807,11,+30.824,6378751,1:16.683,204.733
26456,1129,825,12,+31.253,6379180,1:16.499,205.226
26457,1129,822,13,+40.487,6388414,1:17.250,203.231
26458,1129,852,14,+52.694,6400621,1:17.309,203.075
26459,1129,855,15,\N,\N,1:17.325,203.033
26460,1129,832,\N,\N,\N,1:18.957,198.837
26461,1129,848,\N,\N,\N,1:19.359,197.830
26462,1129,815,\N,\N,\N,1:18.819,199.185
26463,1129,844,\N,\N,\N,1:26.012,182.528
26464,1129,858,\N,\N,\N,1:26.484,181.531
26465,1130,830,1,1:28:20.227,5300227,1:17.776,215.557
26466,1130,846,2,+2.219,5302446,1:17.115,217.405
26467,1130,1,3,+17.790,5318017,1:17.809,215.466
26468,1130,847,4,+22.320,5322547,1:18.290,214.142
26469,1130,844,5,+22.709,5322936,1:17.897,215.222
26470,1130,832,6,+31.028,5331255,1:18.539,213.463
26471,1130,857,7,+33.760,5333987,1:17.874,215.286
26472,1130,815,8,+59.524,5359751,1:17.785,215.532
26473,1130,842,9,+1:02.025,5362252,1:19.045,212.096
26474,1130,839,10,+1:11.889,5372116,1:18.982,212.266
26475,1130,807,11,+1:19.215,5379442,1:18.609,213.273
26476,1130,4,12,\N,\N,1:18.334,214.022
26477,1130,855,13,\N,\N,1:18.771,212.834
26478,1130,840,14,\N,\N,1:19.318,211.366
26479,1130,817,15,\N,\N,1:19.450,211.015
26480,1130,822,16,\N,\N,1:19.608,210.596
26481,1130,825,17,\N,\N,1:19.805,210.077
26482,1130,848,18,\N,\N,1:19.132,211.863
26483,1130,852,19,\N,\N,1:19.447,211.023
26484,1130,858,20,\N,\N,1:20.172,209.115
26485,1131,847,1,1:24:22.798,5062798,1:09.164,224.752
26486,1131,857,2,+1.906,5064704,1:08.697,226.280
26487,1131,832,3,+4.533,5067331,1:09.282,224.369
26488,1131,1,4,+23.142,5085940,1:09.562,223.466
26489,1131,830,5,+37.253,5100051,1:07.719,229.548
26490,1131,807,6,+54.088,5116886,1:10.215,221.388
26491,1131,815,7,+54.672,5117470,1:09.694,223.043
26492,1131,825,8,+1:00.355,5123153,1:10.125,221.672
26493,1131,817,9,+1:01.169,5123967,1:10.426,220.725
26494,1131,842,10,+1:01.766,5124564,1:09.609,223.315
26495,1131,844,11,+1:07.056,5129854,1:09.584,223.396
26496,1131,839,12,+1:08.325,5131123,1:09.649,223.187
26497,1131,840,13,\N,\N,1:10.143,221.615
26498,1131,852,14,\N,\N,1:10.318,221.064
26499,1131,848,15,\N,\N,1:10.364,220.919
26500,1131,822,16,\N,\N,1:10.449,220.653
26501,1131,855,17,\N,\N,1:10.470,220.587
26502,1131,4,18,\N,\N,1:07.694,229.633
26503,1131,858,19,\N,\N,1:10.406,220.788
26504,1131,846,20,\N,\N,1:08.016,228.546
26505,1132,1,1,1:22:27.059,4947059,1:29.438,237.120
26506,1132,830,2,+1.465,4948524,1:28.952,238.416
26507,1132,846,3,+7.547,4954606,1:29.262,237.588
26508,1132,857,4,+12.429,4959488,1:28.748,238.964
26509,1132,832,5,+47.318,4994377,1:28.293,240.195
26510,1132,807,6,+55.722,5002781,1:29.836,236.070
26511,1132,840,7,+56.569,5003628,1:29.897,235.909
26512,1132,4,8,+1:03.577,5010636,1:29.710,236.401
26513,1132,848,9,+1:08.387,5015446,1:29.718,236.380
26514,1132,852,10,+1:19.303,5026362,1:30.229,235.041
26515,1132,858,11,+1:28.960,5036019,1:29.972,235.713
26516,1132,825,12,+1:30.153,5037212,1:30.093,235.396
26517,1132,817,13,\N,\N,1:30.735,233.731
26518,1132,844,14,\N,\N,1:29.748,236.301
26519,1132,822,15,\N,\N,1:31.277,232.343
26520,1132,839,16,\N,\N,1:30.875,233.371
26521,1132,815,17,\N,\N,1:29.707,236.409
26522,1132,855,18,\N,\N,1:31.014,233.014
26523,1132,847,\N,\N,\N,1:31.298,232.289
26524,1132,842,\N,\N,\N,\N,\N
26525,1133,857,1,1:38:01.989,5881989,1:21.716,193.005
26526,1133,846,2,+2.141,5884130,1:21.712,193.014
26527,1133,1,3,+14.880,5896869,1:22.153,191.978
26528,1133,844,4,+19.686,5901675,1:22.182,191.910
26529,1133,830,5,+21.349,5903338,1:20.908,194.932
26530,1133,832,6,+23.073,5905062,1:21.441,193.656
26531,1133,815,7,+39.792,5921781,1:21.096,194.480
26532,1133,847,8,+42.368,5924357,1:20.305,196.396
26533,1133,852,9,+1:17.259,5959248,1:23.533,188.806
26534,1133,840,10,+1:17.976,5959965,1:22.338,191.547
26535,1133,4,11,+1:22.460,5964449,1:23.063,189.875
26536,1133,817,12,\N,\N,1:22.640,190.847
26537,1133,807,13,\N,\N,1:23.461,188.969
26538,1133,848,14,\N,\N,1:23.930,187.913
26539,1133,825,15,\N,\N,1:23.553,188.761
26540,1133,822,16,\N,\N,1:22.792,190.496
26541,1133,858,17,\N,\N,1:20.561,195.772
26542,1133,839,18,\N,\N,1:21.610,193.255
26543,1133,855,19,\N,\N,1:23.487,188.910
26544,1133,842,\N,\N,\N,1:23.340,189.244
26545,1134,1,1,+0.526,526,1:46.653,236.415
26546,1134,857,2,+1.173,1699,1:45.840,238.231
26547,1134,844,3,+8.549,9075,1:47.013,235.619
26548,1134,830,4,+9.226,9752,1:46.128,237.584
26549,1134,846,5,+9.850,10376,1:45.563,238.856
26550,1134,832,6,+19.795,20321,1:46.364,237.057
26551,1134,815,7,+43.195,43721,1:44.701,240.822
26552,1134,4,8,+49.963,50489,1:48.051,233.356
26553,1134,839,9,+52.552,53078,1:46.957,235.743
26554,1134,817,10,+54.926,55452,1:47.435,234.694
26555,1134,840,11,+1:03.011,63537,1:48.105,233.239
26556,1134,848,12,+1:03.651,64177,1:47.996,233.475
26557,1134,842,13,+1:04.365,64891,1:47.418,234.731
26558,1134,825,14,+1:06.631,67157,1:47.848,233.795
26559,1134,822,15,+1:10.638,71164,1:47.019,235.606
26560,1134,852,16,+1:16.737,77263,1:47.969,233.533
26561,1134,858,17,+1:26.057,86583,1:47.490,234.574
26562,1134,807,18,+1:28.833,89359,1:48.954,231.422
26563,1134,855,\N,\N,\N,1:52.099,224.929
26564,1134,847,\N,1:19:57.040,4797566,1:47.113,235.399
26565,1135,846,1,1:30:45.519,5445519,1:13.817,207.708
26566,1135,830,2,+22.896,5468415,1:14.752,205.110
26567,1135,844,3,+25.439,5470958,1:14.585,205.569
26568,1135,857,4,+27.337,5472856,1:14.237,206.533
26569,1135,832,5,+32.137,5477656,1:14.117,206.867
26570,1135,815,6,+39.542,5485061,1:14.587,205.563
26571,1135,847,7,+44.617,5490136,1:13.927,207.399
26572,1135,1,8,+49.599,5495118,1:13.878,207.536
26573,1135,842,9,\N,\N,1:14.855,204.828
26574,1135,4,10,\N,\N,1:14.758,205.093
26575,1135,807,11,\N,\N,1:15.657,202.656
26576,1135,817,12,\N,\N,1:15.222,203.828
26577,1135,840,13,\N,\N,1:15.255,203.739
26578,1135,848,14,\N,\N,1:14.434,205.986
26579,1135,839,15,\N,\N,1:15.390,203.374
26580,1135,858,16,\N,\N,1:15.539,202.973
26581,1135,852,17,\N,\N,1:15.552,202.938
26582,1135,825,18,\N,\N,1:14.954,204.557
26583,1135,822,19,\N,\N,1:15.822,202.215
26584,1135,855,20,\N,\N,1:15.724,202.477
26585,1136,844,1,1:14:40.727,4480727,1:23.226,250.580
26586,1136,857,2,+2.664,4483391,1:21.943,254.503
26587,1136,846,3,+6.153,4486880,1:21.432,256.100
26588,1136,832,4,+15.621,4496348,1:23.219,250.601
26589,1136,1,5,+22.820,4503547,1:21.512,255.849
26590,1136,830,6,+37.932,4518659,1:21.745,255.120
26591,1136,847,7,+39.715,4520442,1:22.036,254.215
26592,1136,815,8,+54.148,4534875,1:22.971,251.350
26593,1136,848,9,+1:07.456,4548183,1:23.918,248.514
26594,1136,825,10,+1:08.302,4549029,1:23.437,249.946
26595,1136,4,11,+1:08.495,4549222,1:22.944,251.432
26596,1136,861,12,+1:21.308,4562035,1:23.728,249.077
26597,1136,817,13,+1:33.452,4574179,1:24.219,247.625
26598,1136,839,14,\N,\N,1:24.343,247.261
26599,1136,842,15,\N,\N,1:23.755,248.997
26600,1136,822,16,\N,\N,1:23.609,249.432
26601,1136,807,17,\N,\N,1:23.275,250.432
26602,1136,855,18,\N,\N,1:25.092,245.085
26603,1136,840,19,\N,\N,1:22.232,253.609
26604,1136,852,\N,\N,\N,1:26.198,241.940
26605,1137,857,1,1:32:58.007,5578007,1:47.060,201.856
26606,1137,844,2,+10.910,5588917,1:47.067,201.843
26607,1137,847,3,+31.328,5609335,1:46.628,202.674
26608,1137,846,4,+36.143,5614150,1:45.255,205.318
26609,1137,830,5,+1:17.098,5655105,1:46.798,202.352
26610,1137,4,6,+1:25.468,5663475,1:47.057,201.862
26611,1137,848,7,+1:27.396,5665403,1:46.947,202.070
26612,1137,861,8,+1:29.541,5667548,1:47.274,201.454
26613,1137,1,9,+1:32.401,5670408,1:47.236,201.525
26614,1137,860,10,+1:33.127,5671134,1:47.048,201.879
26615,1137,807,11,+1:33.465,5671472,1:47.691,200.674
26616,1137,842,12,+1:57.189,5695196,1:48.018,200.066
26617,1137,817,13,+2:26.907,5724914,1:48.380,199.398
26618,1137,855,14,+2:28.841,5726848,1:47.644,200.761
26619,1137,839,15,\N,\N,1:48.831,198.572
26620,1137,822,16,\N,\N,1:48.418,199.328
26621,1137,815,17,\N,\N,1:47.013,201.945
26622,1137,832,18,\N,\N,1:46.866,202.223
26623,1137,840,19,\N,\N,1:48.148,199.826
26624,1137,852,\N,\N,\N,1:50.887,194.890
26625,1138,846,1,1:40:52.571,6052571,1:34.925,187.347
26626,1138,830,2,+20.945,6073516,1:35.967,185.313
26627,1138,857,3,+41.823,6094394,1:35.745,185.743
26628,1138,847,4,+1:01.040,6113611,1:37.047,183.251
26629,1138,844,5,+1:02.430,6115001,1:35.371,186.471
26630,1138,1,6,+1:25.248,6137819,1:37.393,182.600
26631,1138,832,7,+1:36.039,6148610,1:36.561,184.173
26632,1138,4,8,\N,\N,1:37.741,181.950
26633,1138,807,9,\N,\N,1:37.470,182.456
26634,1138,815,10,\N,\N,1:37.477,182.443
26635,1138,861,11,\N,\N,1:37.262,182.846
26636,1138,852,12,\N,\N,1:36.393,184.494
26637,1138,839,13,\N,\N,1:37.964,181.536
26638,1138,840,14,\N,\N,1:37.851,181.745
26639,1138,855,15,\N,\N,1:37.461,182.472
26640,1138,822,16,\N,\N,1:37.524,182.355
26641,1138,842,17,\N,\N,1:36.927,183.478
26642,1138,817,18,\N,\N,1:34.486,188.218
26643,1138,825,19,\N,\N,1:37.425,182.540
26644,1138,848,\N,\N,\N,1:36.888,183.552
26645,1139,844,1,1:35:09.639,5709639,1:37.834,202.861
26646,1139,832,2,+8.562,5718201,1:37.763,203.009
26647,1139,830,3,+19.412,5729051,1:38.117,202.276
26648,1139,846,4,+20.354,5729993,1:37.679,203.183
26649,1139,857,5,+21.921,5731560,1:37.883,202.760
26650,1139,847,6,+56.295,5765934,1:37.656,203.231
26651,1139,815,7,+59.072,5768711,1:38.514,201.461
26652,1139,807,8,+1:02.957,5772596,1:38.404,201.686
26653,1139,859,9,+1:10.563,5780202,1:38.091,202.330
26654,1139,861,10,+1:11.979,5781618,1:37.611,203.325
26655,1139,825,11,+1:19.782,5789421,1:38.210,202.085
26656,1139,842,12,+1:30.558,5800197,1:38.311,201.877
26657,1139,4,13,\N,\N,1:39.261,199.945
26658,1139,852,14,\N,\N,1:39.193,200.082
26659,1139,840,15,\N,\N,1:39.214,200.040
26660,1139,848,16,\N,\N,1:39.084,200.302
26661,1139,822,17,\N,\N,1:40.575,197.333
26662,1139,839,18,\N,\N,1:37.330,203.912
26663,1139,855,19,\N,\N,1:39.272,199.923
26664,1139,1,\N,\N,\N,\N,\N
26665,1140,832,1,1:40:55.800,6055800,1:20.137,193.348
26666,1140,846,2,+4.705,6060505,1:19.691,194.430
26667,1140,844,3,+34.387,6090187,1:18.336,197.794
26668,1140,1,4,+44.780,6100580,1:20.371,192.785
26669,1140,847,5,+48.536,6104336,1:20.731,191.926
26670,1140,830,6,+59.558,6115358,1:20.872,191.591
26671,1140,825,7,+1:03.642,6119442,1:20.637,192.150
26672,1140,857,8,+1:04.928,6120728,1:20.064,193.525
26673,1140,807,9,\N,\N,1:20.748,191.885
26674,1140,842,10,\N,\N,1:21.274,190.643
26675,1140,840,11,\N,\N,1:21.311,190.557
26676,1140,861,12,\N,\N,1:20.090,193.462
26677,1140,839,13,\N,\N,1:20.659,192.097
26678,1140,822,14,\N,\N,1:21.085,191.088
26679,1140,855,15,\N,\N,1:21.553,189.991
26680,1140,859,16,\N,\N,1:19.502,194.893
26681,1140,815,17,\N,\N,1:19.209,195.614
26682,1140,4,\N,\N,\N,1:22.722,187.306
26683,1140,848,\N,\N,\N,\N,\N
26684,1140,852,\N,\N,\N,\N,\N
26685,1141,830,1,2:06:54.430,7614430,1:20.472,192.767
26686,1141,839,2,+19.477,7633907,1:21.771,189.705
26687,1141,842,3,+22.532,7636962,1:21.645,189.998
26688,1141,847,4,+23.265,7637695,1:21.645,189.998
26689,1141,844,5,+30.177,7644607,1:21.631,190.030
26690,1141,846,6,+31.372,7645802,1:21.517,190.296
26691,1141,852,7,+42.056,7656486,1:21.828,189.573
26692,1141,857,8,+44.943,7659373,1:21.532,190.261
26693,1141,859,9,+50.452,7664882,1:22.123,188.892
26694,1141,1,10,+50.753,7665183,1:22.041,189.081
26695,1141,815,11,+51.531,7665961,1:22.143,188.846
26696,1141,860,12,+57.085,7671515,1:22.494,188.042
26697,1141,822,13,+1:03.588,7678018,1:22.877,187.173
26698,1141,4,14,+1:18.049,7692479,1:22.293,188.502
26699,1141,855,15,+1:19.649,7694079,1:23.058,186.765
26700,1141,832,\N,\N,\N,1:24.201,184.230
26701,1141,861,\N,\N,\N,1:24.296,184.022
26702,1141,848,\N,\N,\N,\N,\N
26703,1141,840,\N,\N,\N,\N,\N
26704,1141,807,\N,\N,\N,1:23.764,185.191
26705,1142,847,1,1:22:05.969,4925969,1:35.717,233.225
26706,1142,1,2,+7.313,4933282,1:35.480,233.803
26707,1142,832,3,+11.906,4937875,1:35.875,232.840
26708,1142,844,4,+14.283,4940252,1:35.674,233.329
26709,1142,830,5,+16.582,4942551,1:36.248,231.938
26710,1142,846,6,+43.385,4969354,1:34.876,235.292
26711,1142,857,7,+51.365,4977334,1:36.598,231.097
26712,1142,807,8,+59.808,4985777,1:36.585,231.129
26713,1142,852,9,+1:02.808,4988777,1:36.957,230.242
26714,1142,815,10,+1:03.114,4989083,1:36.326,231.750
26715,1142,4,11,+1:09.195,4995164,1:36.553,231.205
26716,1142,825,12,+1:09.803,4995772,1:36.557,231.196
26717,1142,855,13,+1:14.085,5000054,1:36.324,231.755
26718,1142,861,14,+1:15.172,5001141,1:36.867,230.456
26719,1142,840,15,+1:24.102,5010071,1:37.179,229.716
26720,1142,859,16,+1:31.005,5016974,1:36.980,230.187
26721,1142,839,17,\N,\N,1:36.511,231.306
26722,1142,822,18,\N,\N,1:36.601,231.090
26723,1142,848,\N,\N,\N,1:38.008,227.773
26724,1142,842,\N,\N,\N,1:38.314,227.064
26725,1143,830,1,1:31:05.323,5465323,1:22.905,235.310
26726,1143,844,2,+6.031,5471354,1:23.242,234.357
26727,1143,857,3,+6.819,5472142,1:23.218,234.425
26728,1143,847,4,+14.104,5479427,1:23.355,234.039
26729,1143,842,5,+16.782,5482105,1:23.705,233.061
26730,1143,832,6,+17.476,5482799,1:23.465,233.731
26731,1143,4,7,+19.867,5485190,1:23.667,233.167
26732,1143,855,8,+25.360,5490683,1:23.889,232.550
26733,1143,825,9,+32.177,5497500,1:24.259,231.528
26734,1143,846,10,+35.762,5501085,1:22.384,236.798
26735,1143,822,11,+50.243,5515566,1:25.533,228.080
26736,1143,1,12,+56.122,5521445,1:23.865,232.616
26737,1143,852,13,+1:01.100,5526423,1:26.144,226.462
26738,1143,859,14,+1:02.656,5527979,1:26.076,226.641
26739,1143,848,15,\N,\N,1:25.559,228.011
26740,1143,807,\N,\N,\N,1:25.767,227.458
26741,1143,815,\N,\N,\N,1:25.288,228.735
26742,1143,840,\N,\N,\N,1:30.935,214.531
26743,1143,861,\N,\N,\N,\N,\N
26744,1143,839,\N,\N,\N,\N,\N
26745,1144,846,1,1:26:33.291,5193291,1:27.438,217.429
26746,1144,832,2,+5.832,5199123,1:27.765,216.619
26747,1144,844,3,+31.928,5225219,1:28.018,215.996
26748,1144,1,4,+36.483,5229774,1:27.278,217.828
26749,1144,847,5,+37.538,5230829,1:28.195,215.563
26750,1144,830,6,+49.847,5243138,1:27.765,216.619
26751,1144,842,7,+1:12.560,5265851,1:29.251,213.012
26752,1144,807,8,+1:15.554,5268845,1:29.152,213.249
26753,1144,4,9,+1:22.373,5275664,1:27.948,216.168
26754,1144,857,10,+1:23.821,5277112,1:27.690,216.804
26755,1144,848,11,\N,\N,1:29.438,212.567
26756,1144,852,12,\N,\N,1:29.200,213.134
26757,1144,855,13,\N,\N,1:27.982,216.085
26758,1144,840,14,\N,\N,1:28.604,214.568
26759,1144,862,15,\N,\N,1:29.121,213.323
26760,1144,825,16,\N,\N,1:25.637,222.002
26761,1144,859,17,\N,\N,1:28.751,214.212
26762,1144,822,\N,\N,\N,1:29.482,212.462
26763,1144,861,\N,\N,\N,1:29.411,212.631
26764,1144,815,\N,\N,\N,\N,\N
